tree
version=v4
num_class=1
num_tree_per_iteration=1
label_index=0
max_feature_idx=10
objective=binary sigmoid:1
feature_names=Column_0 Column_1 Column_2 Column_3 Column_4 Column_5 Column_6 Column_7 Column_8 Column_9 Column_10
feature_infos=[6.8911754169675987e-07:0.99994552135467529] [5.0125072448281571e-07:0.99984568357467651] [2.7765143386204727e-05:1.9998024702072144] none [64:203] [59.090908050537109:100] [0:1] [0:54] none [1:8] none
tree_sizes=855 902 901 904 900 902 902 900 899 899 896 903 899 904 898 900 902 887 903 891 903 893 905 904 895 905 901 902 896 903 898 798 905 904 898 889 802 799 894 799 896 800 998 896 994 993 802 795 794 895 794 990 796 793 796 801 890 903 899 905 901 902 905 1000 903 1006 902 905 795 903 903 795 796 897 1009 898 895 895 895 898 792 901 900 799 904 900 788 905 905 902 907 894 803 902 993 902 899 904 1010 905 906 901 901 1011 900 896 899 899 907 904 904 798 904 1008 799 693 900 1010 896 905 1016 1012 793 1013 895 897 1013 895 906 904 1010 903 908 1005 997 909 905 790 907 904 792 906 1010 903 903 1012 903 902 900 998 1010 1020 908 903 794 795 908 912 903 906 904 797 905 903 899 905 903 900 1011 905 912 908 1001 911 1017 797 906 1012 799 903 902 905 792 1015 904 796 908 907 903 1013 915 1014 908 907 907 905 901 902 913 905 795 904 905 1007 905 899 797 907 912 906 908 914 908 1018 906 904 908 1012 902 907 901 900 903 907 902 906 905 1013 907 910 912 906 914 907 905 909 900 908 899 905 905 908 905 915 894 1011 913 911 897 896 922 908 1014 797 892 794 798 900 1015 1012 897 798 913 1010 813 908 809 1016 909 919 907 909 811 903 911 920 914 808 916 904 894 792 785 901 787 893 900 809 788 906 912 898 914 795 911 907 1014 915 810 1012 917 903 900 901 898 913 1013 905 913 903 896 905 890 907 803 1010 809 910 1117 900 902 797 914 906 906 910 1013 903 1013 1014 790 1011 907 810 901 1019 896 1014 910 798 803 896 913 907 1016 903 924 799 1000 800 1006 799 1010 904 794 796 1013 811 912 1014 812 914 1012 908 907 908 904 1017 902 915 903 911 906 916 1112 907 917 906 902 903 909 914 906 915 913 1115 907 904 910 911 908 786 910 911 907 913 899 917 905 899

Tree=0
num_leaves=7
num_cat=0
split_feature=0 1 1 5 2 2
split_gain=11.4616 8.25238 5.13828 4.06447 2.80034 1.88201
threshold=0.0018497732817195358 2.5928908144123856e-05 1.7004962842293028e-06 92.450141906738295 9.5232720923377215e-05 6.0394006140995777e-05
decision_type=2 2 2 2 2 2
left_child=1 2 -1 5 -5 -4
right_child=-2 -3 3 4 -6 -7
leaf_value=2.8656895083784675 2.9037788904691868 2.8511167234406392 2.8853485442962583 2.8665704872839672 2.886326295288995 2.9026472157062146
leaf_weight=16.540042906999588 16.540042906999588 10.205558389425276 10.909390002489092 12.317053228616716 13.573895394802092 11.764042675495146
leaf_count=329 329 203 217 245 270 234
internal_value=2.88117 2.8762 2.88013 2.88505 2.87693 2.89432
internal_weight=91.85 75.31 65.1044 48.5644 25.8909 22.6734
internal_count=1827 1498 1295 966 515 451
is_linear=0
shrinkage=1


Tree=1
num_leaves=7
num_cat=0
split_feature=0 1 1 1 2 4
split_gain=10.9818 5.97182 4.67888 4.19239 4.396 4.53092
threshold=0.010586016345769169 3.1737812605570077e-05 1.7004962842293028e-06 2.9501569542844668e-06 7.2721406468190266e-05 137.50000000000003
decision_type=2 2 2 2 2 2
left_child=1 2 -1 -4 -5 -6
right_child=-2 -3 3 4 5 -7
leaf_value=-0.014396913805007064 0.026673587114264225 -0.024288770118450535 0.017356520456938151 -0.018372703548873239 0.017643165284139072 -0.0070611329053442704
leaf_weight=16.918026190251112 12.070292141288517 11.249224841594694 14.661289505660532 10.189374893903731 12.832809872925283 13.939573183655737
leaf_count=332 245 220 292 203 257 278
internal_value=4.4154e-06 -0.00402997 -0.000705016 0.00378212 -0.00160231 0.00478038
internal_weight=91.8606 79.7903 68.5411 51.623 36.9618 26.7724
internal_count=1827 1582 1362 1030 738 535
is_linear=0
shrinkage=0.03


Tree=2
num_leaves=7
num_cat=0
split_feature=0 1 1 5 2 2
split_gain=10.5889 7.04275 4.45974 3.85747 2.59618 1.84307
threshold=0.0018497732817195358 2.5928908144123856e-05 1.7004962842293028e-06 92.450141906738295 9.5232720923377215e-05 6.0394006140995777e-05
decision_type=2 2 2 2 2 2
left_child=1 2 -1 5 -5 -4
right_child=-2 -3 3 4 -6 -7
leaf_value=-0.014184757224850521 0.022219657483980516 -0.027251658384549064 0.003948367695561574 -0.014052315511228432 0.0049475604854723396 0.021198969547779434
leaf_weight=16.986860021948814 15.961737543344496 10.674195036292074 10.822792101651432 12.457300294190647 13.472677227109669 11.493807941675184
leaf_count=329 329 203 217 245 270 234
internal_value=8.84471e-06 -0.00466161 -0.000965184 0.00368922 -0.00418037 0.012833
internal_weight=91.8694 75.9076 65.2334 48.2466 25.93 22.3166
internal_count=1827 1498 1295 966 515 451
is_linear=0
shrinkage=0.03


Tree=3
num_leaves=7
num_cat=0
split_feature=2 1 1 1 1 4
split_gain=10.2038 5.14562 4.06482 4.05427 4.06916 3.37649
threshold=0.012166944332420828 3.1737812605570077e-05 1.7004962842293028e-06 2.9501569542844668e-06 4.6472214307868862e-06 137.50000000000003
decision_type=2 2 2 2 2 2
left_child=1 2 -1 -4 -5 -6
right_child=-2 -3 3 4 5 -7
leaf_value=-0.013201436237828266 0.026373236886882711 -0.022196343741713479 0.017085077021957894 -0.017644164720286702 0.015473928237004612 -0.0059301977010069711
leaf_weight=17.349443729966879 11.553758170455692 11.669714473187922 14.418555062264202 10.33771840110421 12.98718010261655 13.557239737361668
leaf_count=332 245 220 292 205 264 269
internal_value=1.25687e-05 -0.00377933 -0.000648655 0.00359658 -0.00167655 0.00454203
internal_weight=91.8736 80.3199 68.6501 51.3007 36.8821 26.5444
internal_count=1827 1582 1362 1030 738 533
is_linear=0
shrinkage=0.03


Tree=4
num_leaves=7
num_cat=0
split_feature=2 1 1 1 2 4
split_gain=9.80303 4.74759 3.95484 3.68775 4.15581 4.63277
threshold=0.012166944332420828 2.6620037715474613e-05 1.7004962842293028e-06 2.9501569542844668e-06 7.2721406468190266e-05 137.50000000000003
decision_type=2 2 2 2 2 2
left_child=1 2 -1 -4 -5 -6
right_child=-2 -3 3 4 5 -7
leaf_value=-0.012653735604964371 0.026207450391060583 -0.02002163647126283 0.016832309443149351 -0.017171397425750645 0.018968356594465465 -0.0068463635096002876
leaf_weight=17.554180148988962 11.282155208289621 13.309294566512106 14.199368074536322 10.430168874561785 11.867698624730112 13.233600225299595
leaf_count=332 245 247 292 203 246 262
internal_value=1.625e-05 -0.00365018 -0.000411825 0.00390937 -0.001255 0.00535864
internal_weight=91.8765 80.5943 67.285 49.7308 35.5315 25.1013
internal_count=1827 1582 1335 1003 711 508
is_linear=0
shrinkage=0.03


Tree=5
num_leaves=7
num_cat=0
split_feature=0 1 1 5 2 2
split_gain=9.45915 6.37468 3.70981 3.53311 2.58662 1.83458
threshold=0.0018497732817195358 2.6620037715474613e-05 1.7004962842293028e-06 92.450141906738295 9.5232720923377215e-05 6.0394006140995777e-05
decision_type=2 2 2 2 2 2
left_child=1 2 -1 5 -5 -4
right_child=-2 -3 3 4 -6 -7
leaf_value=-0.012508805953691681 0.02165432564934508 -0.025405255390369853 0.0035664027467378584 -0.013676737520725247 0.0052035274995122331 0.020925871144743421
leaf_weight=17.602179121226072 15.182929925620554 10.995122525840996 10.68347590044141 12.555433154106142 13.609834149479864 11.247259587049482
leaf_count=329 329 197 217 245 275 235
internal_value=1.98314e-05 -0.00426314 -0.000724833 0.00358787 -0.00385619 0.0124693
internal_weight=91.8762 76.6933 65.6982 48.096 26.1653 21.9307
internal_count=1827 1498 1301 972 520 452
is_linear=0
shrinkage=0.03


Tree=6
num_leaves=7
num_cat=0
split_feature=0 1 1 1 1 4
split_gain=9.11262 4.09484 3.30157 3.75132 3.63636 2.50463
threshold=0.010586016345769169 3.1737812605570077e-05 1.7004962842293028e-06 2.9501569542844668e-06 4.9520333504915479e-06 137.50000000000003
decision_type=2 2 2 2 2 2
left_child=1 2 -1 -4 -5 -6
right_child=-2 -3 3 4 5 -7
leaf_value=-0.011639539453930365 0.025901904330523105 -0.01938023513870317 0.016564859694230945 -0.015807407083483008 0.014403407864720113 -0.0044156630994402002
leaf_weight=17.945641797035933 10.80556135997176 12.285381242632864 13.972793400287626 11.359590642154215 12.217064227908851 13.287323985248802
leaf_count=332 245 220 292 221 256 261
internal_value=2.28438e-05 -0.00342659 -0.000577071 0.00332804 -0.0016892 0.00459901
internal_weight=91.8734 81.0678 68.7824 50.8368 36.864 25.5044
internal_count=1827 1582 1362 1030 738 517
is_linear=0
shrinkage=0.03


Tree=7
num_leaves=7
num_cat=0
split_feature=2 0 7 1 0 6
split_gain=8.75559 3.88807 3.96628 2.56674 2.11585 1.54233
threshold=0.012166944332420828 2.8232188924448568e-05 10.500000000000002 2.1594313466266617e-06 0.00017691844550427052 0.55000001192092907
decision_type=2 2 2 2 2 2
left_child=1 2 3 -1 -3 -5
right_child=-2 4 -4 5 -6 -7
leaf_value=-0.0018477482384263865 0.025732519542448502 -0.019482601294080287 -0.014261001873253659 0.020900309696829548 -0.0033613504965604537 0.0046647228468721848
leaf_weight=19.618875112384558 10.554276093840597 15.813092049211265 11.102651942521332 11.134730029851198 13.653412781655787 9.9913307502865791
leaf_count=370 245 308 223 223 259 199
internal_value=2.56286e-05 -0.00331103 0.00163441 0.00596578 -0.0120128 0.0132219
internal_weight=91.8684 81.3141 51.8476 40.7449 29.4665 21.1261
internal_count=1827 1582 1015 792 567 422
is_linear=0
shrinkage=0.03


Tree=8
num_leaves=7
num_cat=0
split_feature=0 1 1 5 2 2
split_gain=8.42704 5.31688 3.20641 3.33276 2.52589 1.8288
threshold=0.0018497732817195358 2.6620037715474613e-05 1.7004962842293028e-06 92.450141906738295 9.5232720923377215e-05 6.0394006140995777e-05
decision_type=2 2 2 2 2 2
left_child=1 2 -1 5 -5 -4
right_child=-2 -3 3 4 -6 -7
leaf_value=-0.011389449421870465 0.021068635402194905 -0.022701636409360987 0.0032533376835164607 -0.013396061838796925 0.0052288907806867131 0.020706984991065117
leaf_weight=18.037254702299833 14.438896503299473 11.51779844984412 10.571751825511457 12.629744876176121 13.621298894286154 11.0508995950222
leaf_count=329 329 197 217 245 275 235
internal_value=2.78695e-05 -0.00389581 -0.00060953 0.00345199 -0.00373183 0.0121735
internal_weight=91.8676 77.4287 65.9109 47.8737 26.251 21.6227
internal_count=1827 1498 1301 972 520 452
is_linear=0
shrinkage=0.03


Tree=9
num_leaves=7
num_cat=0
split_feature=0 0 7 1 0 6
split_gain=8.14157 3.61192 4.17999 2.9395 1.92282 1.35745
threshold=0.010586016345769169 2.8232188924448568e-05 11.500000000000002 2.1594313466266617e-06 0.00017691844550427052 0.55000001192092907
decision_type=2 2 2 2 2 2
left_child=1 2 3 -1 -3 -5
right_child=-2 4 -4 5 -6 -7
leaf_value=-0.0023569840771864511 0.025420753247020266 -0.018451969625556404 -0.015596658410775028 0.020860865738272266 -0.0031725907239011724 0.0057974911469936621
leaf_weight=20.192041907459497 10.114525675773619 16.123552408069376 10.150015130639074 11.127037640661001 13.720271967351435 10.432184521108866
leaf_count=377 245 308 202 227 259 209
internal_value=3.02663e-05 -0.00311136 0.00167051 0.00586827 -0.0114275 0.0135719
internal_weight=91.8596 81.7451 51.9013 41.7513 29.8438 21.5592
internal_count=1827 1582 1015 813 567 436
is_linear=0
shrinkage=0.03


Tree=10
num_leaves=7
num_cat=0
split_feature=2 0 7 1 0 6
split_gain=7.82267 3.35959 3.90437 2.80951 1.75572 1.325
threshold=0.012166944332420828 2.8232188924448568e-05 11.500000000000002 2.1594313466266617e-06 0.00017691844550427052 0.55000001192092907
decision_type=2 2 2 2 2 2
left_child=1 2 3 -1 -3 -5
right_child=-2 4 -4 5 -6 -7
leaf_value=-0.0022814330491694856 0.025247271201327214 -0.017603443803216042 -0.014916432183941888 0.020623200281647856 -0.003068742560454839 0.0056532515421426049
leaf_weight=20.234243661165237 9.8820792958140355 16.389550264924768 10.292268492281435 10.920748073607683 13.758853942155836 10.378235310316086
leaf_count=377 245 308 202 227 259 209
internal_value=3.22808e-05 -0.00300742 0.00162477 0.00572381 -0.0109702 0.0133289
internal_weight=91.856 81.9739 51.8255 41.5332 30.1484 21.299
internal_count=1827 1582 1015 813 567 436
is_linear=0
shrinkage=0.03


Tree=11
num_leaves=7
num_cat=0
split_feature=0 1 1 1 2 4
split_gain=7.48328 4.56656 2.91477 3.21085 3.99913 5.24806
threshold=0.0018497732817195358 2.6620037715474613e-05 1.7004962842293028e-06 2.9501569542844668e-06 7.2721406468190266e-05 137.50000000000003
decision_type=2 2 2 2 2 2
left_child=1 2 -1 -4 -5 -6
right_child=-2 -3 3 4 5 -7
leaf_value=-0.01064111272663977 0.020460168222431113 -0.020620789456526858 0.015890436559940622 -0.016865505542353772 0.02062594666238381 -0.007564083332250348
leaf_weight=18.339558448642492 13.729376915842293 11.953416757285593 13.392322909086941 10.491979736834763 10.965615406632425 12.977932192385195
leaf_count=329 329 197 284 203 233 252
internal_value=3.40828e-05 -0.00355571 -0.00047283 0.00342619 -0.00142128 0.00534633
internal_weight=91.8502 78.1208 66.1674 47.8279 34.4355 23.9435
internal_count=1827 1498 1301 972 688 485
is_linear=0
shrinkage=0.03


Tree=12
num_leaves=7
num_cat=0
split_feature=0 0 7 5 1 1
split_gain=7.15263 4.38453 3.68781 2.7274 0.987019 0.831819
threshold=0.0018497732817195358 2.8232188924448568e-05 11.500000000000002 87.609649658203139 2.6620037715474613e-05 3.0451734573944127e-06
decision_type=2 2 2 2 2 2
left_child=1 2 3 -1 -3 -5
right_child=-2 4 -4 5 -6 -7
leaf_value=-0.0026313124497294982 0.020226220171721942 -0.00802717647688749 -0.014311725758934378 0.018496414178932333 -0.019641514405373303 0.0068877150071479211
leaf_weight=19.191709104925394 13.475398119539021 14.351400796324016 10.421148639172314 11.333906818181278 12.169508364051579 10.895757328718899
leaf_count=371 329 286 202 222 197 220
internal_value=3.66628e-05 -0.00343514 0.00164034 0.0056537 -0.0133566 0.0128065
internal_weight=91.8388 78.3634 51.8425 41.4214 26.5209 22.2297
internal_count=1827 1498 1015 813 483 442
is_linear=0
shrinkage=0.03


Tree=13
num_leaves=7
num_cat=0
split_feature=0 0 5 1 1 1
split_gain=6.83667 4.07043 3.46571 5.25662 2.18704 0.895828
threshold=0.0018497732817195358 2.8232188924448568e-05 87.609649658203139 1.7630673028179446e-06 2.7566335347728459e-06 2.6620037715474613e-05
decision_type=2 2 2 2 2 2
left_child=1 2 3 -1 -4 -3
right_child=-2 5 4 -5 -6 -7
leaf_value=-0.019966604139893124 0.019991302103375859 -0.0077298896138176861 0.018780963725534085 0.0080450358485595723 0.0016683740692937364 -0.018725844026493618
leaf_weight=12.725739113986494 13.228492610156534 14.454640425741674 11.597552061080934 11.458163775503634 15.987079590559004 12.378365106880663
leaf_count=228 329 286 229 239 319 197
internal_value=3.81559e-05 -0.00331992 0.00159512 -0.00669489 0.00886311 -0.0128024
internal_weight=91.83 78.6015 51.7685 24.1839 27.5846 26.833
internal_count=1827 1498 1015 467 548 483
is_linear=0
shrinkage=0.03


Tree=14
num_leaves=7
num_cat=0
split_feature=0 0 7 1 6 6
split_gain=6.53384 3.78155 3.48774 2.56022 1.29851 0.843636
threshold=0.0018497732817195358 2.8232188924448568e-05 11.500000000000002 2.1594313466266617e-06 0.55000001192092907 0.63333335518836986
decision_type=2 2 2 2 2 2
left_child=1 2 3 -1 -5 -3
right_child=-2 5 -4 4 -6 -7
leaf_value=-0.0020792500354619866 0.019755459682393058 -0.017675077276898907 -0.013865552783283415 0.020241845203275901 0.0052596100281600043 -0.0070934470800178935
leaf_weight=20.344371315091848 12.988476634025572 13.294168990105391 10.518507435917853 10.599885694682598 10.232128452509642 13.840753015130758
leaf_count=377 329 234 202 227 209 249
internal_value=3.99867e-05 -0.00320845 0.00155204 0.00549046 0.012883 -0.0122777
internal_weight=91.8183 78.8298 51.6949 41.1764 20.832 27.1349
internal_count=1827 1498 1015 813 436 483
is_linear=0
shrinkage=0.03


Tree=15
num_leaves=7
num_cat=0
split_feature=0 0 7 1 6 1
split_gain=6.24417 3.51448 3.26162 2.44543 1.26561 0.802132
threshold=0.0018497732817195358 2.8232188924448568e-05 11.500000000000002 2.1594313466266617e-06 0.55000001192092907 2.6620037715474613e-05
decision_type=2 2 2 2 2 2
left_child=1 2 3 -1 -5 -3
right_child=-2 5 -4 4 -6 -7
leaf_value=-0.0020131105143302566 0.019518739135204244 -0.0070092047806055895 -0.013282460369334385 0.02000196745616423 0.0051263002091488973 -0.017296917156008191
leaf_weight=20.381823055446148 12.755171738564966 14.710791520774366 10.648819383233784 10.408115494996309 10.184010531753302 12.71813118457794
leaf_count=377 329 286 202 227 209 197
internal_value=4.12296e-05 -0.00310151 0.00150933 0.0053536 0.0126451 -0.0117794
internal_weight=91.8069 79.0517 51.6228 40.9739 20.5921 27.4289
internal_count=1827 1498 1015 813 436 483
is_linear=0
shrinkage=0.03


Tree=16
num_leaves=7
num_cat=0
split_feature=0 0 5 1 1 1
split_gain=5.96684 3.26825 3.17674 4.72819 2.19429 0.871463
threshold=0.0018497732817195358 2.8232188924448568e-05 87.609649658203139 1.7630673028179446e-06 2.7566335347728459e-06 3.1737812605570077e-05
decision_type=2 2 2 2 2 2
left_child=1 2 3 -1 -4 -3
right_child=-2 5 4 -5 -6 -7
leaf_value=-0.018732270868721892 0.019281190197636661 -0.0068567787227758175 0.01853946472301931 0.0077680281390177398 0.0012713723396048674 -0.017666739044838432
leaf_weight=13.022926900535824 12.528402134776114 16.302560277283195 11.408650919795038 11.332384459674357 15.788086146116255 11.409036897122858
leaf_count=228 329 310 229 239 319 173
internal_value=4.2303e-05 -0.00299859 0.00146772 -0.00640184 0.0085151 -0.0113073
internal_weight=91.792 79.2636 51.552 24.3553 27.1967 27.7116
internal_count=1827 1498 1015 467 548 483
is_linear=0
shrinkage=0.03


Tree=17
num_leaves=7
num_cat=0
split_feature=0 0 7 2 4 4
split_gain=5.701 3.04314 3.51557 3.02327 4.75116 1.28709
threshold=0.0018497732817195358 2.5412047762074511e-05 11.500000000000002 6.2684084696229561e-05 133.50000000000003 142.50000000000003
decision_type=2 2 2 2 2 2
left_child=1 2 3 4 -1 -3
right_child=-2 5 -4 -5 -6 -7
leaf_value=-0.014760265097646739 0.019042862978773077 -0.0045831672866857888 -0.013763303017620285 0.019800265023255749 0.0102576709945726 -0.017103622856418352
leaf_weight=10.966969765722753 12.307997692376373 15.609330102801325 10.531760539859532 10.20889053493738 18.119161456823349 14.03224606066942
leaf_count=215 329 282 198 220 347 236
internal_value=4.36827e-05 -0.0028989 0.00162908 0.00575451 0.00082462 -0.0105103
internal_weight=91.7764 79.4684 49.8268 39.295 29.0861 29.6416
internal_count=1827 1498 980 782 562 518
is_linear=0
shrinkage=0.03


Tree=18
num_leaves=7
num_cat=0
split_feature=0 0 5 1 1 1
split_gain=5.44626 2.83957 2.94673 4.40161 2.14202 0.78575
threshold=0.0018497732817195358 2.8232188924448568e-05 87.609649658203139 1.7630673028179446e-06 2.7566335347728459e-06 3.1737812605570077e-05
decision_type=2 2 2 2 2 2
left_child=1 2 3 -1 -4 -3
right_child=-2 5 4 -5 -6 -7
leaf_value=-0.017858741871400432 0.018803822743547097 -0.0062397937007997936 0.018269086841132574 0.0076451697365491778 0.001099291372120365 -0.01639928966892441
leaf_weight=13.241260387003424 12.093789976090191 16.553042560815815 11.206162303686144 11.277370493859051 15.70269153639674 11.690088316798208
leaf_count=228 329 310 229 239 319 173
internal_value=4.51822e-05 -0.00280233 0.00139484 -0.00612819 0.00824963 -0.0104449
internal_weight=91.7644 79.6706 51.4275 24.5186 26.9089 28.2431
internal_count=1827 1498 1015 467 548 483
is_linear=0
shrinkage=0.03


Tree=19
num_leaves=7
num_cat=0
split_feature=0 0 7 2 4 4
split_gain=5.20255 2.64852 3.32585 2.89 4.45446 1.1643
threshold=0.0018497732817195358 2.5412047762074511e-05 11.500000000000002 6.2684084696229561e-05 133.50000000000003 142.50000000000003
decision_type=2 2 2 2 2 2
left_child=1 2 3 4 -1 -3
right_child=-2 5 -4 -5 -6 -7
leaf_value=-0.014116612489209989 0.018564125645858121 -0.0041023445468069278 -0.013332966473296071 0.019511935719369239 0.010049637958889777 -0.015902593860176919
leaf_weight=11.113214593380691 11.885616071522234 15.804027806967499 10.627254493534563 9.9941334612667543 17.95628560334444 14.365789439529179
leaf_count=215 329 282 198 220 347 236
internal_value=4.62632e-05 -0.00270974 0.00154727 0.00559544 0.000810926 -0.0097212
internal_weight=91.7463 79.8607 49.6909 39.0636 29.0695 30.1698
internal_count=1827 1498 980 782 562 518
is_linear=0
shrinkage=0.03


Tree=20
num_leaves=7
num_cat=0
split_feature=0 0 5 2 2 0
split_gain=4.96901 2.52297 2.38371 4.04147 2.86858 2.35628
threshold=0.0018497732817195358 3.5743387343245563e-06 92.450141906738295 6.4714113250374808e-05 9.5232720923377215e-05 8.4083956608083113e-05
decision_type=2 2 2 2 2 2
left_child=1 -1 3 -3 -4 -6
right_child=-2 2 4 -5 5 -7
leaf_value=0.0065573362003192876 0.018323840057372785 -0.010917456501962021 -0.022659232574671003 0.015139039675949283 0.00433848650118728 -0.013438395191422918
leaf_weight=20.167660571634769 11.683314792811869 10.556925695389511 11.583464264869688 10.877267234027384 13.055193286389114 13.808081835508345
leaf_count=376 329 211 228 222 239 222
internal_value=4.74735e-05 -0.00262001 -0.00571091 0.0023055 -0.0101801 -0.00479907
internal_weight=91.7319 80.0486 59.8809 21.4342 38.4467 26.8633
internal_count=1827 1498 1122 433 689 461
is_linear=0
shrinkage=0.03


Tree=21
num_leaves=7
num_cat=0
split_feature=0 0 7 2 4 4
split_gain=4.74534 2.45824 3.12464 2.78666 4.13539 1.05264
threshold=0.0018497732817195358 2.5412047762074511e-05 11.500000000000002 6.2684084696229561e-05 133.50000000000003 142.50000000000003
decision_type=2 2 2 2 2 2
left_child=1 2 3 4 -1 -3
right_child=-2 5 -4 -5 -6 -7
leaf_value=-0.013334802663671019 0.018083024831171836 -0.003894174547003425 -0.012728661184490469 0.01932074180964876 0.0098663261458548698 -0.015050433857337054
leaf_weight=11.297903947532179 11.486731398850678 15.888891190290453 10.764385242015122 9.8539135046303254 17.819519504904747 14.611650470644234
leaf_count=215 329 282 198 220 347 236
internal_value=4.8577e-05 -0.00253326 0.00157888 0.0055308 0.000864014 -0.00923871
internal_weight=91.723 80.2363 49.7357 38.9713 29.1174 30.5005
internal_count=1827 1498 980 782 562 518
is_linear=0
shrinkage=0.03


Tree=22
num_leaves=7
num_cat=0
split_feature=0 1 1 5 2 2
split_gain=4.53124 2.3236 2.35505 3.25028 2.81923 1.90448
threshold=0.0018497732817195358 3.1737812605570077e-05 1.7004962842293028e-06 92.450141906738295 9.5232720923377215e-05 6.0394006140995777e-05
decision_type=2 2 2 2 2 2
left_child=1 2 -1 5 -5 -4
right_child=-2 -3 3 4 -6 -7
leaf_value=-0.0093078753657636262 0.017841757012308897 -0.014553132869486892 0.0027394244877693161 -0.014263123891500893 0.0049015000404992164 0.020650929584225954
leaf_weight=18.897346127778292 11.295711930841206 12.123335324227808 10.388600297272207 12.393922306597235 15.608348734676836 10.999368134886025
leaf_count=329 329 173 217 245 296 238
internal_value=4.95376e-05 -0.00244982 -0.000301078 0.00314504 -0.00358084 0.0119509
internal_weight=91.7066 80.4109 68.2876 49.3902 28.0023 21.388
internal_count=1827 1498 1325 996 541 455
is_linear=0
shrinkage=0.03


Tree=23
num_leaves=7
num_cat=0
split_feature=0 0 5 2 2 0
split_gain=4.32629 2.38475 2.00385 3.72491 2.57861 2.06469
threshold=0.0018497732817195358 3.5743387343245563e-06 92.450141906738295 6.4714113250374808e-05 9.5232720923377215e-05 8.4083956608083113e-05
decision_type=2 2 2 2 2 2
left_child=1 -1 3 -3 -4 -6
right_child=-2 2 4 -5 5 -7
leaf_value=0.0065624445397487003 0.01760010591161934 -0.010452034170633699 -0.021006353630049265 0.014661098567309348 0.004330726821987296 -0.012209816512783144
leaf_weight=20.169020548462868 11.110108338296412 10.66728835552931 11.932315874844788 10.595580261200665 13.046861223876478 14.167237065732477
leaf_count=376 329 211 228 222 239 222
internal_value=5.03196e-05 -0.00236944 -0.00535155 0.00206219 -0.00937842 -0.00428002
internal_weight=91.6884 80.5783 60.4093 21.2629 39.1464 27.2141
internal_count=1827 1498 1122 433 689 461
is_linear=0
shrinkage=0.03


Tree=24
num_leaves=7
num_cat=0
split_feature=0 0 7 2 4 4
split_gain=4.12999 2.29841 2.99715 2.62938 3.83232 0.938996
threshold=0.0018497732817195358 2.5412047762074511e-05 11.500000000000002 6.2684084696229561e-05 133.50000000000003 142.50000000000003
decision_type=2 2 2 2 2 2
left_child=1 2 3 4 -1 -3
right_child=-2 5 -4 -5 -6 -7
leaf_value=-0.012380488562128825 0.017358149300798244 -0.0036773235572451399 -0.012237577898905116 0.019109822352164008 0.00982379112417733 -0.014151423145089376
leaf_weight=11.530620850622656 10.929773677140473 15.974219769239427 10.876952659338711 9.7000210694968683 17.787472348660231 14.877684421837328
leaf_count=215 329 282 198 220 347 236
internal_value=5.10672e-05 -0.00229159 0.00168842 0.00557052 0.00109099 -0.00872824
internal_weight=91.6767 80.747 49.8951 39.0181 29.3181 30.8519
internal_count=1827 1498 980 782 562 518
is_linear=0
shrinkage=0.03


Tree=25
num_leaves=7
num_cat=0
split_feature=0 0 5 2 2 0
split_gain=3.94208 2.19297 1.84282 3.51207 2.46149 1.87615
threshold=0.0018497732817195358 3.5743387343245563e-06 92.450141906738295 6.4714113250374808e-05 9.5232720923377215e-05 8.4083956608083113e-05
decision_type=2 2 2 2 2 2
left_child=1 -1 3 -3 -4 -6
right_child=-2 2 4 -5 5 -7
leaf_value=0.006390578134757313 0.017115962666863372 -0.0099380414037514731 -0.020136339960839574 0.014447642380255551 0.004336284314667419 -0.011363173288391919
leaf_weight=20.041644036769867 10.754567291587589 10.792426738888027 12.123500630259512 10.473926935344933 13.046373158693315 14.426071330904959
leaf_count=376 329 211 228 222 239 222
internal_value=5.1761e-05 -0.00221658 -0.00505088 0.00207219 -0.00887657 -0.00390767
internal_weight=91.6585 80.9039 60.8623 21.2664 39.5959 27.4724
internal_count=1827 1498 1122 433 689 461
is_linear=0
shrinkage=0.03


Tree=26
num_leaves=7
num_cat=0
split_feature=0 0 7 2 6 4
split_gain=3.76219 2.14189 2.81853 2.27219 1.28995 0.852398
threshold=0.0018497732817195358 2.5412047762074511e-05 11.500000000000002 5.1718498070840731e-05 0.63333335518836986 142.50000000000003
decision_type=2 2 2 2 2 2
left_child=1 2 3 4 -1 -3
right_child=-2 5 -4 -5 -6 -7
leaf_value=-0.0079016929362389493 0.016873624917744599 -0.0035036612137744456 -0.011697344138303865 0.013782223496799684 0.0066208212326257206 -0.01343462775973522
leaf_weight=11.329292364418507 10.584349103271959 16.045674189925197 11.004464689642189 16.876901999115944 10.706944715231657 15.097632747143505
leaf_count=214 329 282 198 368 200 236
internal_value=5.23001e-05 -0.00214411 0.00170774 0.00549864 -0.000845508 -0.00831799
internal_weight=91.6453 81.0609 49.9176 38.9131 22.0362 31.1433
internal_count=1827 1498 980 782 414 518
is_linear=0
shrinkage=0.03


Tree=27
num_leaves=7
num_cat=0
split_feature=0 0 5 2 2 1
split_gain=3.59014 2.03821 1.67716 3.36294 2.36149 1.751
threshold=0.0018497732817195358 3.5743387343245563e-06 92.450141906738295 6.4714113250374808e-05 9.5232720923377215e-05 2.6620037715474613e-05
decision_type=2 2 2 2 2 2
left_child=1 -1 3 -3 -4 -6
right_child=-2 2 4 -5 5 -7
leaf_value=0.0062556961509170252 0.016631217485355166 -0.0096305752043364719 -0.019339644550819702 0.014253841012931688 0.0034826974547666296 -0.011632183410543787
leaf_weight=19.94280194118619 10.418984003365038 10.8683850876987 12.303825572133062 10.365813761949537 14.830492727458479 12.896208401769398
leaf_count=376 329 211 228 222 283 178
internal_value=5.24718e-05 -0.00207459 -0.00478626 0.00202898 -0.0084014 -0.00354752
internal_weight=91.6265 81.2075 61.2647 21.2342 40.0305 27.7267
internal_count=1827 1498 1122 433 689 461
is_linear=0
shrinkage=0.03


Tree=28
num_leaves=7
num_cat=0
split_feature=0 0 5 1 1 7
split_gain=3.42532 2.00215 2.66556 3.39861 2.02672 0.794069
threshold=0.0018497732817195358 2.5412047762074511e-05 87.609649658203139 1.7630673028179446e-06 2.7566335347728459e-06 1.5000000000000002
decision_type=2 2 2 2 2 2
left_child=1 2 3 -1 -4 -3
right_child=-2 5 4 -5 -6 -7
leaf_value=-0.015679604768638618 0.016388825478802927 -0.013580555393115482 0.01812275113007121 0.0069261770073627132 0.001132465905677183 -0.0039069503974694967
leaf_weight=13.208371233195068 10.25834048911929 13.100150145590307 11.08069194853306 10.9458079226315 14.703622780740259 18.312955878674984
leaf_count=225 329 212 227 234 294 306
internal_value=5.28498e-05 -0.0020071 0.00172561 -0.00543548 0.00843396 -0.00794112
internal_weight=91.6099 81.3516 49.9385 24.1542 25.7843 31.4131
internal_count=1827 1498 980 459 521 518
is_linear=0
shrinkage=0.03


Tree=29
num_leaves=7
num_cat=0
split_feature=0 0 5 2 2 0
split_gain=3.26759 1.91579 1.52315 3.3031 2.28981 1.63498
threshold=0.0018497732817195358 3.5743387343245563e-06 92.450141906738295 6.1541421018773703e-05 9.5232720923377215e-05 8.4083956608083113e-05
decision_type=2 2 2 2 2 2
left_child=1 -1 3 -3 -4 -6
right_child=-2 2 4 -5 5 -7
leaf_value=0.0061587560592627835 0.016146532944975221 -0.010714453061445537 -0.018664511440373923 0.013031255128655281 0.0045143511991437239 -0.010019282499217328
leaf_weight=19.868578013032675 10.10228895395994 9.8759473301470297 12.461080003529785 11.310024064034222 13.119047883898022 14.854022119194267
leaf_count=376 329 188 228 245 239 222
internal_value=5.31545e-05 -0.00194197 -0.00455394 0.00196207 -0.00796808 -0.00320318
internal_weight=91.591 81.4887 61.6201 21.186 40.4342 27.9731
internal_count=1827 1498 1122 433 689 461
is_linear=0
shrinkage=0.03


Tree=30
num_leaves=7
num_cat=0
split_feature=0 0 7 2 7 4
split_gain=3.11661 1.87109 2.69373 1.80678 1.2028 0.756959
threshold=0.0018497732817195358 2.5412047762074511e-05 10.500000000000002 5.1718498070840731e-05 1.5000000000000002 142.50000000000003
decision_type=2 2 2 2 2 2
left_child=1 2 3 4 -1 -3
right_child=-2 5 -4 -5 -6 -7
leaf_value=-0.0071404466854782739 0.015904424572955791 -0.0030588135982421924 -0.010670791470918905 0.013184526848456302 0.007001873607747156 -0.012336867500173659
leaf_weight=10.769439812749626 9.9507045671343786 16.23118252679706 11.971089299768208 16.327511698007584 10.880892507731913 15.444699350744484
leaf_count=200 329 282 216 358 206 236
internal_value=5.34029e-05 -0.00187896 0.00173813 0.00564957 -3.28853e-05 -0.00758266
internal_weight=91.5755 81.6248 49.9489 37.9778 21.6503 31.6759
internal_count=1827 1498 980 764 406 518
is_linear=0
shrinkage=0.03


Tree=31
num_leaves=6
num_cat=0
split_feature=0 0 4 1 1
split_gain=2.97227 1.77825 1.44822 4.88822 3.29551
threshold=0.0018497732817195358 3.5743387343245563e-06 137.50000000000003 9.395169854542475e-06 1.0199214557360394e-05
decision_type=2 2 2 2 2
left_child=1 -1 4 -4 -3
right_child=-2 2 3 -5 -6
leaf_value=0.0060167960338909868 0.015662589785527384 0.0084505998705307894 -0.019456681345232228 0.003599654023547364 -0.012535723860478781
leaf_weight=19.766118662431836 9.8034638315439206 18.023667216300968 17.551692131906748 15.659546136856077 10.751402217894791
leaf_count=376 329 357 336 243 186
internal_value=5.33204e-05 -0.00181849 -0.00431699 -0.00858531 0.000609354
internal_weight=91.5559 81.7524 61.9863 33.2112 28.7751
internal_count=1827 1498 1122 579 543
is_linear=0
shrinkage=0.03


Tree=32
num_leaves=7
num_cat=0
split_feature=0 0 5 1 1 0
split_gain=2.83395 1.70594 2.946 3.94022 1.91755 0.714357
threshold=0.0018497732817195358 2.8232188924448568e-05 87.609649658203139 1.7630673028179446e-06 3.0451734573944127e-06 0.00012501409946708011
decision_type=2 2 2 2 2 2
left_child=1 2 3 -1 -4 -3
right_child=-2 5 4 -5 -6 -7
leaf_value=-0.016841862637253339 0.015421116369266257 -0.011641265738183778 0.017092549955797724 0.0072806540648649581 0.0010522905996812638 -0.002386244425759969
leaf_weight=13.502068836241962 9.6604478918015939 16.442134663462642 12.368095524609091 11.107762284576891 14.656007222831247 13.810405287891625
leaf_count=228 329 273 256 239 292 210
internal_value=5.36237e-05 -0.00175934 0.00155511 -0.00595405 0.00839342 -0.00741631
internal_weight=91.5469 81.8865 51.6339 24.6098 27.0241 30.2525
internal_count=1827 1498 1015 467 548 483
is_linear=0
shrinkage=0.03


Tree=33
num_leaves=7
num_cat=0
split_feature=0 0 5 2 2 1
split_gain=2.70166 1.68728 1.34137 3.17459 2.28804 1.52579
threshold=0.0018497732817195358 3.5743387343245563e-06 92.450141906738295 6.1541421018773703e-05 9.5232720923377215e-05 2.6620037715474613e-05
decision_type=2 2 2 2 2 2
left_child=1 -1 3 -3 -4 -6
right_child=-2 2 4 -5 5 -7
leaf_value=0.0059474336749634413 0.01518009061218294 -0.01032997497596976 -0.01790559140643205 0.012926605084934777 0.0039783207920583638 -0.0099426479703781621
leaf_weight=19.711876902729273 9.5215398427098972 9.9602863937616366 12.641186174005268 11.247838176786898 15.072278935462238 13.373027890920637
leaf_count=376 329 188 228 245 283 178
internal_value=5.38732e-05 -0.00170239 -0.00412302 0.00200427 -0.00728582 -0.00256636
internal_weight=91.528 82.0065 62.2946 21.2081 41.0865 28.4453
internal_count=1827 1498 1122 433 689 461
is_linear=0
shrinkage=0.03


Tree=34
num_leaves=7
num_cat=0
split_feature=0 0 7 2 7 7
split_gain=2.57517 1.60696 2.54977 2.16164 0.876822 0.708591
threshold=0.0018497732817195358 2.5412047762074511e-05 11.500000000000002 5.1718498070840731e-05 1.5000000000000002 1.5000000000000002
decision_type=2 2 2 2 2 2
left_child=1 2 3 4 -1 -3
right_child=-2 5 -4 -5 -6 -7
leaf_value=-0.0068737151408082182 0.014939605720452566 -0.012107291114061104 -0.010883809982668104 0.013531609821477913 0.0050886682700301937 -0.0030900714849593398
leaf_weight=10.838180318474771 9.386626383289693 13.50736292824149 11.198073096573351 16.64849659614265 11.227313209325073 18.703706469386816
leaf_count=200 329 212 198 368 214 306
internal_value=5.39385e-05 -0.00164748 0.00172377 0.00537053 -0.000787043 -0.00687134
internal_weight=91.5098 82.1231 49.9121 38.714 22.0655 32.2111
internal_count=1827 1498 980 782 414 518
is_linear=0
shrinkage=0.03


Tree=35
num_leaves=7
num_cat=0
split_feature=6 9 4 1 0 1
split_gain=2.27107 3.09171 4.63681 2.86191 2.77304 4.83274
threshold=0.22500000149011615 2.5000000000000004 147.50000000000003 3.7325685298128523e-06 7.7030576903780474e-06 1.04941614154086e-05
decision_type=2 2 2 2 2 2
left_child=-1 2 4 -3 -2 -6
right_child=1 3 -4 -5 5 -7
leaf_value=-0.010051354895270082 -0.010318615871893734 0.0022382853046549731 -0.0187509162426579 0.021520686974892546 0.02182137926766611 -0.004855811590154838
leaf_weight=16.423547932878137 9.9584487881511432 17.269631503149871 11.824097545817493 11.567785987630485 12.204056354239585 12.242465913295744
leaf_count=310 188 347 226 235 264 257
internal_value=5.37143e-05 0.00226457 -0.00254402 0.00997319 0.00302587 0.00846183
internal_weight=91.49 75.0665 46.2291 28.8374 34.405 24.4465
internal_count=1827 1517 935 582 709 521
is_linear=0
shrinkage=0.03


Tree=36
num_leaves=6
num_cat=0
split_feature=0 1 1 1 2
split_gain=2.24045 1.86328 2.46123 3.12761 4.14151
threshold=0.0013594776974059644 3.1737812605570077e-05 1.850883847964724e-06 2.9501569542844668e-06 9.5232720923377215e-05
decision_type=2 2 2 2 2
left_child=1 2 -1 -4 -5
right_child=-2 -3 3 4 -6
leaf_value=-0.0082415330137681399 0.013332812370928985 -0.012163879528472022 0.018042967907196762 -0.010558773586470059 0.0096294314262578753
leaf_weight=20.886164296418428 10.166056925430892 12.693794727325438 11.116736501455305 17.695123245939612 18.928265469148755
leaf_count=367 343 166 245 342 364
internal_value=5.4772e-05 -0.00160515 0.000347892 0.00410574 -0.000124794
internal_weight=91.4861 81.3201 68.6263 47.7401 36.6234
internal_count=1827 1484 1318 951 706
is_linear=0
shrinkage=0.03


Tree=37
num_leaves=6
num_cat=0
split_feature=0 1 1 1 2
split_gain=2.13165 1.73365 2.30864 3.00291 3.8932
threshold=0.0013594776974059644 3.1737812605570077e-05 1.850883847964724e-06 2.9501569542844668e-06 9.5232720923377215e-05
decision_type=2 2 2 2 2
left_child=1 2 -1 -4 -5
right_child=-2 -3 3 4 -6
leaf_value=-0.0079358882850861703 0.013097373892401072 -0.011678360327779984 0.017793790242026698 -0.010145279743832605 0.0094218594661807219
leaf_weight=21.03750641271472 10.040262186899779 12.822870291769503 10.936979642137883 17.861248536035419 18.767383312806487
leaf_count=367 343 166 245 342 364
internal_value=5.49522e-05 -0.00155325 0.000339275 0.00399925 -0.00011968
internal_weight=91.4663 81.426 68.6031 47.5656 36.6286
internal_count=1827 1484 1318 951 706
is_linear=0
shrinkage=0.03


Tree=38
num_leaves=7
num_cat=0
split_feature=6 9 4 1 0 1
split_gain=2.07506 2.95062 4.30592 2.77802 2.56497 4.66445
threshold=0.22500000149011615 2.5000000000000004 147.50000000000003 3.7325685298128523e-06 7.7030576903780474e-06 1.04941614154086e-05
decision_type=2 2 2 2 2 2
left_child=-1 2 4 -3 -2 -6
right_child=1 3 -4 -5 5 -7
leaf_value=-0.0095368552532702853 -0.0098007996233400313 0.0021731959827968406 -0.017964085470880922 0.021291707548792047 0.021566024243052283 -0.004783457251675961
leaf_weight=16.611261634156108 10.07361072860658 17.227724974974993 11.998332386836408 11.344535142183302 11.933739585801961 12.256246250122784
leaf_count=310 188 347 226 235 264 257
internal_value=5.50287e-05 0.00218418 -0.00249735 0.00976415 0.00291874 0.00821563
internal_weight=91.4455 74.8342 46.2619 28.5723 34.2636 24.19
internal_count=1827 1517 935 582 709 521
is_linear=0
shrinkage=0.03


Tree=39
num_leaves=6
num_cat=0
split_feature=0 0 1 2 4
split_gain=2.01135 1.73407 1.41503 3.27705 1.69178
threshold=0.0013594776974059644 3.5743387343245563e-06 4.9520333504915479e-06 0.00017341459169983867 137.50000000000003
decision_type=2 2 2 2 2
left_child=1 -1 4 -4 -3
right_child=-2 2 3 -5 -6
leaf_value=0.0062081686576687251 0.012826239913512671 -0.0015598043488975165 0.0087629560310314852 -0.008906507821214665 -0.017552425462216879
leaf_weight=19.889113802462816 9.898467291146515 11.686121642589571 18.271089047193527 19.55943613871932 12.134948613122104
leaf_count=376 343 226 369 286 227
internal_value=5.5903e-05 -0.00149433 -0.00397919 -0.000372649 -0.00970678
internal_weight=91.4392 81.5407 61.6516 37.8305 23.8211
internal_count=1827 1484 1108 655 453
is_linear=0
shrinkage=0.03


Tree=40
num_leaves=7
num_cat=0
split_feature=6 9 4 1 0 1
split_gain=1.92872 2.80353 3.94232 2.68675 2.40935 4.48615
threshold=0.22500000149011615 2.5000000000000004 147.50000000000003 3.7325685298128523e-06 7.7030576903780474e-06 1.04941614154086e-05
decision_type=2 2 2 2 2 2
left_child=-1 2 4 -3 -2 -6
right_child=1 3 -4 -5 5 -7
leaf_value=-0.0091410792758221011 -0.0094363312015724038 0.0021261027711255158 -0.017055382535058426 0.021046962923626237 0.021311201019545631 -0.0046523314800536912
leaf_weight=16.760942988097668 10.157918229699133 17.200541594997052 12.208462852984665 11.121789894998072 11.679822875186803 12.293778624385594
leaf_count=310 188 347 226 235 264 257
internal_value=5.55629e-05 0.00212012 -0.00242463 0.00955606 0.00280863 0.00799698
internal_weight=91.4233 74.6623 46.34 28.3223 34.1315 23.9736
internal_count=1827 1517 935 582 709 521
is_linear=0
shrinkage=0.03


Tree=41
num_leaves=6
num_cat=0
split_feature=0 0 1 2 4
split_gain=1.89767 1.68511 1.31508 2.99599 1.52031
threshold=0.0013594776974059644 3.5743387343245563e-06 4.9520333504915479e-06 0.00017341459169983867 137.50000000000003
decision_type=2 2 2 2 2
left_child=1 -1 4 -4 -3
right_child=-2 2 3 -5 -6
leaf_value=0.0061645083047866681 0.012557545723521331 -0.0016102148764146034 0.0084454639218486879 -0.0084652332759875461 -0.01671633280734236
leaf_weight=19.85730092972517 9.7614462655037624 11.668634682893755 18.039274916052818 19.75397327542305 12.334297282621263
leaf_count=376 343 226 369 286 227
internal_value=5.62833e-05 -0.00143821 -0.00388123 -0.000393508 -0.00937274
internal_weight=91.4149 81.6535 61.7962 37.7932 24.0029
internal_count=1827 1484 1108 655 453
is_linear=0
shrinkage=0.03


Tree=42
num_leaves=8
num_cat=0
split_feature=7 9 4 5 1 4 2
split_gain=1.79607 4.00936 5.41354 4.01373 4.18709 2.34246 1.56822
threshold=1.0000000180025095e-35 2.5000000000000004 147.50000000000003 87.609649658203139 1.04941614154086e-05 139.50000000000003 0.00010303948511136697
decision_type=2 2 2 2 2 2 2
left_child=6 2 3 -2 -5 -3 -1
right_child=1 5 -4 4 -6 -7 -8
leaf_value=-0.013973034596587412 -0.012783544113290277 0.00074858094103414741 -0.020706374819018887 0.023540085633129933 -0.0030515706061927557 0.019704126235279808 0.0011735418588072343
leaf_weight=13.091643713414671 9.4176772180944699 9.6762550603598374 11.355896813794969 11.061147205531599 10.284034486860035 14.905652035027741 11.605918126180766
leaf_count=249 187 204 208 239 218 311 211
internal_value=5.5838e-05 0.00261487 -0.00300419 0.00353045 0.0107283 0.0122426 -0.00685533
internal_weight=91.3982 66.7007 42.1188 30.7629 21.3452 24.5819 24.6976
internal_count=1827 1367 852 644 457 515 460
is_linear=0
shrinkage=0.03


Tree=43
num_leaves=7
num_cat=0
split_feature=6 9 4 1 0 1
split_gain=1.70433 2.50863 3.31123 2.61408 2.23056 4.21561
threshold=0.22500000149011615 2.5000000000000004 147.50000000000003 3.7325685298128523e-06 7.7030576903780474e-06 1.04941614154086e-05
decision_type=2 2 2 2 2 2
left_child=-1 2 4 -3 -2 -6
right_child=1 3 -4 -5 5 -7
leaf_value=-0.0085108419078892689 -0.0090588802144989811 0.0018175638788140822 -0.015363622259938656 0.020681496407323776 0.020927077051621501 -0.0044124693389867341
leaf_weight=17.006492409855127 10.2460759896785 17.032124971970919 12.620368512347339 10.806097932159899 11.315688708797099 12.366487387567757
leaf_count=310 188 347 226 235 264 257
internal_value=5.72107e-05 0.00201606 -0.00224443 0.00914007 0.00263555 0.00769514
internal_weight=91.3933 74.3868 46.5486 27.8382 33.9283 23.6822
internal_count=1827 1517 935 582 709 521
is_linear=0
shrinkage=0.03


Tree=44
num_leaves=8
num_cat=0
split_feature=7 9 4 5 1 4 2
split_gain=1.61833 3.66699 4.71642 3.74459 3.96645 2.28294 1.44042
threshold=1.0000000180025095e-35 2.5000000000000004 147.50000000000003 87.609649658203139 1.04941614154086e-05 139.50000000000003 0.00010303948511136697
decision_type=2 2 2 2 2 2 2
left_child=6 2 3 -2 -5 -3 -1
right_child=1 5 -4 4 -6 -7 -8
leaf_value=-0.013200405853512733 -0.012224980117772687 0.00048477317881849644 -0.019004109998223148 0.023227519088007877 -0.0028084387537299959 0.019338935615916718 0.0012522455266360691
leaf_weight=13.305568035691978 9.5304870624095219 9.5991765223443526 11.716261042281984 10.719538409262897 10.351687442511318 14.527167873457072 11.632120378315447
leaf_count=249 187 204 208 239 218 311 211
internal_value=5.76682e-05 0.00250349 -0.00281797 0.0033791 0.0104368 0.0118374 -0.006459
internal_weight=91.382 66.4443 42.318 30.6017 21.0712 24.1263 24.9377
internal_count=1827 1367 852 644 457 515 460
is_linear=0
shrinkage=0.03


Tree=45
num_leaves=8
num_cat=0
split_feature=7 9 4 5 1 4 9
split_gain=1.51824 3.48558 4.3671 3.52927 3.83903 2.21069 1.39309
threshold=1.0000000180025095e-35 2.5000000000000004 147.50000000000003 87.609649658203139 1.04941614154086e-05 139.50000000000003 2.5000000000000004
decision_type=2 2 2 2 2 2 2
left_child=6 2 3 -2 -5 -3 -1
right_child=1 5 -4 4 -6 -7 -8
leaf_value=0.00043094066309785504 -0.011728812361989449 0.00047043599023386496 -0.018129601865457434 0.023013385820904383 -0.002717373895001153 0.019090389972485595 -0.013735152311441836
leaf_weight=13.290748378261926 9.6340320259332675 9.5950312614440936 11.909931588917969 10.498065708205106 10.377241222187875 14.278600560501216 11.789966432377694
leaf_count=249 187 204 208 239 218 311 211
internal_value=5.8743e-05 0.00243732 -0.00272331 0.00329084 0.0102225 0.0116069 -0.00622827
internal_weight=91.3736 66.2929 42.4193 30.5093 20.8753 23.8736 25.0807
internal_count=1827 1367 852 644 457 515 460
is_linear=0
shrinkage=0.03


Tree=46
num_leaves=6
num_cat=0
split_feature=6 0 0 1 2
split_gain=1.43851 2.45336 2.93123 1.68091 3.32816
threshold=0.22500000149011615 0.00085372760077007126 3.5743387343245563e-06 4.3541658669710168e-06 0.00015719753719167787
decision_type=2 2 2 2 2
left_child=-1 2 -2 -4 -5
right_child=1 -3 3 4 -6
leaf_value=-0.0077221638072494363 0.011485158115240025 0.015873088443544035 -0.01100156951157481 0.0097717998772703756 -0.0098167953116309273
leaf_weight=17.325171273201704 14.755217749625443 9.7868183702230436 18.191916912794113 16.430647831410173 14.871799591928719
leaf_count=310 286 325 344 345 217
internal_value=5.96442e-05 0.00188066 -0.000250742 -0.00374944 0.000465254
internal_weight=91.3616 74.0364 64.2496 49.4944 31.3024
internal_count=1827 1517 1192 906 562
is_linear=0
shrinkage=0.03


Tree=47
num_leaves=6
num_cat=0
split_feature=1 1 2 4 6
split_gain=1.42363 2.55299 3.52123 2.48245 3.88558
threshold=1.7004962842293028e-06 3.0451734573944127e-06 7.4439911259105443e-05 151.50000000000003 0.77500000596046459
decision_type=2 2 2 2 2
left_child=-1 -2 -3 4 -4
right_child=1 2 3 -5 -6
leaf_value=-0.0070242949165586184 0.013169004191486573 -0.016491295035580052 -0.0020166396355145687 -0.0076837670269165109 0.019059027900407026
leaf_weight=19.955598726868629 14.72405821084976 10.545992873609064 17.660798475146294 14.252212956547735 14.20552556961775
leaf_count=344 342 200 361 248 332
internal_value=5.94176e-05 0.00203956 -0.00085238 0.00272379 0.00737857
internal_weight=91.3442 71.3886 56.6645 46.1185 31.8663
internal_count=1827 1483 1141 941 693
is_linear=0
shrinkage=0.03


Tree=48
num_leaves=6
num_cat=0
split_feature=1 1 2 4 6
split_gain=1.33425 2.43361 3.27009 2.34148 3.73821
threshold=1.7004962842293028e-06 3.0451734573944127e-06 7.4439911259105443e-05 151.50000000000003 0.77500000596046459
decision_type=2 2 2 2 2
left_child=-1 -2 -3 4 -4
right_child=1 2 3 -5 -6
leaf_value=-0.006771356814749321 0.012929492228149774 -0.01576195784645739 -0.0019526244279316836 -0.007403546310447596 0.018809483899127247
leaf_weight=20.078087957575917 14.549579713493584 10.70053739286959 17.692113861441612 14.346436932682989 13.965821702033283
leaf_count=344 342 200 361 248 332
internal_value=5.94607e-05 0.00198425 -0.000824128 0.00265039 0.00720653
internal_weight=91.3326 71.2545 56.7049 46.0044 31.6579
internal_count=1827 1483 1141 941 693
is_linear=0
shrinkage=0.03


Tree=49
num_leaves=7
num_cat=0
split_feature=6 9 1 4 0 1
split_gain=1.26511 2.15633 2.57586 2.40978 1.92446 3.99539
threshold=0.22500000149011615 2.5000000000000004 3.7325685298128523e-06 147.50000000000003 7.7030576903780474e-06 1.04941614154086e-05
decision_type=2 2 2 2 2 2
left_child=-1 3 -3 4 -2 -6
right_child=1 2 -4 -5 5 -7
leaf_value=-0.0071807160690608059 -0.0085745112944413931 0.0012054543349893343 0.0202125540687614 -0.012953113720632329 0.020324279888073258 -0.0047144651132278595
leaf_weight=17.547215554863214 10.357779631391166 16.702277088537816 10.420620886608956 13.253117954358457 10.773825921118261 12.264989919960497
leaf_count=310 188 347 235 226 264 257
internal_value=5.94062e-05 0.00178151 0.00850798 -0.00212937 0.00216592 0.0069946
internal_weight=91.3198 73.7726 27.1229 46.6497 33.3966 23.0388
internal_count=1827 1517 582 935 709 521
is_linear=0
shrinkage=0.03


Tree=50
num_leaves=6
num_cat=0
split_feature=1 1 2 4 6
split_gain=1.21096 2.34302 3.07549 2.1373 3.57737
threshold=1.7004962842293028e-06 3.0451734573944127e-06 7.4439911259105443e-05 151.50000000000003 0.77500000596046459
decision_type=2 2 2 2 2
left_child=-1 -2 -3 4 -4
right_child=1 2 3 -5 -6
leaf_value=-0.0064114671350214867 0.012712738811059663 -0.015232778488507296 -0.001948439951901723 -0.0069754366508722673 0.01848812560602189
leaf_weight=20.253961432725191 14.393500296398996 10.814104169607161 17.691382210701704 14.490019077435134 13.661958668380977
leaf_count=344 342 200 361 248 332
internal_value=5.95099e-05 0.00190414 -0.000841719 0.00255302 0.00695662
internal_weight=91.3049 71.051 56.6575 45.8434 31.3533
internal_count=1827 1483 1141 941 693
is_linear=0
shrinkage=0.03


Tree=51
num_leaves=8
num_cat=0
split_feature=7 9 4 5 1 4 9
split_gain=1.1552 3.25811 3.52077 3.15486 3.82266 2.18875 1.28844
threshold=1.0000000180025095e-35 2.5000000000000004 147.50000000000003 87.609649658203139 1.04941614154086e-05 139.50000000000003 2.5000000000000004
decision_type=2 2 2 2 2 2 2
left_child=6 2 3 -2 -5 -3 -1
right_child=1 5 -4 4 -6 -7 -8
leaf_value=0.0010232459776169439 -0.011291039622287955 2.4246169869603594e-05 -0.016291582554241305 0.022603354514811162 -0.0034783526239205646 0.018726329316724986 -0.012449784148981334
leaf_weight=13.521449426189067 9.7221094984561223 9.4621387999504822 12.332593057304619 10.06931582465768 10.161126298829911 13.913197029381989 12.10911546461284
leaf_count=249 187 204 208 239 218 311 211
internal_value=5.9355e-05 0.0021678 -0.00280084 0.00275381 0.00950332 0.0111559 -0.00534206
internal_weight=91.291 65.6605 42.2851 29.9526 20.2304 23.3753 25.6306
internal_count=1827 1367 852 644 457 515 460
is_linear=0
shrinkage=0.03


Tree=52
num_leaves=6
num_cat=0
split_feature=1 1 2 4 6
split_gain=1.13275 2.20131 2.91504 1.95431 3.42172
threshold=1.7004962842293028e-06 3.0451734573944127e-06 7.4439911259105443e-05 151.50000000000003 0.77500000596046459
decision_type=2 2 2 2 2
left_child=-1 -2 -3 4 -4
right_child=1 2 3 -5 -6
leaf_value=-0.0061756098259976855 0.012420180051407183 -0.01471399915945908 -0.0018683342827909425 -0.0065054945854631126 0.018214396771990559
leaf_weight=20.368367608636618 14.187344072386621 10.928494578227399 17.728779092431068 14.651052569970487 13.411947581917049
leaf_count=344 342 200 361 248 332
internal_value=5.99865e-05 0.00185118 -0.000792432 0.00253004 0.00678106
internal_weight=91.276 70.9076 56.7203 45.7918 31.1407
internal_count=1827 1483 1141 941 693
is_linear=0
shrinkage=0.03


Tree=53
num_leaves=6
num_cat=0
split_feature=0 1 2 4 4
split_gain=1.07409 2.17836 1.63472 2.799 2.82221
threshold=3.5743387343245563e-06 2.4050967795119509e-06 9.5232720923377215e-05 154.50000000000003 133.50000000000003
decision_type=2 2 2 2 2
left_child=-1 -2 -3 4 -4
right_child=1 2 3 -5 -6
leaf_value=0.0062282711993513207 -0.014365867734958716 -0.0064330641302371419 -0.0013654593716389616 -0.0090800892061203772 0.017168895972256272
leaf_weight=19.872855307534337 10.37496406957507 20.368957009166479 13.58059502951801 10.832957182079552 16.230814879760146
leaf_count=376 210 395 317 183 346
internal_value=5.9725e-05 -0.00165746 0.000503536 0.00397982 0.00872557
internal_weight=91.2611 71.3883 61.0133 40.6444 29.8114
internal_count=1827 1451 1241 846 663
is_linear=0
shrinkage=0.03


Tree=54
num_leaves=6
num_cat=0
split_feature=1 1 2 4 6
split_gain=1.06516 2.13988 2.24893 1.76584 3.29837
threshold=1.7004962842293028e-06 2.9501569542844668e-06 7.4439911259105443e-05 151.50000000000003 0.77500000596046459
decision_type=2 2 2 2 2
left_child=-1 -2 -3 4 -4
right_child=1 2 3 -5 -6
leaf_value=-0.0059674636708294425 0.012835365360183294 -0.012073317589614094 -0.0019643742332465155 -0.0061191805545146583 0.01788477426596943
leaf_weight=20.472125258296728 12.931043252348898 12.254634797573088 17.684616340324283 14.787484040483831 13.127589177340271
leaf_count=344 321 220 362 248 332
internal_value=5.9298e-05 0.00180232 -0.000663678 0.00240259 0.00649239
internal_weight=91.2575 70.7854 57.8543 45.5997 30.8122
internal_count=1827 1483 1162 942 694
is_linear=0
shrinkage=0.03


Tree=55
num_leaves=6
num_cat=0
split_feature=0 1 2 1 0
split_gain=1.0301 2.04255 1.47079 2.57889 0.516785
threshold=3.5743387343245563e-06 2.4050967795119509e-06 9.5232720923377215e-05 2.6620037715474613e-05 6.6092434281017645e-05
decision_type=2 2 2 2 2
left_child=-1 -2 -3 4 -4
right_child=1 2 3 -5 -6
leaf_value=0.00611595223193785 -0.013849668947345132 -0.0060466973042321692 0.0067195474213093452 -0.003928152994720849 0.016230802093372743
leaf_weight=19.789151018485427 10.485020313411949 20.563099674880505 10.833188369870188 19.785507692024112 9.7854240015149099
leaf_count=376 210 395 234 357 255
internal_value=5.89152e-05 -0.00161862 0.000484852 0.00380899 0.0112335
internal_weight=91.2414 71.4522 60.9672 40.4041 20.6186
internal_count=1827 1451 1241 846 489
is_linear=0
shrinkage=0.03


Tree=56
num_leaves=7
num_cat=0
split_feature=6 9 1 4 5 1
split_gain=1.02944 2.00443 2.48254 1.86204 2.03829 4.23056
threshold=0.22500000149011615 2.5000000000000004 3.7325685298128523e-06 147.50000000000003 86.57657623291017 6.7195956034993296e-06
decision_type=2 2 2 2 2 2
left_child=-1 3 -3 4 -2 -6
right_child=1 2 -4 -5 5 -7
leaf_value=-0.0063974103047128713 -0.010201111121013153 0.0010313264686252336 0.019865565739767724 -0.011427490288327612 0.022053069488671539 -0.0038733511639460448
leaf_weight=17.875762291252613 9.2504839617758972 16.60192716866732 10.149016741663216 13.682596581056712 9.385799081996085 14.286413133144377
leaf_count=310 175 347 235 226 212 322
internal_value=5.81573e-05 0.00163128 0.00817683 -0.0021258 0.00173996 0.00640622
internal_weight=91.232 73.3562 26.7509 46.6053 32.9227 23.6722
internal_count=1827 1517 582 935 709 534
is_linear=0
shrinkage=0.03


Tree=57
num_leaves=7
num_cat=0
split_feature=0 1 5 2 4 0
split_gain=0.989564 1.89288 1.48792 3.33572 2.91354 4.09183
threshold=3.5743387343245563e-06 2.4050967795119509e-06 92.450141906738295 9.8265118140261634e-05 154.50000000000003 0.00038068402500357484
decision_type=2 2 2 2 2 2
left_child=-1 -2 -3 -4 5 -5
right_child=1 2 3 4 -6 -7
leaf_value=0.00600950679270797 -0.013275263290367666 0.0081279432847892082 -0.017344250710921407 -0.0026710568679012016 -0.011216880789567236 0.022580205078824276
leaf_weight=19.711810668930411 10.611062118783591 16.560577450320125 10.326600247994064 13.791976496577265 10.280272865667937 9.9366290643811208
leaf_count=376 210 362 184 245 169 281
internal_value=5.82037e-05 -0.00158235 0.000455131 -0.00241089 0.00212354 0.0079032
internal_weight=91.2189 71.5071 60.8961 44.3355 34.0089 23.7286
internal_count=1827 1451 1241 879 695 526
is_linear=0
shrinkage=0.03


Tree=58
num_leaves=7
num_cat=0
split_feature=1 1 2 9 4 6
split_gain=0.983893 2.09123 2.40546 1.84523 1.86432 2.63309
threshold=1.7004962842293028e-06 3.0451734573944127e-06 7.2721406468190266e-05 2.5000000000000004 151.50000000000003 0.77500000596046459
decision_type=2 2 2 2 2 2
left_child=-1 -2 -3 4 5 -4
right_child=1 2 3 -5 -6 -7
leaf_value=-0.005710416229622579 0.012130174717711609 -0.013808266363401609 -0.0056623969236900464 0.012152173771922393 -0.012349078736570892 0.01437846028200449
leaf_weight=20.598922822624445 13.984731158241628 10.467959132045506 13.54370941221714 12.155626557767389 10.000306159257887 10.455075794830918
leaf_count=344 342 183 274 266 151 267
internal_value=5.83862e-05 0.00174137 -0.000824469 0.00212028 -0.00146641 0.00306841
internal_weight=91.2063 70.6074 56.6227 46.1547 33.9991 23.9988
internal_count=1827 1483 1141 958 692 541
is_linear=0
shrinkage=0.03


Tree=59
num_leaves=7
num_cat=0
split_feature=6 2 1 5 0 0
split_gain=0.948751 1.89911 3.19841 2.28997 2.66255 2.488
threshold=0.22500000149011615 4.4338030420476578e-05 2.2166750568430875e-06 92.450141906738295 0.00017691844550427052 3.0606370273744694e-05
decision_type=2 2 2 2 2 2
left_child=-1 -2 -3 -4 5 -5
right_child=1 2 3 4 -6 -7
leaf_value=-0.0061127450162620327 0.012356257429418259 -0.01684056181996451 0.012044013542810591 0.0016769008921473543 0.0090116003797589724 -0.017963197243908841
leaf_weight=17.997463375329971 12.245724463835357 9.2470833640545589 15.323316683992742 11.923123940825464 13.139188187196849 11.313048053532837
leaf_count=310 225 194 346 234 340 178
internal_value=5.81877e-05 0.00157559 -0.000590547 0.00231601 -0.00178196 -0.00788532
internal_weight=91.1889 73.1915 60.9458 51.6987 36.3754 23.2362
internal_count=1827 1517 1292 1098 752 412
is_linear=0
shrinkage=0.03


Tree=60
num_leaves=7
num_cat=0
split_feature=0 1 5 2 4 4
split_gain=0.930567 1.79091 1.67467 3.27089 2.28916 3.64243
threshold=3.5743387343245563e-06 2.2829885892861061e-06 92.450141906738295 9.5232720923377215e-05 154.50000000000003 140.50000000000003
decision_type=2 2 2 2 2 2
left_child=-1 -2 -3 -4 5 -5
right_child=1 2 3 4 -6 -7
leaf_value=0.0058505853366836499 -0.01336786073436476 0.0084492399465492547 -0.017508990837747689 -0.0021486435036339154 -0.0098455532699409324 0.022009350869509631
leaf_weight=19.596749285236001 9.9060923773795349 16.813112590461969 10.280623584985731 15.002990582957866 10.599418433383105 8.9787183050066215
leaf_count=376 188 375 179 344 172 193
internal_value=5.81986e-05 -0.00152759 0.000374175 -0.00265217 0.00176462 0.00689608
internal_weight=91.1777 71.581 61.6749 44.8618 34.5811 23.9817
internal_count=1827 1451 1263 888 709 537
is_linear=0
shrinkage=0.03


Tree=61
num_leaves=7
num_cat=0
split_feature=1 1 2 0 4 4
split_gain=0.918696 2.01855 1.95734 1.6914 3.541 3.74733
threshold=1.7004962842293028e-06 2.9501569542844668e-06 7.4439911259105443e-05 2.8232188924448568e-05 152.50000000000003 133.50000000000003
decision_type=2 2 2 2 2 2
left_child=-1 -2 -3 -4 5 -5
right_child=1 2 3 4 -6 -7
leaf_value=-0.0054971596162238451 0.012509675183534911 -0.011209563552059952 0.013237180748610184 -0.0064056561885063798 -0.014599214513672172 0.017288323693067213
leaf_weight=20.706187102943659 12.71907273493707 12.483086636289952 9.8040486983954889 11.766028419137003 11.415853561833499 12.274455331265925
leaf_count=344 321 220 222 271 179 270
internal_value=5.82151e-05 0.00169072 -0.000692353 0.00220836 -0.000841228 0.00569188
internal_weight=91.1687 70.4625 57.7435 45.2604 35.4563 24.0405
internal_count=1827 1483 1162 942 720 541
is_linear=0
shrinkage=0.03


Tree=62
num_leaves=7
num_cat=0
split_feature=0 1 5 2 4 0
split_gain=0.890956 1.86946 1.6071 2.91165 2.02011 2.75073
threshold=3.5743387343245563e-06 2.2618401089857802e-06 92.450141906738295 9.5232720923377215e-05 154.50000000000003 0.00038068402500357484
decision_type=2 2 2 2 2 2
left_child=-1 -2 -3 -4 5 -5
right_child=1 2 3 4 -6 -7
leaf_value=0.0057405829281285134 -0.013635732319633007 0.0083728077541633805 -0.016320228512046772 -0.0017973075514827119 -0.0090611252335673423 0.019028437459129046
leaf_weight=19.516813414171338 9.8387076798826438 16.765234157443047 10.525337118655441 14.157600797712805 10.783286664634941 9.5641346331685764
leaf_count=376 184 377 181 255 172 282
internal_value=5.82806e-05 -0.00148987 0.000443922 -0.00250808 0.00170515 0.00659922
internal_weight=91.1511 71.6343 61.7956 45.0304 34.505 23.7217
internal_count=1827 1451 1267 890 709 537
is_linear=0
shrinkage=0.03


Tree=63
num_leaves=8
num_cat=0
split_feature=7 9 4 5 1 4 0
split_gain=0.865278 3.06176 2.53463 2.85806 4.04043 2.13801 1.32507
threshold=1.0000000180025095e-35 2.5000000000000004 147.50000000000003 87.609649658203139 1.04941614154086e-05 139.50000000000003 2.5412047762074511e-05
decision_type=2 2 2 2 2 2 2
left_child=6 2 3 -2 -5 -3 -1
right_child=1 5 -4 4 -6 -7 -8
leaf_value=0.0017819978669107754 -0.011291586530639233 -0.00028386289240570241 -0.013966568388941629 0.022296183967218046 -0.0050248069924451935 0.018358030764413901 -0.011758766948342887
leaf_weight=13.90206563845277 9.7148322314023989 9.3659117538481969 12.899506041780112 9.7376193497329968 9.7490536663681251 13.543848233297465 12.222705243155358
leaf_count=253 187 204 208 239 218 311 207
internal_value=5.81134e-05 0.00191117 -0.00289145 0.00200088 0.00862767 0.0107369 -0.00455317
internal_weight=91.1355 65.0108 42.101 29.2015 19.4867 22.9098 26.1248
internal_count=1827 1367 852 644 457 515 460
is_linear=0
shrinkage=0.03


Tree=64
num_leaves=7
num_cat=0
split_feature=1 1 2 9 4 2
split_gain=0.888727 1.89404 2.19989 1.71086 1.48156 1.87163
threshold=1.7004962842293028e-06 3.0451734573944127e-06 7.2721406468190266e-05 2.5000000000000004 147.50000000000003 0.00017341459169983867
decision_type=2 2 2 2 2 2
left_child=-1 -2 -3 4 5 -4
right_child=1 2 3 -5 -6 -7
leaf_value=-0.0053970027252645582 0.011684235437185633 -0.013051192592211477 0.014227394302887428 0.011846077487702462 -0.0093846373210335256 -0.0038851242984201235
leaf_weight=20.752947252243757 13.685447942465542 10.63158845156431 8.6894225403666514 11.969676135107873 12.836688585579394 12.55090102739632
leaf_count=344 342 183 205 266 199 288
internal_value=5.85782e-05 0.00166764 -0.000750955 0.00208901 -0.00133819 0.00352471
internal_weight=91.1167 70.3637 56.6783 46.0467 34.077 21.2403
internal_count=1827 1483 1141 958 692 493
is_linear=0
shrinkage=0.03


Tree=65
num_leaves=8
num_cat=0
split_feature=1 5 6 2 4 0 2
split_gain=0.847487 2.20931 1.91252 1.76659 1.83624 2.65945 0.628202
threshold=2.1895403961025299e-06 92.450141906738295 0.55000001192092907 9.5232720923377215e-05 154.50000000000003 0.00038068402500357484 6.4714113250374808e-05
decision_type=2 2 2 2 2 2 2
left_child=2 6 -1 -3 5 -5 -2
right_child=1 3 -4 4 -6 -7 -8
leaf_value=-0.011883928972069668 0.0048996743172811594 -0.011722201694831211 0.0043634162282535039 -0.0017103922228364583 -0.0083651649779650974 0.018841951130310303 0.015935579854949252
leaf_weight=14.318088948726654 8.9363778587430733 11.638691589236258 11.973184054717422 14.188421009108426 10.948575982823966 9.4342209827154857 9.6607214175164682
leaf_count=249 184 207 234 256 172 282 243
internal_value=5.8146e-05 0.00190116 -0.0044848 -0.00161278 0.00179064 0.00649764 0.0106325
internal_weight=91.0983 64.807 26.2913 46.2099 34.5712 23.6226 18.5971
internal_count=1827 1344 483 917 710 538 427
is_linear=0
shrinkage=0.03


Tree=66
num_leaves=7
num_cat=0
split_feature=0 1 5 2 4 0
split_gain=0.85348 1.72145 1.43295 2.65539 1.71689 2.57865
threshold=3.5743387343245563e-06 2.2618401089857802e-06 92.450141906738295 9.5232720923377215e-05 154.50000000000003 0.00038068402500357484
decision_type=2 2 2 2 2 2
left_child=-1 -2 -3 -4 5 -5
right_child=1 2 3 4 -6 -7
leaf_value=0.0056337677804688714 -0.01302671102245026 0.0079810836651758674 -0.015391025755252134 -0.0017521072040688735 -0.0080569275632694989 0.018595358413594377
leaf_weight=19.435034368187189 9.9608407039195281 16.498875714838505 10.717404838651417 14.168504901230337 11.025224726647137 9.2749745417386276
leaf_count=376 184 377 181 255 172 282
internal_value=5.79686e-05 -0.00145455 0.00041411 -0.00234883 0.0017064 0.00629799
internal_weight=91.0809 71.6458 61.685 45.1861 34.4687 23.4435
internal_count=1827 1451 1267 890 709 537
is_linear=0
shrinkage=0.03


Tree=67
num_leaves=7
num_cat=0
split_feature=5 5 1 0 2 1
split_gain=0.821356 3.99289 2.19412 2.06933 4.84112 1.0764
threshold=87.609649658203139 92.450141906738295 1.7630673028179446e-06 1.8392835045233372e-05 0.00023533624334959316 5.6779192163958221e-05
decision_type=2 2 2 2 2 2
left_child=2 -2 -1 -3 -5 -6
right_child=1 3 -4 4 5 -7
leaf_value=-0.012123872832896496 0.019439036830774491 0.0076774439179367049 0.0046331277455272249 -0.019078779236287109 0.0095162940082717199 -0.0035297520873898086
leaf_weight=14.862639812752606 9.9143353011459094 16.071913359686732 13.348599236458538 14.046111434698103 11.958803289569916 10.861542101949452
leaf_count=234 239 306 300 247 281 220
internal_value=5.76697e-05 0.00196648 -0.00419503 -0.00130579 -0.00522203 0.00330691
internal_weight=91.0639 62.8527 28.2112 52.9384 36.8665 22.8203
internal_count=1827 1293 534 1054 748 501
is_linear=0
shrinkage=0.03


Tree=68
num_leaves=6
num_cat=0
split_feature=0 1 9 0 9
split_gain=0.832301 1.61338 1.53342 1.60633 1.17936
threshold=3.5743387343245563e-06 4.6472214307868862e-06 2.5000000000000004 0.00017691844550427052 2.5000000000000004
decision_type=2 2 2 2 2
left_child=-1 4 3 -3 -2
right_child=1 2 -4 -5 -6
leaf_value=0.0055723913561219231 -0.0016417302520794442 -0.0061206369102188513 0.011336699463146109 0.0074566821782721029 -0.01452038169380304
leaf_weight=19.387598689645529 14.255444795824589 21.911326583474874 11.669592336751519 12.214033871889113 11.612613773904739
leaf_count=376 276 393 259 293 230
internal_value=5.78982e-05 -0.00143398 0.00194911 -0.00126109 -0.00742318
internal_weight=91.0506 71.663 45.795 34.1254 25.8681
internal_count=1827 1451 945 686 506
is_linear=0
shrinkage=0.03


Tree=69
num_leaves=7
num_cat=0
split_feature=6 2 1 4 9 0
split_gain=0.796933 1.80193 3.04511 1.84656 1.00672 1.08186
threshold=0.22500000149011615 4.4338030420476578e-05 2.1895403961025299e-06 126.50000000000001 2.5000000000000004 4.797241308551748e-05
decision_type=2 2 2 2 2 2
left_child=-1 -2 -3 -4 5 -5
right_child=1 2 3 4 -6 -7
leaf_value=-0.0055521912364507138 0.012053575718106302 -0.016435298877465528 0.012295591838923564 -0.0097425547331384376 0.0067750643622012325 0.0020141709591935376
leaf_weight=18.231164800003171 12.060702202841638 9.3039819132536632 12.409521972760556 14.368097478523852 10.85145636834204 13.820038069970904
leaf_count=310 225 189 302 271 259 271
internal_value=5.70446e-05 0.00146149 -0.000641252 0.00221492 -0.000989425 -0.00397848
internal_weight=91.045 72.8138 60.7531 51.4491 39.0396 28.1881
internal_count=1827 1517 1292 1103 801 542
is_linear=0
shrinkage=0.03


Tree=70
num_leaves=7
num_cat=0
split_feature=5 5 1 0 2 1
split_gain=0.778757 3.83702 2.08573 2.02087 4.31615 1.05184
threshold=87.609649658203139 92.450141906738295 1.7630673028179446e-06 1.8392835045233372e-05 0.00023533624334959316 5.6779192163958221e-05
decision_type=2 2 2 2 2 2
left_child=2 -2 -1 -3 -5 -6
right_child=1 3 -4 4 5 -7
leaf_value=-0.011755037349735493 0.019213757193173989 0.0076296129250857511 0.0045636246968738187 -0.018004123811478381 0.0092237590765472336 -0.0037271703470404499
leaf_weight=14.978563800454141 9.7518990878015739 16.039343358948827 13.315482096746562 14.33086136728525 11.817104740068318 10.804307241924105
leaf_count=234 239 306 300 247 281 220
internal_value=5.65911e-05 0.00191986 -0.0040753 -0.00126269 -0.00512244 0.00303821
internal_weight=91.0376 62.7435 28.294 52.9916 36.9523 22.6214
internal_count=1827 1293 534 1054 748 501
is_linear=0
shrinkage=0.03


Tree=71
num_leaves=6
num_cat=0
split_feature=0 1 1 4 9
split_gain=0.799263 1.51334 1.4777 1.66512 1.0922
threshold=3.5743387343245563e-06 4.6472214307868862e-06 3.1737812605570077e-05 137.50000000000003 2.5000000000000004
decision_type=2 2 2 2 2
left_child=-1 4 3 -3 -2
right_child=1 2 -4 -5 -6
leaf_value=0.0054734515464483378 -0.0016005225850395613 0.014432927897520645 -0.0049293012155419485 -0.00028912897539176295 -0.013952559719707065
leaf_weight=19.314341155812144 14.267913158051671 12.299471933394672 17.601737199351192 15.792233432643114 11.74716906622052
leaf_count=376 276 307 322 316 230
internal_value=5.67335e-05 -0.00140223 0.0018862 0.00615667 -0.00717811
internal_weight=91.0229 71.7085 45.6934 28.0917 26.0151
internal_count=1827 1451 945 623 506
is_linear=0
shrinkage=0.03


Tree=72
num_leaves=6
num_cat=0
split_feature=0 1 9 0 9
split_gain=0.754656 1.41549 1.43583 1.48707 1.00697
threshold=3.5743387343245563e-06 4.6472214307868862e-06 2.5000000000000004 0.00017691844550427052 2.5000000000000004
decision_type=2 2 2 2 2
left_child=-1 4 3 -3 -2
right_child=1 2 -4 -5 -6
leaf_value=0.0053353655487426259 -0.001550304313130085 -0.0058965260643457319 0.011003740843799877 0.0071975239258880589 -0.013367370104601877
leaf_weight=19.221228484064341 14.287874459289016 22.025079922750592 11.494853707030414 12.091195566579698 11.891333977691827
leaf_count=376 276 393 259 293 230
internal_value=5.58991e-05 -0.00135763 0.0018338 -0.00125585 -0.00691795
internal_weight=91.0116 71.7903 45.6111 34.1163 26.1792
internal_count=1827 1451 945 686 506
is_linear=0
shrinkage=0.03


Tree=73
num_leaves=7
num_cat=0
split_feature=6 9 1 5 1 0
split_gain=0.760081 1.7423 2.10773 1.6475 1.99594 0.948986
threshold=0.22500000149011615 2.5000000000000004 3.7325685298128523e-06 86.57657623291017 6.7195956034993296e-06 0.00012501409946708011
decision_type=2 2 2 2 2 2
left_child=-1 3 -3 -2 -5 -6
right_child=1 2 -4 4 5 -7
leaf_value=-0.0054116117097470686 -0.012296475158153422 0.0012083847708139689 0.018934569223192331 0.010613751620527641 -0.0096106851259426564 0.0026451199782978542
leaf_weight=18.290265271440148 10.833858059719203 16.663673372939233 9.4668439216911775 12.689450911246238 12.880678767338397 10.180180882103739
leaf_count=310 204 347 235 270 224 237
internal_value=5.50189e-05 0.00143007 0.00763042 -0.0020479 0.00105785 -0.00420038
internal_weight=91.005 72.7147 26.1305 46.5842 35.7503 23.0609
internal_count=1827 1517 582 935 731 461
is_linear=0
shrinkage=0.03


Tree=74
num_leaves=8
num_cat=0
split_feature=0 1 5 2 4 0 6
split_gain=0.73111 1.69054 1.41915 1.90143 1.62281 2.45454 0.886151
threshold=3.5743387343245563e-06 2.2166750568430875e-06 92.940196990966811 9.6207455499097718e-05 154.50000000000003 0.00038068402500357484 0.77500000596046459
decision_type=2 2 2 2 2 2 2
left_child=-1 -2 6 -4 5 -5 -3
right_child=1 2 3 4 -6 -7 -8
leaf_value=0.005259953948861586 -0.012792993281088823 0.014481275556096773 -0.013503287400816169 -0.0021804587483636958 -0.0084003003608164074 0.017985474349451223 0.0010097470674210174
leaf_weight=19.16846645064652 9.9784098565578443 8.7634141882881522 10.494672713801263 13.971230207011105 10.915033698081968 8.8879609405994398 8.8150258669629693
leaf_count=376 175 204 176 246 167 281 202
internal_value=5.45776e-05 -0.00133461 0.000514084 -0.00234954 0.00111626 0.00566033 0.00772573
internal_weight=90.9942 71.8257 61.8473 44.2689 33.7742 22.8592 17.5784
internal_count=1827 1451 1276 870 694 527 406
is_linear=0
shrinkage=0.03


Tree=75
num_leaves=7
num_cat=0
split_feature=4 2 1 4 6 4
split_gain=0.747445 1.8597 3.13624 1.61531 1.29953 0.917578
threshold=140.50000000000003 5.6003867939580239e-05 9.395169854542475e-06 135.50000000000003 0.63333335518836986 121.50000000000001
decision_type=2 2 2 2 2 2
left_child=3 -2 -3 4 -1 -6
right_child=1 2 -4 -5 5 -7
leaf_value=-0.0055254977694009734 0.012664394583650665 -0.011334924296390129 0.0074223899234237131 -0.013318155100964995 -0.00084024195314233246 0.012507865807112337
leaf_weight=17.564392146654427 12.452767975628374 14.523079015314577 17.923273203894496 9.9717638287693244 9.2311402317136544 9.3090244354680163
leaf_count=337 236 287 323 215 226 203
internal_value=5.43489e-05 0.00280901 -0.000973437 -0.00262994 0.000322054 0.00586185
internal_weight=90.9754 44.8991 32.4464 46.0763 36.1046 18.5402
internal_count=1827 846 610 981 766 429
is_linear=0
shrinkage=0.03


Tree=76
num_leaves=7
num_cat=0
split_feature=5 5 1 0 0 4
split_gain=0.751511 2.78812 2.01431 1.81046 3.14758 1.71632
threshold=87.609649658203139 92.63776016235353 1.7630673028179446e-06 1.8392835045233372e-05 0.00011050022658309901 147.50000000000003
decision_type=2 2 2 2 2 2
left_child=2 -2 -1 -3 -5 -6
right_child=1 3 -4 4 5 -7
leaf_value=-0.011514855697686288 0.016453038289883544 0.0075645788712868506 0.004512202058127821 -0.014122388073284947 0.011007502559680435 -0.0068160702393456341
leaf_weight=15.051180467009546 9.9496068563312274 15.983778065070508 13.289027206599711 16.747386019676924 11.568013833835723 8.3882451513782126
leaf_count=234 246 304 300 269 314 160
internal_value=5.3963e-05 0.001888 -0.0039996 -0.000862492 -0.00453233 0.00351569
internal_weight=90.9772 62.637 28.3402 52.6874 36.7036 19.9563
internal_count=1827 1293 534 1047 743 474
is_linear=0
shrinkage=0.03


Tree=77
num_leaves=7
num_cat=0
split_feature=4 2 1 4 6 4
split_gain=0.73274 1.76842 3.01304 1.5037 1.22597 0.887498
threshold=140.50000000000003 5.6003867939580239e-05 9.395169854542475e-06 135.50000000000003 0.63333335518836986 121.50000000000001
decision_type=2 2 2 2 2 2
left_child=3 -2 -3 4 -1 -6
right_child=1 2 -4 -5 5 -7
leaf_value=-0.0053945091713840194 0.012457758191214755 -0.010979278270190188 0.0073751292139693329 -0.012850655399747765 -0.00090763572544091378 0.01226514780001226
leaf_weight=17.619942583143711 12.331213165074585 14.635020097717641 17.888221111148596 10.070214265957473 9.2108477959409374 9.2017499869689328
leaf_count=337 236 287 323 215 226 203
internal_value=5.39395e-05 0.00278379 -0.000884107 -0.00260199 0.000262257 0.0056755
internal_weight=90.9572 44.8545 32.5232 46.1028 36.0325 18.4126
internal_count=1827 846 610 981 766 429
is_linear=0
shrinkage=0.03


Tree=78
num_leaves=7
num_cat=0
split_feature=5 5 1 0 0 4
split_gain=0.718886 2.67754 1.92134 1.73723 2.90513 1.65838
threshold=87.609649658203139 92.63776016235353 1.7630673028179446e-06 1.8392835045233372e-05 0.00011050022658309901 147.50000000000003
decision_type=2 2 2 2 2 2
left_child=2 -2 -1 -3 -5 -6
right_child=1 3 -4 4 5 -7
leaf_value=-0.011201507263830466 0.016233489825152176 0.0074536513791027504 0.0044377603024872286 -0.013531087164084177 0.01079851782279493 -0.0067470438163720935
leaf_weight=15.151900967583062 9.8203589553013426 15.916501807048915 13.254500597715376 16.950580710545182 11.461665238253774 8.4026636956259591
leaf_count=234 246 304 300 269 314 160
internal_value=5.3508e-05 0.0018508 -0.00390418 -0.00082774 -0.0044081 0.0033767
internal_weight=90.9582 62.5518 28.4064 52.7314 36.8149 19.8643
internal_count=1827 1293 534 1047 743 474
is_linear=0
shrinkage=0.03


Tree=79
num_leaves=7
num_cat=0
split_feature=4 2 1 4 2 2
split_gain=0.71787 1.68187 2.89558 1.40043 1.2057 3.46251
threshold=140.50000000000003 5.6003867939580239e-05 9.395169854542475e-06 135.50000000000003 0.00018792724586091938 5.6003867939580239e-05
decision_type=2 2 2 2 2 2
left_child=3 -2 -3 4 5 -1
right_child=1 2 -4 -5 -6 -7
leaf_value=-0.0062702792700034217 0.012253196954464913 -0.010638866259049154 0.0073259965152389908 -0.012405327770380604 -0.0083892190272697367 0.015937197428606442
leaf_weight=14.051596343517305 12.212809912860392 14.7434821780771 17.852058001793921 10.165562297217546 10.429757531732319 11.482183031737803
leaf_count=244 236 287 323 215 261 261
internal_value=5.342e-05 0.00275788 -0.000799797 -0.00257361 0.000205454 0.00371611
internal_weight=90.9374 44.8084 32.5955 46.1291 35.9635 25.5338
internal_count=1827 846 610 981 766 505
is_linear=0
shrinkage=0.03


Tree=80
num_leaves=6
num_cat=0
split_feature=4 2 2 4 6
split_gain=0.719244 2.06373 2.00718 1.15253 2.68796
threshold=121.50000000000001 5.081240306026303e-05 9.5232720923377215e-05 154.50000000000003 0.6904762089252473
decision_type=2 2 2 2 2
left_child=-1 -2 -3 4 -4
right_child=1 2 3 -5 -6
leaf_value=-0.0055363860894944656 0.0098606635148278336 -0.0090763984899225186 -0.0019936363395149218 -0.0047406460827361932 0.018942339443113725
leaf_weight=16.873516251333058 18.971002325415611 20.409875018522143 13.204320387914777 11.993926266208289 9.4830176522955298
leaf_count=382 353 378 267 189 258
internal_value=5.33034e-05 0.0013268 -0.0016119 0.00278095 0.00675733
internal_weight=90.9357 74.0621 55.0911 34.6813 22.6873
internal_count=1827 1445 1092 714 525
is_linear=0
shrinkage=0.03


Tree=81
num_leaves=7
num_cat=0
split_feature=5 5 1 0 0 4
split_gain=0.699508 2.56365 1.85255 1.68452 3.71094 1.60158
threshold=87.609649658203139 92.63776016235353 1.7630673028179446e-06 2.8232188924448568e-05 0.00011050022658309901 147.50000000000003
decision_type=2 2 2 2 2 2
left_child=2 -2 -1 -3 -5 -6
right_child=1 3 -4 4 5 -7
leaf_value=-0.010982712753330374 0.016011241033989425 0.0061499199030846125 0.0043679882707656536 -0.017233325870635519 0.010635433571257491 -0.0066192356513842393
leaf_weight=15.221596736460926 9.6909455526620132 19.772328086197376 13.220990257337688 13.216122690588234 11.377915057353677 8.4275139449164254
leaf_count=234 246 381 300 192 314 160
internal_value=5.28401e-05 0.00182812 -0.00384723 -0.000775358 -0.00492201 0.00329331
internal_weight=90.9274 62.4848 28.4426 52.7939 33.0216 19.8054
internal_count=1827 1293 534 1047 666 474
is_linear=0
shrinkage=0.03


Tree=82
num_leaves=7
num_cat=0
split_feature=4 2 1 4 2 2
split_gain=0.706238 1.55005 2.73537 1.33487 1.18341 3.62018
threshold=140.50000000000003 5.6003867939580239e-05 9.395169854542475e-06 135.50000000000003 0.00015719753719167787 5.6003867939580239e-05
decision_type=2 2 2 2 2 2
left_child=3 -2 -3 4 5 -1
right_child=1 2 -4 -5 -6 -7
leaf_value=-0.0060374939684310243 0.011942179261159673 -0.010130299334562156 0.007285870713177124 -0.012113122764824616 -0.0078533338385904858 0.017244366182012024
leaf_weight=14.129444837570192 12.0376044139266 14.90767588932067 17.815543777309358 10.228046308271585 11.324181506410239 10.461214959621428
leaf_count=244 236 287 323 215 279 243
internal_value=5.28272e-05 0.00273761 -0.000648392 -0.00255154 0.000171461 0.00386694
internal_weight=90.9037 44.7608 32.7232 46.1429 35.9148 24.5907
internal_count=1827 846 610 981 766 487
is_linear=0
shrinkage=0.03


Tree=83
num_leaves=6
num_cat=0
split_feature=4 2 2 1 0
split_gain=0.701462 1.95576 1.91711 1.13922 0.997343
threshold=121.50000000000001 5.081240306026303e-05 9.5232720923377215e-05 2.6620037715474613e-05 7.5936277426080792e-05
decision_type=2 2 2 2 2
left_child=-1 -2 -3 4 -4
right_child=1 2 3 -5 -6
leaf_value=-0.0054619614008340756 0.009665309599896376 -0.0087984677773655321 0.0011472102617184137 -0.0031290021706725487 0.015006680613699799
leaf_weight=16.899728122167289 18.812974898144603 20.536637544631958 9.7558921054005641 15.926627038978038 8.9690880812704545
leaf_count=382 353 378 195 282 237
internal_value=5.26999e-05 0.00131209 -0.00153542 0.0027691 0.00778577
internal_weight=90.9009 74.0012 55.1882 34.6516 18.725
internal_count=1827 1445 1092 714 432
is_linear=0
shrinkage=0.03


Tree=84
num_leaves=7
num_cat=0
split_feature=5 0 2 1 1 4
split_gain=0.680341 2.61675 2.09692 1.85074 1.78632 0.767216
threshold=87.609649658203139 5.4185843509912965e-06 9.5232720923377215e-05 2.6620037715474613e-05 1.7630673028179446e-06 146.50000000000003
decision_type=2 2 2 2 2 2
left_child=4 -2 -3 5 -1 -4
right_child=1 2 3 -5 -6 -7
leaf_value=-0.01076842763037628 0.016159064792272356 -0.010785002161193149 0.0037660929565007713 -0.0039613764315716664 0.0042997894651275155 0.015594937818620258
leaf_weight=15.290152687579395 9.6611898448318225 13.978997068479655 10.839632081799211 18.877407618798316 13.188001006841658 9.059146539308129
leaf_count=234 214 255 300 349 300 175
internal_value=5.19985e-05 0.00180516 -0.000823505 0.00276766 -0.00379046 0.00915131
internal_weight=90.8945 62.4164 52.7552 38.7762 28.4782 19.8988
internal_count=1827 1293 1079 824 534 475
is_linear=0
shrinkage=0.03


Tree=85
num_leaves=7
num_cat=0
split_feature=6 2 1 4 9 4
split_gain=0.666784 1.69104 2.63163 1.62865 1.02854 0.830157
threshold=0.22500000149011615 4.4338030420476578e-05 2.1895403961025299e-06 124.50000000000001 2.5000000000000004 147.50000000000003
decision_type=2 2 2 2 2 2
left_child=-1 -2 -3 -4 5 -5
right_child=1 2 3 4 -6 -7
leaf_value=-0.0050411351917154408 0.011715515216497321 -0.015146101717678233 0.012313336690849526 0.00075942956047774684 0.0070654840593641693 -0.0094353563817760767
leaf_weight=18.441929031163454 11.844805939123033 9.5346884839236719 10.890689884312449 16.40161128714681 10.969966114498673 12.797732740640638
leaf_count=310 225 189 278 362 264 199
internal_value=5.1715e-05 0.00134827 -0.000678274 0.00202338 -0.000766435 -0.00370883
internal_weight=90.8814 72.4395 60.5947 51.06 40.1693 29.1993
internal_count=1827 1517 1292 1103 825 561
is_linear=0
shrinkage=0.03


Tree=86
num_leaves=6
num_cat=0
split_feature=4 2 2 4 6
split_gain=0.700945 1.84131 1.72832 1.07324 2.5815
threshold=121.50000000000001 5.081240306026303e-05 9.5232720923377215e-05 154.50000000000003 0.6904762089252473
decision_type=2 2 2 2 2
left_child=-1 -2 -3 4 -4
right_child=1 2 3 -5 -6
leaf_value=-0.0054618021509100232 0.009462247414083625 -0.0082728420214977106 -0.001979871377317918 -0.0045521148949901067 0.018661027656371374
leaf_weight=16.896327863447368 18.650740686804056 20.78504941239953 13.20303210709244 12.041600281372665 9.2905899276956916
leaf_count=382 353 378 267 189 258
internal_value=5.12725e-05 0.00131056 -0.00143771 0.00267602 0.00654548
internal_weight=90.8673 73.971 55.3203 34.5352 22.4936
internal_count=1827 1445 1092 714 525
is_linear=0
shrinkage=0.03


Tree=87
num_leaves=7
num_cat=0
split_feature=4 2 1 4 2 2
split_gain=0.676592 1.40431 2.49711 1.26071 1.13028 3.52274
threshold=140.50000000000003 5.6003867939580239e-05 9.395169854542475e-06 135.50000000000003 0.00015719753719167787 5.6003867939580239e-05
decision_type=2 2 2 2 2 2
left_child=3 -2 -3 4 5 -1
right_child=1 2 -4 -5 -6 -7
leaf_value=-0.0059369911794484483 0.011550723122292278 -0.0094578257548912151 0.0071387795799653184 -0.011741732661583093 -0.0076542719206305733 0.017086396532647222
leaf_weight=14.160235375165941 11.820552913472055 15.129992400296031 17.708868112415075 10.308339578099547 11.375086083076893 10.355012686923144
leaf_count=244 236 287 323 215 279 243
internal_value=5.07792e-05 0.00268384 -0.000507847 -0.00249455 0.000161399 0.00378787
internal_weight=90.8581 44.6594 32.8389 46.1987 35.8903 24.5152
internal_count=1827 846 610 981 766 487
is_linear=0
shrinkage=0.03


Tree=88
num_leaves=7
num_cat=0
split_feature=5 5 1 0 2 1
split_gain=0.675705 2.31457 1.70696 1.20683 2.22314 1.02468
threshold=87.609649658203139 92.940196990966811 1.7630673028179446e-06 1.8392835045233372e-05 0.00023533624334959316 5.6779192163958221e-05
decision_type=2 2 2 2 2 2
left_child=2 -2 -1 -3 -5 -6
right_child=1 3 -4 4 5 -7
leaf_value=-0.010569414617313795 0.014568632805170508 0.0062931089277199958 0.0041653483040579101 -0.012853942033647208 0.0084792152933909175 -0.0044762625018759635
leaf_weight=15.352760745212437 10.602932960726319 15.185608657076953 13.125029500573872 14.577601902186869 11.4289992377162 10.581332054920493
leaf_count=234 267 291 300 239 277 219
internal_value=5.06308e-05 0.00179875 -0.00377836 -0.000816456 -0.00376724 0.00225095
internal_weight=90.8543 62.3765 28.4778 51.7735 36.5879 22.0103
internal_count=1827 1293 534 1026 735 496
is_linear=0
shrinkage=0.03


Tree=89
num_leaves=7
num_cat=0
split_feature=4 2 2 4 4 2
split_gain=0.669861 1.75188 1.62826 1.42562 1.54754 1.27715
threshold=121.50000000000001 5.081240306026303e-05 0.00010303948511136697 154.50000000000003 140.50000000000003 6.5118620113935335e-05
decision_type=2 2 2 2 2 2
left_child=-1 -2 5 4 -4 -3
right_child=1 2 3 -5 -6 -7
leaf_value=-0.005328751671795205 0.0092759702194584199 -0.00029432792650750417 5.8030646067466485e-05 -0.0054706877190680474 0.016410536842435933 -0.01453782928308244
leaf_weight=16.948482357896864 18.504080571234226 11.099802577868106 11.317223276011648 11.746513755992053 9.6495128432288748 11.572659473866223
leaf_count=382 353 198 263 183 227 221
internal_value=5.03052e-05 0.00128413 -0.00138591 0.00289635 0.00758394 -0.00756461
internal_weight=90.8383 73.8898 55.3857 32.7132 20.9667 22.6725
internal_count=1827 1445 1092 673 490 419
is_linear=0
shrinkage=0.03


Tree=90
num_leaves=7
num_cat=0
split_feature=1 6 1 9 2 0
split_gain=0.655562 1.57003 1.54944 1.50406 1.56753 1.96769
threshold=2.1895403961025299e-06 0.55000001192092907 3.3605803082537027e-06 2.5000000000000004 9.5232720923377215e-05 8.4083956608083113e-05
decision_type=2 2 2 2 2 2
left_child=1 -1 -2 4 -4 -6
right_child=2 -3 3 -5 5 -7
leaf_value=-0.010448172754756074 0.012085644866062331 0.0042076079369723031 -0.013269571086812012 0.0081100039669399267 0.0089722950764754839 -0.0067450812267344515
leaf_weight=14.74237222969532 10.746118081733583 11.879712197929621 10.564752912148831 13.853674167767165 12.881069844588639 16.164976706728339
leaf_count=249 252 234 193 307 232 360
internal_value=4.98761e-05 -0.00390825 0.00169094 -0.000398353 -0.00337411 0.000225114
internal_weight=90.8327 26.6221 64.2106 53.4645 39.6108 29.046
internal_count=1827 483 1344 1092 785 592
is_linear=0
shrinkage=0.03


Tree=91
num_leaves=7
num_cat=0
split_feature=5 5 1 0 0 4
split_gain=0.642593 2.22105 1.6061 1.16664 2.12127 1.58603
threshold=87.609649658203139 92.940196990966811 1.7630673028179446e-06 1.8392835045233372e-05 0.00011050022658309901 147.50000000000003
decision_type=2 2 2 2 2 2
left_child=2 -2 -1 -3 -5 -6
right_child=1 3 -4 4 5 -7
leaf_value=-0.010220392665484941 0.014353563941323191 0.006215657962397648 0.0040616126285262094 -0.01142748960726382 0.010401628299359962 -0.0068433180875537439
leaf_weight=15.469064310193064 10.479578875005243 15.139295680448411 13.077580837532876 17.038922123610973 11.246202610433103 8.373801804147659
leaf_count=234 267 291 300 264 312 159
internal_value=4.95271e-05 0.00175796 -0.00367762 -0.00079032 -0.00368363 0.0030415
internal_weight=90.8244 62.2778 28.5466 51.7982 36.6589 19.62
internal_count=1827 1293 534 1026 735 471
is_linear=0
shrinkage=0.03


Tree=92
num_leaves=6
num_cat=0
split_feature=4 2 2 0 1
split_gain=0.645123 1.70494 1.54775 1.07427 0.785591
threshold=121.50000000000001 5.081240306026303e-05 9.5232720923377215e-05 0.00052027203491888951 2.0370368474686987e-05
decision_type=2 2 2 2 2
left_child=-1 -2 -3 4 -4
right_child=1 2 3 -5 -6
leaf_value=-0.0052212407645552562 0.0091697970138159713 -0.0077800818195259587 0.00051716855988164076 -0.0059601809097783211 0.011202559183194676
leaf_weight=16.990662305615842 18.417536662891507 21.016625173389912 12.390743007883431 9.6089678304269892 12.378827633336185
leaf_count=382 353 378 242 310 162
internal_value=4.92618e-05 0.00126246 -0.00136654 0.00255425 0.00585729
internal_weight=90.8034 73.8127 55.3952 34.3785 24.7696
internal_count=1827 1445 1092 714 404
is_linear=0
shrinkage=0.03


Tree=93
num_leaves=7
num_cat=0
split_feature=1 1 6 7 4 0
split_gain=0.653593 1.433 1.46749 2.41921 1.73416 3.17485
threshold=3.1737812605570077e-05 1.3607432720164072e-05 1.0000000180025095e-35 11.500000000000002 133.50000000000003 7.126588343453478e-06
decision_type=2 2 2 2 2 2
left_child=1 2 -1 4 -4 -6
right_child=-2 -3 3 -5 5 -7
leaf_value=-0.0097880505371352559 -0.005166765125890569 0.011631436284152381 -0.0027601980658150025 -0.0093162919380200271 0.021635463468009215 -0.00022490703717031153
leaf_weight=12.125991877168415 17.467026671394706 10.357542120851575 13.897163806483148 13.040619160979984 11.80673664994538 12.114453818649052
leaf_count=210 322 224 315 254 247 255
internal_value=4.85158e-05 0.00129057 -0.000409929 0.00182604 0.00566816 0.0105647
internal_weight=90.8095 73.3425 62.985 50.859 37.8184 23.9212
internal_count=1827 1505 1281 1071 817 502
is_linear=0
shrinkage=0.03


Tree=94
num_leaves=8
num_cat=0
split_feature=1 5 4 7 6 4 4
split_gain=0.633439 1.47104 1.5832 1.81009 1.41936 1.3854 1.07583
threshold=2.1895403961025299e-06 92.940196990966811 140.50000000000003 2.5000000000000004 0.55000001192092907 153.50000000000003 130.50000000000003
decision_type=2 2 2 2 2 2 2
left_child=4 6 3 -3 -1 -4 -2
right_child=1 2 5 -5 -6 -7 -8
leaf_value=-0.009993727165010232 0.016879795787739918 -0.01669879487966924 0.011433866024816606 0.0011187667503961463 0.0039464786100450681 -0.0027005682269058604 0.0023124646799591985
leaf_weight=14.886949749663472 8.2354736626148242 9.828747018240394 11.601142859086396 10.737485625781117 11.771241890266538 13.508008431643246 10.231192576698957
leaf_count=249 212 194 245 249 234 207 237
internal_value=4.84839e-05 0.00166386 -0.00122492 -0.00739637 -0.00383826 0.00382994 0.00880897
internal_weight=90.8002 64.1421 45.6754 20.5662 26.6582 25.1092 18.4667
internal_count=1827 1344 895 443 483 452 449
is_linear=0
shrinkage=0.03


Tree=95
num_leaves=7
num_cat=0
split_feature=5 5 1 7 0 0
split_gain=0.639309 2.09053 1.50588 1.15228 2.01985 1.56211
threshold=87.609649658203139 92.940196990966811 1.7630673028179446e-06 9.5000000000000018 2.8232188924448568e-05 0.00011050022658309901
decision_type=2 2 2 2 2 2
left_child=2 -2 -1 4 -3 -6
right_child=1 3 -4 -5 5 -7
leaf_value=-0.0099674756794507734 0.014080763912549735 0.0057406959106294691 0.0038700330197301877 0.0066369635759252147 -0.017665150552496362 -0.0021796000836654143
leaf_weight=15.551449289545419 10.326362174935637 13.776293443515895 12.990747926756738 14.054284970276056 10.08322959393263 14.006759501062332
leaf_count=234 267 275 300 283 138 330
internal_value=4.82589e-05 0.00175295 -0.00366945 -0.000698906 -0.00342166 -0.00866131
internal_weight=90.7891 62.2469 28.5422 51.9206 37.8663 24.09
internal_count=1827 1293 534 1026 743 468
is_linear=0
shrinkage=0.03


Tree=96
num_leaves=7
num_cat=0
split_feature=4 7 0 1 4 0
split_gain=0.602217 1.68184 3.33826 1.39334 3.32014 2.79588
threshold=121.50000000000001 13.500000000000002 4.3686432036338382e-06 9.395169854542475e-06 143.50000000000003 0.00013704002776648852
decision_type=2 2 2 2 2 2
left_child=-1 2 -2 4 -4 -5
right_child=1 -3 3 5 -6 -7
leaf_value=-0.0050301704733251114 0.014983613697921491 -0.0092743402043499734 0.0041878991190674947 0.01459790585955382 -0.018434800314784755 -0.0065495074316494657
leaf_weight=17.066108387894928 16.00798218883574 11.576861015520988 12.946098024025561 11.687209656462075 10.634891116991637 10.850280218757687
leaf_count=382 326 229 269 187 192 242
internal_value=4.79665e-05 0.00122382 0.00318008 -0.000916994 -0.00601481 0.00441685
internal_weight=90.7694 73.7033 62.1265 46.1185 23.581 22.5375
internal_count=1827 1445 1216 890 461 429
is_linear=0
shrinkage=0.03


Tree=97
num_leaves=7
num_cat=0
split_feature=0 0 1 5 0 4
split_gain=0.63679 1.90837 1.83018 1.31394 1.84293 1.3309
threshold=1.9084176869910156e-06 4.3686432036338382e-06 2.4932562610047175e-06 93.813774108886733 4.2356767153250992e-05 152.50000000000003
decision_type=2 2 2 2 2 2
left_child=-1 -2 -3 -4 -5 -6
right_child=1 2 3 4 5 -7
leaf_value=-0.0071136895676303432 0.011371860858406073 -0.01300300945782404 0.0084062465899138253 -0.0099822963953565252 0.0082677326311271903 -0.0055584075135748099
leaf_weight=9.9486476071178895 13.182646749541162 9.9281999394297582 15.51609745621681 15.61774457618594 16.455400947481397 10.119190054014323
leaf_count=176 279 185 371 271 393 152
internal_value=4.82176e-05 0.00092983 -0.00110536 0.000941517 -0.00180361 0.00300295
internal_weight=90.7679 80.8193 67.6366 57.7084 42.1923 26.5746
internal_count=1827 1651 1372 1187 816 545
is_linear=0
shrinkage=0.03


Tree=98
num_leaves=8
num_cat=0
split_feature=5 0 0 4 0 1 1
split_gain=0.641843 1.95312 2.3584 1.47928 3.43561 1.41313 1.29612
threshold=87.609649658203139 1.8392835045233372e-05 4.2356767153250992e-05 154.50000000000003 0.00038068402500357484 1.7630673028179446e-06 3.0451734573944127e-06
decision_type=2 2 2 2 2 2 2
left_child=5 6 -3 4 -4 -1 -2
right_child=1 2 3 -5 -6 -7 -8
leaf_value=-0.0097458484545410052 0.016856654384921628 -0.014530581613952992 -0.0048457487084360108 -0.007700780162007319 0.019338827166327829 0.0036695779469316076 0.0020029417042320085
leaf_weight=15.624486191198232 10.198078133165838 10.244563624262808 11.267093924805527 9.5789455734193307 9.9594915024936181 12.901996517553924 10.979159468784927
leaf_count=234 241 184 181 144 335 300 208
internal_value=4.79281e-05 0.00175612 -0.00206132 0.00208541 0.00650163 -0.0036783 0.00915587
internal_weight=90.7538 62.2273 41.0501 30.8055 21.2266 28.5265 21.1772
internal_count=1827 1293 844 660 516 534 449
is_linear=0
shrinkage=0.03


Tree=99
num_leaves=7
num_cat=0
split_feature=4 4 2 1 2 2
split_gain=0.632254 1.23573 1.19542 2.20058 1.12589 3.06916
threshold=140.50000000000003 135.50000000000003 5.6003867939580239e-05 9.395169854542475e-06 0.00018792724586091938 5.6003867939580239e-05
decision_type=2 2 2 2 2 2
left_child=1 4 -2 -4 5 -1
right_child=2 -3 3 -5 -6 -7
leaf_value=-0.0055730277417149442 0.010938682784485952 -0.011544068768916818 -0.0085712507338443628 0.0069580087315377417 -0.0080380786032182173 0.015440292982516915
leaf_weight=14.269043114036323 11.483481783419846 10.343651311472057 15.418427933007477 17.572408290579915 10.502558609470723 11.139109740033744
leaf_count=244 236 215 287 323 261 261
internal_value=4.81552e-05 -0.00240753 0.00260213 -0.000299666 0.000224138 0.00363936
internal_weight=90.7287 46.2544 44.4743 32.9908 35.9107 25.4082
internal_count=1827 981 846 610 766 505
is_linear=0
shrinkage=0.03


Tree=100
num_leaves=7
num_cat=0
split_feature=1 1 7 6 4 0
split_gain=0.622388 1.35402 1.39496 2.23964 1.7106 2.89341
threshold=3.1737812605570077e-05 1.3607432720164072e-05 11.500000000000002 1.0000000180025095e-35 133.50000000000003 7.126588343453478e-06
decision_type=2 2 2 2 2 2
left_child=1 2 3 -1 -5 -6
right_child=-2 -3 -4 4 5 -7
leaf_value=-0.0092233126520652291 -0.0050324416062222819 0.011382528210659409 -0.0090937033285057329 -0.0028382019332644356 0.021279981824378392 0.00032313454714251525
leaf_weight=12.268821226432918 17.513070018030703 10.236621336080132 13.100118885748087 13.857345163822172 11.447766834869983 12.29983744677156
leaf_count=210 322 224 254 315 247 255
internal_value=4.79499e-05 0.00126326 -0.000381665 0.00190669 0.00553791 0.0104256
internal_weight=90.7236 73.2105 62.9739 49.8738 37.6049 23.7476
internal_count=1827 1505 1281 1027 817 502
is_linear=0
shrinkage=0.03


Tree=101
num_leaves=7
num_cat=0
split_feature=5 5 1 7 0 0
split_gain=0.620094 1.9281 1.3496 1.13872 1.86468 1.42973
threshold=87.609649658203139 92.940196990966811 2.1895403961025299e-06 9.5000000000000018 2.8232188924448568e-05 0.00011050022658309901
decision_type=2 2 2 2 2 2
left_child=2 -2 -1 4 -3 -6
right_child=1 3 -4 -5 5 -7
leaf_value=-0.0088091661121639086 0.013710493785214425 0.0055558068006625605 0.0045683770388669246 0.0066884595354993756 -0.016819080628768624 -0.0020770149906927846
leaf_weight=17.465615404769782 10.120268166996537 13.677225908264516 11.101386673748491 14.070568794384597 10.238990575075151 14.038930193521081
leaf_count=277 267 275 257 283 138 330
internal_value=4.78505e-05 0.00172952 -0.00361054 -0.000601069 -0.00330341 -0.00829435
internal_weight=90.713 62.146 28.567 52.0257 37.9551 24.2779
internal_count=1827 1293 534 1026 743 468
is_linear=0
shrinkage=0.03


Tree=102
num_leaves=7
num_cat=0
split_feature=4 7 0 1 4 0
split_gain=0.587973 1.59807 3.05083 1.26183 2.99082 2.7735
threshold=121.50000000000001 13.500000000000002 4.3686432036338382e-06 9.395169854542475e-06 143.50000000000003 0.00013704002776648852
decision_type=2 2 2 2 2 2
left_child=-1 2 -2 4 -4 -5
right_child=1 -3 3 5 -6 -7
leaf_value=-0.0049668993957306725 0.014578575508625572 -0.0089834850828610525 0.0041990401151916889 0.014528247783807537 -0.017134370683721822 -0.0065607343184401409
leaf_weight=17.081824213266373 15.650951871648429 11.64885883592069 12.940636154264213 11.636852765455844 10.892964831553398 10.841443194076417
leaf_count=382 326 229 269 187 192 242
internal_value=4.74889e-05 0.00121109 0.00312765 -0.000742155 -0.00555123 0.00435688
internal_weight=90.6935 73.6117 61.9628 46.3119 23.8336 22.4783
internal_count=1827 1445 1216 890 461 429
is_linear=0
shrinkage=0.03


Tree=103
num_leaves=8
num_cat=0
split_feature=0 5 5 0 0 4 0
split_gain=0.622633 1.74957 1.22789 1.14748 2.23625 1.38462 3.34454
threshold=1.9084176869910156e-06 83.130081176757827 88.416816711425795 1.8392835045233372e-05 4.2356767153250992e-05 154.50000000000003 0.00038068402500357484
decision_type=2 2 2 2 2 2 2
left_child=-1 -2 -3 -4 -5 6 -6
right_child=1 2 3 4 5 -7 -8
leaf_value=-0.0070289997801022278 0.011622536835986061 -0.010705858763858775 0.0070233506406080825 -0.014125393335788055 -0.0048262713121161255 -0.0073968649804185115 0.019143026061383458
leaf_weight=9.9607546739280206 11.748038001358507 9.8546972004696709 18.104050889611244 10.320174591615794 11.258175684139138 9.6448197215795499 9.7997895302250964
leaf_count=176 230 207 379 183 178 144 330
internal_value=4.76414e-05 0.000920785 -0.000901793 0.00073225 -0.00204411 0.00201679 0.00632837
internal_weight=90.6905 80.7297 68.9817 59.127 41.023 30.7028 21.058
internal_count=1827 1651 1421 1214 835 652 508
is_linear=0
shrinkage=0.03


Tree=104
num_leaves=7
num_cat=0
split_feature=4 4 7 7 2 2
split_gain=0.610595 1.22761 1.11575 2.51728 1.07115 2.92656
threshold=140.50000000000003 135.50000000000003 4.5000000000000009 1.0000000180025095e-35 0.00018792724586091938 5.6003867939580239e-05
decision_type=2 2 2 2 2 2
left_child=1 4 3 -2 5 -1
right_child=2 -3 -4 -5 -6 -7
leaf_value=-0.0053219937139424665 -0.0023722454011085841 -0.011461471571292329 -0.0027651353512778945 0.016801100171903265 -0.0077652583512980702 0.015237820609337678
leaf_weight=14.35310576297343 12.869917301461102 10.359353005886076 19.689284925349057 11.82546437717974 10.565644078887997 11.011354323476551
leaf_count=244 206 215 386 254 261 261
internal_value=4.77555e-05 -0.00236288 0.00256185 0.00680897 0.000260421 0.00360354
internal_weight=90.6741 46.2895 44.3847 24.6954 35.9301 25.3645
internal_count=1827 981 846 460 766 505
is_linear=0
shrinkage=0.03


Tree=105
num_leaves=7
num_cat=0
split_feature=5 5 1 7 4 1
split_gain=0.600306 1.83685 1.28496 1.12435 1.84279 1.61957
threshold=87.609649658203139 92.940196990966811 2.1895403961025299e-06 9.5000000000000018 132.50000000000003 9.1552360572677588e-06
decision_type=2 2 2 2 2 2
left_child=2 -2 -1 4 -3 -6
right_child=1 3 -4 -5 5 -7
leaf_value=-0.0085959307534340702 0.01348283162726575 -0.013455071049021142 0.0044613212620328952 0.0066892388884959731 -0.0070045073080236483 0.007801488246053933
leaf_weight=17.54607526212931 9.9974274970591051 11.205140339210628 11.058057837188242 14.06597157102078 12.248076331801714 14.545626966282724
leaf_count=277 267 238 257 283 241 264
internal_value=4.7568e-05 0.00170481 -0.00354813 -0.000556797 -0.00323905 0.00103329
internal_weight=90.6664 62.0622 28.6041 52.0648 37.9988 26.7937
internal_count=1827 1293 534 1026 743 505
is_linear=0
shrinkage=0.03


Tree=106
num_leaves=7
num_cat=0
split_feature=1 2 7 5 7 0
split_gain=0.573672 1.29128 1.23635 3.2523 2.61092 0.473512
threshold=3.1737812605570077e-05 0.00010303948511136697 10.500000000000002 84.924243927001967 1.5000000000000002 9.7445790743222474e-05
decision_type=2 2 2 2 2 2
left_child=1 2 3 -1 -5 -3
right_child=-2 5 -4 4 -6 -7
leaf_value=0.012127567364192324 -0.0048149038222622996 0.011428710707531327 -0.010142495037177172 -0.015090936254789416 0.004412121783504871 0.0026158486556328766
leaf_weight=14.972422538325189 17.600132445804775 11.680784326046707 11.330851858481763 12.679886607453229 12.047350388020275 10.348094087094067
leaf_count=270 322 231 204 233 266 301
internal_value=4.72248e-05 0.00121852 -0.00140193 0.00109276 -0.00558886 0.00728886
internal_weight=90.6595 73.0594 51.0305 39.6997 24.7272 22.0289
internal_count=1827 1505 973 769 499 532
is_linear=0
shrinkage=0.03


Tree=107
num_leaves=7
num_cat=0
split_feature=5 5 1 7 0 0
split_gain=0.599801 1.7599 1.2326 1.05824 1.77206 1.35641
threshold=87.609649658203139 92.940196990966811 2.1895403961025299e-06 9.5000000000000018 2.8232188924448568e-05 0.00011050022658309901
decision_type=2 2 2 2 2 2
left_child=2 -2 -1 4 -3 -6
right_child=1 3 -4 -5 5 -7
leaf_value=-0.0084732104194048929 0.013297847256110881 0.0055637591383915237 0.0043273029042653656 0.0065572201939442919 -0.016161490917889477 -0.0018681593505964218
leaf_weight=17.594035265967253 9.9025741452351195 13.674430735409258 11.005203353241084 13.998410387896 10.362127166241409 14.114903298206626
leaf_count=277 267 275 257 283 138 330
internal_value=4.70304e-05 0.0017037 -0.00354748 -0.000497881 -0.00308652 -0.00791911
internal_weight=90.6517 62.0524 28.5992 52.1499 38.1515 24.477
internal_count=1827 1293 534 1026 743 468
is_linear=0
shrinkage=0.03


Tree=108
num_leaves=7
num_cat=0
split_feature=1 6 0 0 1 4
split_gain=0.649609 0.886053 4.62756 2.74077 2.70462 1.6077
threshold=1.1677478823912681e-06 0.6904762089252473 5.9947954014205615e-06 6.5204078509850669e-06 1.0834789009095404e-05 140.50000000000003
decision_type=2 2 2 2 2 2
left_child=-1 3 -3 -2 -4 -5
right_child=1 2 4 5 -6 -7
leaf_value=-0.0072368820007642871 0.016347656241411403 -0.020173898541962779 0.013558741765159199 -0.0068234243607971472 -0.005863798251713021 0.0063050197771771814
leaf_weight=9.8259775415062887 11.525677526369689 9.7866607736796123 13.181599402800204 17.713732501491904 12.640257906168697 15.957838132046161
leaf_count=160 231 202 317 356 293 268
internal_value=4.66219e-05 0.000932296 -0.00260694 0.00372067 0.00405106 -0.000601511
internal_weight=90.6317 80.8058 35.6085 45.1972 25.8219 33.6716
internal_count=1827 1667 812 855 610 624
is_linear=0
shrinkage=0.03


Tree=109
num_leaves=7
num_cat=0
split_feature=1 7 1 1 1 9
split_gain=0.608159 0.847443 1.6382 2.41306 2.15064 3.22697
threshold=1.1677478823912681e-06 13.500000000000002 2.6620037715474613e-05 9.395169854542475e-06 3.4847706729124188e-06 2.5000000000000004
decision_type=2 2 2 2 2 2
left_child=-1 2 3 4 5 -2
right_child=1 -3 -4 -5 -6 -7
leaf_value=-0.006976073774931325 0.018827002642208397 -0.0057241227849596068 -0.0059286418251899356 0.01769063420840428 -0.0072005547318821396 -0.0031251712262026134
leaf_weight=9.8865906298160535 11.346616647206249 14.278437705710529 16.30752248223871 10.649957478977738 15.306855847127734 12.854234931990502
leaf_count=160 233 298 291 244 322 279
internal_value=4.69509e-05 0.00090688 0.00233139 0.00501694 0.00160053 0.00716715
internal_weight=90.6302 80.7436 66.4652 50.1577 39.5077 24.2009
internal_count=1827 1667 1369 1078 834 512
is_linear=0
shrinkage=0.03


Tree=110
num_leaves=7
num_cat=0
split_feature=0 1 4 4 7 0
split_gain=0.56668 1.25194 0.771632 1.40567 1.16633 1.74221
threshold=3.5743387343245563e-06 2.1895403961025299e-06 119.50000000000001 132.50000000000003 11.500000000000002 0.00011240871754125693
decision_type=2 2 2 2 2 2
left_child=-1 -2 -3 -4 5 -5
right_child=1 2 3 4 -6 -7
leaf_value=0.0046983562519782836 -0.010809257511530935 0.0080302698137738118 -0.010805830214385812 0.0096833927875505411 -0.0070545930858971562 -0.0054913608234130008
leaf_weight=18.706857895478606 10.363890614360569 10.127460153773425 10.526742894202469 19.903631383553151 10.643264660611747 10.350167029537259
leaf_count=376 172 254 230 358 198 239
internal_value=4.69625e-05 -0.00116298 0.000461247 -0.0010294 0.00148701 0.00449194
internal_weight=90.622 71.9152 61.5513 51.4238 40.8971 30.2538
internal_count=1827 1451 1279 1025 795 597
is_linear=0
shrinkage=0.03


Tree=111
num_leaves=6
num_cat=0
split_feature=4 2 2 0 1
split_gain=0.58554 1.47471 1.54336 1.02168 0.791705
threshold=121.50000000000001 5.081240306026303e-05 9.5232720923377215e-05 0.00052027203491888951 2.0370368474686987e-05
decision_type=2 2 2 2 2
left_child=-1 -2 -3 4 -4
right_child=1 2 3 -5 -6
leaf_value=-0.0049596487411156165 0.0086681394176170486 -0.0076100818375562131 0.00056265653276961708 -0.0055580204555546135 0.011286620177783696
leaf_weight=17.06750023830682 18.009397903457284 21.058688679710031 12.38447833247483 9.6974659487605077 12.39861638844013
leaf_count=382 353 378 242 310 162
internal_value=4.64463e-05 0.00120815 -0.00121086 0.0026974 0.0059277
internal_weight=90.6161 73.5486 55.5392 34.4806 24.7831
internal_count=1827 1445 1092 714 404
is_linear=0
shrinkage=0.03


Tree=112
num_leaves=7
num_cat=0
split_feature=1 6 0 1 0 4
split_gain=0.595681 0.812785 4.40077 2.60331 2.58914 1.47556
threshold=1.1677478823912681e-06 0.6904762089252473 5.9947954014205615e-06 1.0834789009095404e-05 6.5204078509850669e-06 140.50000000000003
decision_type=2 2 2 2 2 2
left_child=-1 4 -3 -4 -2 -6
right_child=1 2 3 -5 5 -7
leaf_value=-0.0068989180118245973 0.016003710784670007 -0.019470178104493998 0.013431406028352823 -0.005624274215634795 -0.006502247869373875 0.0060777640775468511
leaf_weight=9.9015698600560409 11.304369235411285 9.9140286892652494 13.098174981772901 12.716989358887075 17.85132422670722 15.835070492699741
leaf_count=160 231 202 317 293 356 268
internal_value=4.57396e-05 0.000897611 -0.00248046 0.00404425 0.00358029 -0.000588722
internal_weight=90.6215 80.72 35.7292 25.8152 44.9908 33.6864
internal_count=1827 1667 812 610 855 624
is_linear=0
shrinkage=0.03


Tree=113
num_leaves=8
num_cat=0
split_feature=1 6 7 0 7 1 0
split_gain=0.557825 0.768674 2.38565 2.2743 4.10508 3.19311 1.44996
threshold=1.1677478823912681e-06 0.55000001192092907 1.5000000000000002 5.9947954014205615e-06 4.5000000000000009 1.0834789009095404e-05 2.5412047762074511e-05
decision_type=2 2 2 2 2 2 2
left_child=-1 2 6 -3 -5 -6 -2
right_child=1 3 -4 4 5 -7 -8
leaf_value=-0.0066523156295536338 0.0065793034279496435 -0.01350432713768545 0.014893700259087102 0.017592134312872491 0.007111859103454219 -0.016429299467984524 -0.0076605143654068664
leaf_weight=9.9596606828272325 11.806061543524267 11.199111200869082 12.217977697961031 10.452268701046707 9.7205088315531629 11.115376453846691 14.147565850988029
leaf_count=160 231 223 252 243 229 250 239
internal_value=4.59996e-05 0.0008731 0.00396287 -0.00190282 0.00224976 -0.00544671 -0.00118295
internal_weight=90.6185 80.6589 38.1716 42.4873 31.2882 20.8359 25.9536
internal_count=1827 1667 722 945 722 479 470
is_linear=0
shrinkage=0.03


Tree=114
num_leaves=6
num_cat=0
split_feature=0 1 1 4 1
split_gain=0.563278 1.21136 1.21715 1.80377 1.08529
threshold=3.5743387343245563e-06 4.6472214307868862e-06 2.6620037715474613e-05 137.50000000000003 2.9501569542844668e-06
decision_type=2 2 2 2 2
left_child=-1 4 3 -3 -2
right_child=1 2 -4 -5 -6
leaf_value=0.0046855868619356473 -0.0010654681453731287 0.015251512937003787 -0.0037871970438255842 -0.00080275639169968209 -0.013358104987622049
leaf_weight=18.695901315659285 15.30434117652476 11.073524534702303 19.73976356908679 14.60705915559083 11.190361582674084
leaf_count=376 300 289 357 299 206
internal_value=4.6536e-05 -0.00115949 0.00181425 0.00611988 -0.00625741
internal_weight=90.611 71.9151 45.4203 25.6806 26.4947
internal_count=1827 1451 945 588 506
is_linear=0
shrinkage=0.03


Tree=115
num_leaves=5
num_cat=0
split_feature=4 2 2 1
split_gain=0.547107 1.43536 1.51507 0.941954
threshold=121.50000000000001 5.081240306026303e-05 9.5232720923377215e-05 1.6652368685754485e-05
decision_type=2 2 2 2
left_child=-1 -2 -3 -4
right_child=1 2 3 -5
leaf_value=-0.0047805690630291836 0.0085524848583565065 -0.0075440235431822123 0.0089884867597741086 -0.0012265319276546175
leaf_weight=17.138807315379381 17.927745377644897 21.086484372615814 13.127024613320826 21.318978013470769
leaf_count=382 353 378 321 393
internal_value=4.59195e-05 0.00117197 -0.0012107 0.00266631
internal_weight=90.599 73.4602 55.5325 34.446
internal_count=1827 1445 1092 714
is_linear=0
shrinkage=0.03


Tree=116
num_leaves=7
num_cat=0
split_feature=5 5 5 7 0 0
split_gain=0.553708 1.65432 1.19131 1.07036 1.58619 1.38731
threshold=87.609649658203139 92.940196990966811 82.842723846435561 9.5000000000000018 2.8232188924448568e-05 0.00011050022658309901
decision_type=2 2 2 2 2 2
left_child=2 -2 -1 4 -3 -6
right_child=1 3 -4 -5 5 -7
leaf_value=0.0017557173367318767 0.012989183916457916 0.0051868403095889914 -0.010647345493289303 0.0066099152187248924 -0.015940178105909222 -0.0015282260095114007
leaf_weight=16.768380880355839 9.7432712642475945 13.48783630132675 11.927017569541929 14.020855647511778 10.400527380406858 14.244259485043584
leaf_count=309 267 275 225 283 138 330
internal_value=4.51233e-05 0.00164206 -0.00339952 -0.000477797 -0.00308385 -0.00761032
internal_weight=90.5921 61.8968 28.6954 52.1535 38.1326 24.6448
internal_count=1827 1293 534 1026 743 468
is_linear=0
shrinkage=0.03


Tree=117
num_leaves=8
num_cat=0
split_feature=1 7 5 0 1 1 7
split_gain=0.562401 0.759112 1.59273 1.20858 1.52503 3.26741 1.64899
threshold=1.1677478823912681e-06 13.500000000000002 82.842723846435561 5.3500546073337327e-06 9.395169854542475e-06 2.8465483410400342e-05 1.5000000000000002
decision_type=2 2 2 2 2 2 2
left_child=-1 2 -2 -4 6 -6 -5
right_child=1 -3 3 4 5 -7 -8
leaf_value=-0.0066849408945638053 0.013469007766170603 -0.0053670619937468281 0.0099782213454406247 -0.016722226817381253 0.015524088799818833 -0.0058158879715711634 0.00039061641915701751
leaf_weight=9.948789553716777 9.6918961089104396 14.401905307546256 9.6440561693161708 9.8041081195697206 11.040816910564901 15.554990721866487 10.490094617940484
leaf_count=160 193 298 217 186 250 274 249
internal_value=4.47288e-05 0.000875112 0.00223257 0.00030626 -0.00168301 0.00304306 -0.00787658
internal_weight=90.5767 80.6279 66.226 56.5341 46.89 26.5958 20.2942
internal_count=1827 1667 1369 1176 959 524 435
is_linear=0
shrinkage=0.03


Tree=118
num_leaves=7
num_cat=0
split_feature=5 5 1 7 4 1
split_gain=0.543381 1.57638 1.19263 1.01276 1.54726 1.56142
threshold=87.609649658203139 92.940196990966811 2.1895403961025299e-06 9.5000000000000018 132.50000000000003 9.1552360572677588e-06
decision_type=2 2 2 2 2 2
left_child=2 -2 -1 4 -3 -6
right_child=1 3 -4 -5 5 -7
leaf_value=-0.0081882054501392493 0.012775106597989826 -0.01215230695586135 0.004383974850488942 0.0064866772246490361 -0.0068664909799302743 0.0076811704338785765
leaf_weight=17.70210258662701 9.6387785021215659 11.50691366381943 11.017325801774858 13.959363159723578 12.273155067116024 14.467286179773508
leaf_count=277 267 238 257 283 241 264
internal_value=4.47653e-05 0.0016283 -0.00336527 -0.000429705 -0.00295402 0.00100418
internal_weight=90.5649 61.8455 28.7194 52.2067 38.2474 26.7404
internal_count=1827 1293 534 1026 743 505
is_linear=0
shrinkage=0.03


Tree=119
num_leaves=7
num_cat=0
split_feature=0 0 0 7 5 4
split_gain=0.519762 1.18645 2.62604 1.66095 0.76712 0.753683
threshold=3.5743387343245563e-06 1.3737393601331862e-05 2.8232188924448568e-05 9.5000000000000018 90.098037719726577 133.50000000000003
decision_type=2 2 2 2 2 2
left_child=-1 4 -3 5 -2 -4
right_child=1 2 3 -5 -6 -7
leaf_value=0.0045176972601856068 -0.012253732623649724 0.014822895625706285 -0.01234298805484472 0.0083812605179476689 -0.0011297020575069478 -0.0022038757956853762
leaf_weight=18.580527091398835 11.490641061216595 10.465857743285595 10.126126560382547 10.109015940688549 10.845282791182397 18.939369952306151
leaf_count=376 218 217 229 232 204 351
internal_value=4.43915e-05 -0.00111038 0.00147328 -0.00209321 -0.00685242 -0.00573624
internal_weight=90.5568 71.9763 49.6404 39.1745 22.3359 29.0655
internal_count=1827 1451 1029 812 422 580
is_linear=0
shrinkage=0.03


Tree=120
num_leaves=8
num_cat=0
split_feature=0 0 1 5 2 4 0
split_gain=0.517201 1.66597 1.52439 1.00854 1.94803 2.30154 1.86706
threshold=1.9084176869910156e-06 4.3686432036338382e-06 2.4932562610047175e-06 93.813774108886733 0.00010303948511136697 154.50000000000003 0.00014270540850702676
decision_type=2 2 2 2 2 2 2
left_child=-1 -2 -3 -4 -5 6 -6
right_child=1 2 3 4 5 -7 -8
leaf_value=-0.0063483844024828633 0.010773176195936368 -0.011732451331039898 0.0075573723262700888 -0.012610755367383597 -0.0017663299081263728 -0.0091378595430676845 0.016121211843002942
leaf_weight=10.118372255936263 12.799104228615759 10.175643834285436 14.98319200798869 10.636564146727322 9.6713345926255041 10.676524821668862 11.492080105468629
leaf_count=176 279 185 371 172 167 158 319
internal_value=4.40384e-05 0.000848183 -0.00102999 0.000865326 -0.00149523 0.00221806 0.0079469
internal_weight=90.5528 80.4344 67.6353 57.4597 42.4765 31.8399 21.1634
internal_count=1827 1651 1372 1187 816 644 486
is_linear=0
shrinkage=0.03


Tree=121
num_leaves=8
num_cat=0
split_feature=5 0 0 4 0 1 1
split_gain=0.512053 1.52007 2.33545 1.43799 3.17039 1.24334 1.10644
threshold=87.609649658203139 1.8392835045233372e-05 4.2356767153250992e-05 154.50000000000003 0.00038068402500357484 3.0451734573944127e-06 2.1895403961025299e-06
decision_type=2 2 2 2 2 2 2
left_child=6 5 -3 4 -4 -2 -1
right_child=1 2 3 -5 -6 -7 -8
leaf_value=-0.0078711263557985113 0.016062618965240492 -0.014096863202639707 -0.0039678291969299723 -0.0072035654732152616 0.019223131229022864 0.0012347568471298529 0.0042405388091651553
leaf_weight=17.82953681237996 9.7018756605684775 10.304890057072042 11.494786784052854 9.6808995231986028 9.8530394202098233 10.705573784187434 10.961831472814081
leaf_count=277 241 184 181 144 335 208 257
internal_value=4.41295e-05 0.00158484 -0.00172273 0.00238682 0.0067359 0.00828405 -0.00325981
internal_weight=90.5324 61.7411 41.3336 31.0287 21.3478 20.4074 28.7914
internal_count=1827 1293 844 660 516 449 534
is_linear=0
shrinkage=0.03


Tree=122
num_leaves=6
num_cat=0
split_feature=4 7 0 4 1
split_gain=0.521505 1.46834 2.81867 1.2423 4.22246
threshold=121.50000000000001 13.500000000000002 4.3686432036338382e-06 137.50000000000003 9.395169854542475e-06
decision_type=2 2 2 2 2
left_child=-1 2 -2 -4 -5
right_child=1 -3 3 4 -6
leaf_value=-0.0046608476452911236 0.014165585567963917 -0.0085744511330327396 0.0063634437876735721 -0.014985958636600249 0.0071044737741719523
leaf_weight=17.177141101099551 15.295381432399152 11.744886507280169 15.13141842279583 15.823109577409925 15.334663222543893
leaf_count=382 326 229 314 290 286
internal_value=4.43086e-05 0.00114647 0.00300037 -0.000688969 -0.00411389
internal_weight=90.5066 73.3295 61.5846 46.2892 31.1578
internal_count=1827 1445 1216 890 576
is_linear=0
shrinkage=0.03


Tree=123
num_leaves=8
num_cat=0
split_feature=0 5 4 2 2 6 0
split_gain=0.512459 1.63146 1.29293 2.81616 2.5386 0.884091 0.227522
threshold=1.9084176869910156e-06 83.130081176757827 137.50000000000003 9.5232720923377215e-05 0.00026628970226738607 0.77500000596046459 1.3737393601331862e-05
decision_type=2 2 2 2 2 2 2
left_child=-1 -2 4 -4 6 -5 -3
right_child=1 2 3 5 -6 -7 -8
leaf_value=-0.0063172053799967496 0.011279793482267752 0.0069258495864301375 -0.014463208868731935 -0.0028904589794753444 -0.0086787950450698485 0.0086628000659358679 0.013442272608906503
leaf_weight=10.122060798108576 11.548431493341921 9.5894407443702274 15.390385460108517 14.362408760003746 9.5970110278576595 10.190917186439037 9.7000883882865292
leaf_count=176 230 200 286 252 250 231 202
internal_value=4.43103e-05 0.000845414 -0.00090528 -0.00440186 0.00392971 0.00190475 0.0102028
internal_weight=90.5007 80.3787 68.8303 39.9437 28.8865 24.5533 19.2895
internal_count=1827 1651 1421 769 652 483 402
is_linear=0
shrinkage=0.03


Tree=124
num_leaves=7
num_cat=0
split_feature=4 4 7 7 6 4
split_gain=0.548727 1.19107 1.06461 2.35429 0.959111 0.753231
threshold=140.50000000000003 135.50000000000003 4.5000000000000009 1.0000000180025095e-35 0.63333335518836986 121.50000000000001
decision_type=2 2 2 2 2 2
left_child=1 4 3 -2 -1 -6
right_child=2 -3 -4 -5 5 -7
leaf_value=-0.004563624136186775 -0.0021953446313481124 -0.011170640686360287 -0.0027583330969354327 0.016444938942103332 -0.0007699360353280463 0.011494160395259936
leaf_weight=17.916858285665512 12.900103876367213 10.410616609267889 19.666452000848949 11.565264313481746 9.2031433405354637 8.8329621935263258
leaf_count=337 206 215 386 254 226 203
internal_value=4.42658e-05 -0.00223489 0.00243868 0.00661629 0.000352567 0.00523626
internal_weight=90.4954 46.3636 44.1318 24.4654 35.953 18.0361
internal_count=1827 981 846 460 766 429
is_linear=0
shrinkage=0.03


Tree=125
num_leaves=7
num_cat=0
split_feature=4 7 0 1 1 0
split_gain=0.522103 1.67531 2.29098 2.52716 1.38691 2.71993
threshold=133.50000000000003 11.500000000000002 4.3686432036338382e-06 9.1552360572677588e-06 1.04941614154086e-05 7.7030576903780474e-06
decision_type=2 2 2 2 2 2
left_child=4 2 -2 -4 5 -1
right_child=1 -3 3 -5 -6 -7
leaf_value=-0.0079777964152220448 0.01602663477215972 -0.0079084368690832338 -0.0075043258323818163 0.0088933450769220455 -0.012197424512982493 0.013128162917289
leaf_weight=12.673751439899208 11.477088056504725 12.6372785391286 17.293037474155426 16.55833323020488 10.148001706227658 9.7020775126293284
leaf_count=227 257 230 322 321 221 249
internal_value=4.38362e-05 0.00175076 0.00444369 0.000516564 -0.00299834 0.00117367
internal_weight=90.4896 57.9657 45.3285 33.8514 32.5238 22.3758
internal_count=1827 1130 900 643 697 476
is_linear=0
shrinkage=0.03


Tree=126
num_leaves=8
num_cat=0
split_feature=5 0 0 4 0 1 1
split_gain=0.528899 1.47391 2.13356 1.42311 3.08488 1.15089 1.09782
threshold=87.609649658203139 1.8392835045233372e-05 4.2356767153250992e-05 154.50000000000003 0.00038068402500357484 3.0451734573944127e-06 2.1895403961025299e-06
decision_type=2 2 2 2 2 2 2
left_child=6 5 -3 4 -4 -2 -1
right_child=1 2 3 -5 -6 -7 -8
leaf_value=-0.0079129481273746277 0.015805040731203149 -0.013356662364870597 -0.0038488743622233658 -0.0072196766812399017 0.019080371568173049 0.0015069037137302251 0.0041658081616914788
leaf_weight=17.803582988679413 9.5525692272931355 10.455599637702106 11.525471236556774 9.6771937161684018 9.7465845737606269 10.789121033623813 10.929590167477725
leaf_count=277 241 184 181 144 335 208 257
internal_value=4.39756e-05 0.00160863 -0.00164014 0.00231806 0.00665701 0.00822139 -0.0033184
internal_weight=90.4797 61.7465 41.4048 30.9492 21.2721 20.3417 28.7332
internal_count=1827 1293 844 660 516 449 534
is_linear=0
shrinkage=0.03


Tree=127
num_leaves=7
num_cat=0
split_feature=4 4 7 7 6 4
split_gain=0.512401 1.13227 0.970309 2.26359 0.897488 0.720334
threshold=140.50000000000003 135.50000000000003 4.5000000000000009 1.0000000180025095e-35 0.63333335518836986 121.50000000000001
decision_type=2 2 2 2 2 2
left_child=1 4 3 -2 -1 -6
right_child=2 -3 -4 -5 5 -7
leaf_value=-0.0043571310169786565 -0.0022237863165051981 -0.010827863447994543 -0.0025713248769087434 0.01614407070292715 -0.0007350235255396834 0.011286575784110834
leaf_weight=18.005599121563137 12.883866030722858 10.486073608510194 19.757324977777898 11.364949030801652 9.208058509044351 8.7474584281444532
leaf_count=337 206 215 386 254 226 203
internal_value=4.4103e-05 -0.00215371 0.00236383 0.00638487 0.000375627 0.00512159
internal_weight=90.4533 46.4472 44.0061 24.2488 35.9611 17.9555
internal_count=1827 981 846 460 766 429
is_linear=0
shrinkage=0.03


Tree=128
num_leaves=7
num_cat=0
split_feature=4 7 0 1 2 2
split_gain=0.507764 1.54231 2.18555 2.16268 1.38769 2.20769
threshold=133.50000000000003 11.500000000000002 3.7331805060603078e-06 9.1552360572677588e-06 0.00015719753719167787 4.9515485443407676e-05
decision_type=2 2 2 2 2 2
left_child=4 2 -2 -4 5 -1
right_child=1 -3 3 -5 -6 -7
leaf_value=-0.0091695542969406473 0.016687983732928891 -0.0074793998916160079 -0.0061855502832737904 0.0087345687511826541 -0.012136832343258354 0.0097702986135014928
leaf_weight=10.093064419925215 10.023579009808598 12.761780541390179 18.660501640290022 16.452679475769401 10.179479575715957 12.275708828121422
leaf_count=168 232 230 347 321 250 279
internal_value=4.36307e-05 0.00172896 0.0043325 0.000805441 -0.00295433 0.00122441
internal_weight=90.4468 57.8985 45.1368 35.1132 32.5483 22.3688
internal_count=1827 1130 900 668 697 447
is_linear=0
shrinkage=0.03


Tree=129
num_leaves=7
num_cat=0
split_feature=0 5 4 2 2 6
split_gain=0.536319 1.55786 1.23435 2.58558 2.36034 0.847457
threshold=1.9084176869910156e-06 83.130081176757827 137.50000000000003 9.5232720923377215e-05 0.00015719753719167787 0.77500000596046459
decision_type=2 2 2 2 2 2
left_child=-1 -2 4 -4 -3 -5
right_child=1 2 3 5 -6 -7
leaf_value=-0.0064823442500338531 0.011107126712634002 0.011480359516869482 -0.013797802416586607 -0.0028494785379667154 -0.0058171919266227293 0.0084841340475482301
leaf_weight=10.071597928181289 11.453012017533181 16.184883473441008 15.58804575819522 14.374442550353706 12.648190797306595 10.116801135241985
leaf_count=176 230 354 286 252 298 231
internal_value=4.3629e-05 0.000861481 -0.000841312 -0.00424679 0.00389245 0.00183219
internal_weight=90.437 80.3654 68.9124 40.0793 28.8331 24.4912
internal_count=1827 1651 1421 769 652 483
is_linear=0
shrinkage=0.03


Tree=130
num_leaves=8
num_cat=0
split_feature=5 0 0 4 0 1 1
split_gain=0.534117 1.40402 2.00811 1.41271 2.97231 1.10445 1.02963
threshold=87.609649658203139 1.8392835045233372e-05 4.2356767153250992e-05 154.50000000000003 0.00038068402500357484 3.0451734573944127e-06 1.7630673028179446e-06
decision_type=2 2 2 2 2 2 2
left_child=6 5 -3 4 -4 -2 -1
right_child=1 2 3 -5 -6 -7 -8
leaf_value=-0.0083714138426938395 0.015594594971634158 -0.012837264363608812 -0.0035927842649211492 -0.0071829697786514714 0.018944462424600274 0.0015434926845787054 0.0030752952670182157
leaf_weight=16.081412125378851 9.4337502028793114 10.56248547695577 11.597290918231016 9.6845975872129184 9.6481494819745404 10.79664888512343 12.624272799119352
leaf_count=234 241 184 181 144 335 208 300
internal_value=4.35053e-05 0.00161585 -0.00154353 0.00231323 0.00664201 0.00809574 -0.00333735
internal_weight=90.4286 61.7229 41.4925 30.93 21.2454 20.2304 28.7057
internal_count=1827 1293 844 660 516 449 534
is_linear=0
shrinkage=0.03


Tree=131
num_leaves=7
num_cat=0
split_feature=4 7 0 1 2 0
split_gain=0.53382 1.47014 2.10283 2.24632 1.28961 2.30623
threshold=133.50000000000003 11.500000000000002 4.3686432036338382e-06 9.1552360572677588e-06 0.00018539175653131681 7.7030576903780474e-06
decision_type=2 2 2 2 2 2
left_child=4 2 -2 -4 5 -1
right_child=1 -3 3 -5 -6 -7
leaf_value=-0.0077422969866176626 0.01559672430808084 -0.0071839712560100898 -0.0068585775328306973 0.0085950722195036796 -0.012374537171973472 0.011355858501038327
leaf_weight=12.733883915469052 11.189327830448745 12.846534872427581 17.544473865069449 16.358921307139099 9.439432103186844 10.288521217182277
leaf_count=227 257 230 322 321 234 236
internal_value=4.35899e-05 0.00176916 0.00431983 0.000598051 -0.00303628 0.00079251
internal_weight=90.4011 57.9393 45.0927 33.9034 32.4618 23.0224
internal_count=1827 1130 900 643 697 463
is_linear=0
shrinkage=0.03


Tree=132
num_leaves=7
num_cat=0
split_feature=1 6 1 9 2 0
split_gain=0.511571 1.4413 1.23099 1.48976 1.46711 1.86624
threshold=2.1895403961025299e-06 0.55000001192092907 3.3605803082537027e-06 2.5000000000000004 9.5232720923377215e-05 8.4083956608083113e-05
decision_type=2 2 2 2 2 2
left_child=1 -1 -2 4 -4 -6
right_child=2 -3 3 -5 5 -7
leaf_value=-0.0096322763067749444 0.011059797214630339 0.0043704715062056355 -0.012812308292909656 0.0081633981878494605 0.008813934207884469 -0.0065340087182730331
leaf_weight=14.940011934377253 10.197912118397651 11.873195277526975 10.623898878693579 13.821549812331794 12.738621283322574 16.195863435976207
leaf_count=249 252 234 193 307 232 360
internal_value=4.35838e-05 -0.0034317 0.00150924 -0.000315332 -0.00327777 0.000223037
internal_weight=90.3911 26.8132 63.5778 53.3799 39.5584 28.9345
internal_count=1827 483 1344 1092 785 592
is_linear=0
shrinkage=0.03


Tree=133
num_leaves=8
num_cat=0
split_feature=5 0 0 4 0 1 5
split_gain=0.49919 1.34172 1.92088 1.37421 2.89989 1.03523 0.98232
threshold=87.609649658203139 1.8392835045233372e-05 4.2356767153250992e-05 154.50000000000003 0.00038068402500357484 3.0451734573944127e-06 82.842723846435561
decision_type=2 2 2 2 2 2 2
left_child=6 5 -3 4 -4 -2 -1
right_child=1 2 3 -5 -6 -7 -8
leaf_value=0.0015241452547149787 0.015289884363026588 -0.012512670961398308 -0.0035073986366205537 -0.0070721208568652024 0.018806213448049749 0.0016291200932356887 -0.0096949326197897506
leaf_weight=16.616591973230246 9.2687075063586253 10.629362603649495 11.618820622563367 9.7082633897662145 9.55062940251082 10.821955709718166 12.167038938030599
leaf_count=309 241 184 181 144 335 208 225
internal_value=4.33144e-05 0.00156738 -0.001513 0.00227353 0.00655942 0.00793143 -0.00321824
internal_weight=90.3814 61.5977 41.5071 30.8777 21.1695 20.0907 28.7836
internal_count=1827 1293 844 660 516 449 534
is_linear=0
shrinkage=0.03


Tree=134
num_leaves=8
num_cat=0
split_feature=4 7 0 1 0 4 7
split_gain=0.509731 1.38972 2.06694 1.23236 2.41599 1.0141 1.01105
threshold=133.50000000000003 11.500000000000002 2.5412047762074511e-05 1.04941614154086e-05 7.7030576903780474e-06 151.50000000000003 1.5000000000000002
decision_type=2 2 2 2 2 2 2
left_child=3 2 6 4 -1 -4 -2
right_child=1 -3 5 -5 -6 -7 -8
leaf_value=-0.0074733116040282925 0.004124168944538209 -0.0069397705252605925 0.0040076273705069373 -0.011552261954268346 0.012537226289153798 -0.0090887744174298762 0.016532063660316836
leaf_weight=12.810561280697586 11.814106704667212 12.916292407549916 10.61839242372662 10.278799244202672 9.4256811719387752 10.667080015875397 11.827622725628315
leaf_count=227 227 230 241 221 249 162 270
internal_value=4.33535e-05 0.00173271 0.004226 -0.00296198 0.00100892 -0.00255555 0.0103317
internal_weight=90.3585 57.8435 44.9272 32.515 22.2362 21.2855 23.6417
internal_count=1827 1130 900 697 476 403 497
is_linear=0
shrinkage=0.03


Tree=135
num_leaves=7
num_cat=0
split_feature=1 6 1 9 2 0
split_gain=0.522543 1.34214 1.13029 1.40597 1.40168 1.81448
threshold=2.1895403961025299e-06 0.55000001192092907 3.3605803082537027e-06 2.5000000000000004 9.5232720923377215e-05 8.4083956608083113e-05
decision_type=2 2 2 2 2 2
left_child=1 -1 -2 4 -4 -6
right_child=2 -3 3 -5 5 -7
leaf_value=-0.0094207482075477737 0.010752131573110064 0.004112783170678834 -0.012337550827602817 0.0080553769598039025 0.0088328524330122324 -0.0062812161735037999
leaf_weight=15.005074703134596 10.05580294691026 11.766782104969025 10.726805221289395 13.759462438523768 12.742379299364986 16.285044934600592
leaf_count=249 252 234 193 307 232 360
internal_value=4.33171e-05 -0.00347248 0.00152397 -0.000210099 -0.00307089 0.000353516
internal_weight=90.3414 26.7719 63.5695 53.5137 39.7542 29.0274
internal_count=1827 483 1344 1092 785 592
is_linear=0
shrinkage=0.03


Tree=136
num_leaves=7
num_cat=0
split_feature=0 5 5 7 0 0
split_gain=0.498911 1.48112 1.30876 0.873083 2.15862 1.12187
threshold=1.9084176869910156e-06 83.130081176757827 88.117645263671889 9.5000000000000018 2.2411208192352209e-05 0.00010341059169149959
decision_type=2 2 2 2 2 2
left_child=-1 -2 -3 4 -4 -6
right_child=1 2 3 -5 5 -7
leaf_value=-0.0062328261837145396 0.010884356804013447 -0.011010395305288197 0.008246511137415485 0.0067325312598107813 -0.012565192165333526 -0.0006570590785731676
leaf_weight=10.122885394841431 11.334377747029064 9.7367866188287717 14.014948942698537 16.444983616471291 13.153272779658439 15.523819857276974
leaf_count=176 230 196 320 344 191 370
internal_value=4.3005e-05 0.000835063 -0.000818722 0.000859315 -0.00140305 -0.00611894
internal_weight=90.3311 80.2082 68.8738 59.137 42.692 28.6771
internal_count=1827 1651 1421 1225 881 561
is_linear=0
shrinkage=0.03


Tree=137
num_leaves=6
num_cat=0
split_feature=4 4 7 7 4
split_gain=0.490862 1.14054 0.884335 2.09778 0.82071
threshold=140.50000000000003 135.50000000000003 4.5000000000000009 1.0000000180025095e-35 121.50000000000001
decision_type=2 2 2 2 2
left_child=1 4 3 -2 -1
right_child=2 -3 -4 -5 -6
leaf_value=-0.0042725783384455641 -0.0020224414578682041 -0.010816322544110499 -0.0023695067380578873 0.015757040769526665 0.0047966040691441968
leaf_weight=17.316924193874002 12.932651875540616 10.478861314244567 19.838193585164845 11.097847613506017 18.65441326238215
leaf_count=382 206 215 386 254 384
internal_value=4.26727e-05 -0.00210662 0.00231844 0.00618854 0.000430618
internal_weight=90.3189 46.4502 43.8687 24.0305 35.9713
internal_count=1827 981 846 460 766
is_linear=0
shrinkage=0.03


Tree=138
num_leaves=7
num_cat=0
split_feature=1 6 1 9 2 0
split_gain=0.490341 1.24205 1.05997 1.33029 1.33015 1.7439
threshold=2.1895403961025299e-06 0.55000001192092907 3.3605803082537027e-06 2.5000000000000004 9.5232720923377215e-05 8.4083956608083113e-05
decision_type=2 2 2 2 2 2
left_child=1 -1 -2 4 -4 -6
right_child=2 -3 3 -5 5 -7
leaf_value=-0.0090339185315665982 0.010479134309868817 0.0039779378599958393 -0.011939886368116813 0.0078862211913672525 0.0087306619304010208 -0.0060890344272463903
leaf_weight=15.132592954672873 9.9351595388725382 11.71269850153476 10.816466510295866 13.667774530127643 12.68905861862004 16.360346477478743
leaf_count=249 252 234 193 307 232 360
internal_value=4.21034e-05 -0.0033568 0.00147973 -0.000190443 -0.00295948 0.000384351
internal_weight=90.3141 26.8453 63.4688 53.5336 39.8659 29.0494
internal_count=1827 483 1344 1092 785 592
is_linear=0
shrinkage=0.03


Tree=139
num_leaves=7
num_cat=0
split_feature=2 1 4 4 6 4
split_gain=0.480104 1.37316 0.877796 1.43837 0.994936 2.10806
threshold=3.9580138036399155e-05 2.1895403961025299e-06 119.50000000000001 132.50000000000003 0.55000001192092907 147.50000000000003
decision_type=2 2 2 2 2 2
left_child=-1 -2 -3 -4 -5 -6
right_child=1 2 3 4 5 -7
leaf_value=0.0058209016367062388 -0.0086099805768717445 0.0090996638340783229 -0.010215189840127757 0.0072103534996519232 0.0080801750644400507 -0.01030043157524096
leaf_weight=11.316317882388828 16.079644861631095 10.569079989567397 10.655697695910929 18.957360849715769 10.141796453855934 12.58348756469786
leaf_count=200 298 268 235 346 251 229
internal_value=4.17731e-05 -0.000786191 0.00121363 -0.000378853 0.00213569 -0.00209757
internal_weight=90.3034 78.9871 62.9074 52.3383 41.6826 22.7253
internal_count=1827 1627 1329 1061 826 480
is_linear=0
shrinkage=0.03


Tree=140
num_leaves=6
num_cat=0
split_feature=4 4 2 7 4
split_gain=0.468848 1.09353 0.852465 1.86793 0.81879
threshold=140.50000000000003 135.50000000000003 5.6003867939580239e-05 4.5000000000000009 121.50000000000001
decision_type=2 2 2 2 2
left_child=1 4 -2 -4 -1
right_child=2 -3 3 -5 -6
leaf_value=-0.0042634346439842366 0.0095878277894956981 -0.010554904745434657 0.0070574993330098706 -0.0072187143890661805 0.0047952532614111898
leaf_weight=17.318370153196156 10.793472385033963 10.538249049335716 16.395701827481389 16.599710418842733 18.651722591370344
leaf_count=382 236 215 297 313 384
internal_value=4.14611e-05 -0.00205611 0.0022693 -0.000124742 0.000433805
internal_weight=90.2972 46.5083 43.7889 32.9954 35.9701
internal_count=1827 981 846 610 766
is_linear=0
shrinkage=0.03


Tree=141
num_leaves=7
num_cat=0
split_feature=0 5 5 7 0 0
split_gain=0.47972 1.41913 1.22744 0.897297 2.06218 1.08038
threshold=1.9084176869910156e-06 83.130081176757827 88.117645263671889 9.5000000000000018 2.2411208192352209e-05 0.00010341059169149959
decision_type=2 2 2 2 2 2
left_child=-1 -2 -3 4 -4 -6
right_child=1 2 3 -5 5 -7
leaf_value=-0.006103073024906619 0.010702269329454431 -0.010614812204362075 0.0080294618559798425 0.0067862964367932837 -0.01235569947165696 -0.00068076717406849289
leaf_weight=10.151687098667024 11.241815108805893 9.8201193315908295 13.892917178571222 16.468095386400819 13.20652278326452 15.513270561583338
leaf_count=176 230 196 320 344 191 370
internal_value=4.08773e-05 0.000819132 -0.000793392 0.000839076 -0.00145929 -0.00604937
internal_weight=90.2944 80.1427 68.9009 59.0808 42.6127 28.7198
internal_count=1827 1651 1421 1225 881 561
is_linear=0
shrinkage=0.03


Tree=142
num_leaves=8
num_cat=0
split_feature=5 0 0 4 0 1 2
split_gain=0.461293 1.12346 1.8244 1.28312 2.99287 1.01778 0.929839
threshold=87.609649658203139 1.8392835045233372e-05 4.2356767153250992e-05 154.50000000000003 0.00015238820196827876 3.0451734573944127e-06 4.639116195903626e-05
decision_type=2 2 2 2 2 2 2
left_child=6 5 -3 4 -4 -2 -1
right_child=1 2 3 -5 -6 -7 -8
leaf_value=-0.0086979223625011561 0.014828888026797042 -0.011924620159422413 -0.0076418407843659684 -0.006540664224573286 0.015530849204972916 0.0011391797629044613 0.0020803754786055152
leaf_weight=13.839215597137811 9.0292319580912608 10.750266563147305 8.1739853136241489 9.8245613463222963 12.984712783247231 10.656287040561436 15.023814242333172
leaf_count=223 241 184 127 144 389 208 311
internal_value=4.05725e-05 0.00151061 -0.00127602 0.00241873 0.00657882 0.00741829 -0.00308759
internal_weight=90.2821 61.419 41.7335 30.9833 21.1587 19.6855 28.863
internal_count=1827 1293 844 660 516 449 534
is_linear=0
shrinkage=0.03


Tree=143
num_leaves=7
num_cat=0
split_feature=2 1 4 4 0 6
split_gain=0.47071 1.33553 0.839022 1.3949 0.993386 1.81645
threshold=3.9580138036399155e-05 2.1895403961025299e-06 119.50000000000001 132.50000000000003 0.00011730100231943653 0.55000001192092907
decision_type=2 2 2 2 2 2
left_child=-1 -2 -3 -4 5 -5
right_child=1 2 3 4 -6 -7
leaf_value=0.0057702746878798821 -0.0084820068412061276 0.008938698624013244 -0.010015585663393002 0.013705722366113568 -0.004756881926904084 -0.0014950846216856464
leaf_weight=11.29025714099407 16.120028719305992 10.495925527997313 10.701484827324746 12.71200103405863 12.983684670180081 15.955354916863143
leaf_count=200 298 268 235 221 316 289
internal_value=4.06239e-05 -0.000778554 0.00119731 -0.000354729 0.00212745 0.00524543
internal_weight=90.2587 78.9685 62.8485 52.3525 41.651 28.6674
internal_count=1827 1627 1329 1061 826 510
is_linear=0
shrinkage=0.03


Tree=144
num_leaves=7
num_cat=0
split_feature=4 7 0 1 2 2
split_gain=0.462026 1.28844 1.98865 2.19778 1.20982 1.9467
threshold=133.50000000000003 11.500000000000002 4.3686432036338382e-06 9.1552360572677588e-06 0.00015719753719167787 4.9515485443407676e-05
decision_type=2 2 2 2 2 2
left_child=4 2 -2 -4 5 -1
right_child=1 -3 3 -5 -6 -7
leaf_value=-0.0084910217198802158 0.015199139927598752 -0.0066594312895011699 -0.006907180612358641 0.0084202281776719224 -0.011285673102434919 0.0093093133871311063
leaf_weight=10.233554605394604 10.923652706667779 12.99346001818776 17.490507999435067 16.234535709023476 10.353356000967322 12.029294509440659
leaf_count=168 257 230 322 321 250 279
internal_value=4.02845e-05 0.00165486 0.00407444 0.000471116 -0.00281312 0.00112704
internal_weight=90.2584 57.6422 44.6487 33.725 32.6162 22.2628
internal_count=1827 1130 900 643 697 447
is_linear=0
shrinkage=0.03


Tree=145
num_leaves=8
num_cat=0
split_feature=0 5 4 2 2 6 1
split_gain=0.463197 1.37052 1.18952 2.49827 2.27555 0.861918 0.243646
threshold=1.9084176869910156e-06 83.130081176757827 137.50000000000003 9.5232720923377215e-05 0.00026628970226738607 0.77500000596046459 4.5573585794045366e-06
decision_type=2 2 2 2 2 2 2
left_child=-1 -2 4 -4 6 -5 -3
right_child=1 2 3 5 -6 -7 -8
leaf_value=-0.0059891549442868276 0.01055547154350941 0.0064802050596679999 -0.013469608917113221 -0.0028536156344152481 -0.0078981510294982848 0.0085764920321654958 0.013272867451346501
leaf_weight=10.174391550943254 11.167740255594252 9.3703458057716542 15.656875974498687 14.352340004406869 9.7539327470585686 10.127155053429306 9.6435736948624236
leaf_count=176 230 191 286 252 250 231 211
internal_value=4.0265e-05 0.000806397 -0.000773697 -0.0041108 0.00388217 0.00187501 0.00992534
internal_weight=90.2464 80.072 68.9042 40.1364 28.7679 24.4795 19.0139
internal_count=1827 1651 1421 769 652 483 402
is_linear=0
shrinkage=0.03


Tree=146
num_leaves=7
num_cat=0
split_feature=4 4 2 2 2 7
split_gain=0.475041 1.04001 0.813765 3.15377 0.790422 1.76611
threshold=140.50000000000003 135.50000000000003 7.2721406468190266e-05 0.00026628970226738607 5.6003867939580239e-05 4.5000000000000009
decision_type=2 2 2 2 2 2
left_child=1 2 -1 -4 -2 -6
right_child=4 -3 3 -5 5 -7
leaf_value=-0.0041094405349080855 0.009373139302308528 -0.010335549145584011 0.017902606407670576 -0.0073864595168472713 0.0070031873253900406 -0.0068606629847035357
leaf_weight=18.110720690339804 10.693328044377266 10.585704759694634 8.6502554081380385 9.1147180711850506 16.34970872476697 16.733687289059162
leaf_count=325 236 215 209 232 297 313
internal_value=4.02109e-05 -0.00207263 0.000365476 0.00492748 0.00228263 -9.19241e-06
internal_weight=90.2381 46.4614 35.8757 17.765 43.7767 33.0834
internal_count=1827 981 766 441 846 610
is_linear=0
shrinkage=0.03


Tree=147
num_leaves=7
num_cat=0
split_feature=4 7 0 1 1 2
split_gain=0.473037 1.17484 1.89599 2.03248 1.08461 1.75653
threshold=133.50000000000003 11.500000000000002 4.3686432036338382e-06 9.1552360572677588e-06 1.04941614154086e-05 4.9515485443407676e-05
decision_type=2 2 2 2 2 2
left_child=4 2 -2 -4 5 -1
right_child=1 -3 3 -5 -6 -7
leaf_value=-0.0081387069270608368 0.014952542593882583 -0.0062134378021281994 -0.0065340745831274135 0.0082051015878909471 -0.01082365149679617 0.0088013576249946993
leaf_weight=10.315065607428552 10.777968689799307 13.130117258988319 17.644049891270697 16.106712887063622 10.434656693600116 11.823415780439971
leaf_count=168 257 230 322 321 221 308
internal_value=4.00553e-05 0.00167268 0.00399804 0.000499831 -0.0028499 0.00090841
internal_weight=90.232 57.6588 44.5287 33.7508 32.5731 22.1385
internal_count=1827 1130 900 643 697 476
is_linear=0
shrinkage=0.03


Tree=148
num_leaves=7
num_cat=0
split_feature=5 0 0 6 4 1
split_gain=0.46742 1.06782 2.25291 1.17452 1.02858 0.871558
threshold=87.609649658203139 2.9855276807211343e-05 0.00017691844550427052 0.55000001192092907 137.50000000000003 1.7630673028179446e-06
decision_type=2 2 2 2 2 2
left_child=5 4 -3 -4 -2 -1
right_child=1 2 3 -5 -6 -7
leaf_value=-0.0076803770707229591 0.013694999399669819 -0.0091023649234439931 -0.0027676812809839294 0.012963443305267776 0.001374381454702324 0.002844895235831273
leaf_weight=16.311785824596885 10.022291081957521 18.502580603584647 7.7003410886973169 9.592910838313399 15.576241358183323 12.511742765083907
leaf_count=234 242 263 165 303 320 300
internal_value=3.99558e-05 0.00151953 -0.00182625 0.00595869 0.00619813 -0.00311156
internal_weight=90.2179 61.3944 35.7958 17.2933 25.5985 28.8235
internal_count=1827 1293 731 468 562 534
is_linear=0
shrinkage=0.03


Tree=149
num_leaves=8
num_cat=0
split_feature=4 7 0 2 0 4 7
split_gain=0.462107 1.1263 1.87403 1.0448 1.94103 0.985251 0.980059
threshold=133.50000000000003 11.500000000000002 2.5412047762074511e-05 0.00018792724586091938 7.7030576903780474e-06 151.50000000000003 1.5000000000000002
decision_type=2 2 2 2 2 2 2
left_child=3 2 6 4 -1 -4 -2
right_child=1 -3 5 -5 -6 -7 -8
leaf_value=-0.0069840059503512011 0.0037171821427120278 -0.0060463794153294177 0.0040033656327939952 -0.011072588697787763 0.01063514281129971 -0.008902463977827688 0.016067826152410862
leaf_weight=12.938441739417614 11.642111357301475 13.181233116425572 10.594268844462933 9.690418169833718 9.9587735245004279 10.70126519538462 11.488900925032793
leaf_count=227 227 230 241 233 237 162 270
internal_value=3.96549e-05 0.0016547 0.0039396 -0.0028154 0.000679158 -0.00248197 0.0098516
internal_weight=90.1954 57.6078 44.4265 32.5876 22.8972 21.2955 23.131
internal_count=1827 1130 900 697 464 403 497
is_linear=0
shrinkage=0.03


Tree=150
num_leaves=8
num_cat=0
split_feature=5 0 0 4 0 1 4
split_gain=0.455943 0.966259 1.81386 1.26064 2.94175 0.989416 0.823221
threshold=87.609649658203139 1.8392835045233372e-05 4.2356767153250992e-05 154.50000000000003 0.00015238820196827876 3.0451734573944127e-06 138.50000000000003
decision_type=2 2 2 2 2 2 2
left_child=6 5 -3 4 -4 -2 -1
right_child=1 2 3 -5 -6 -7 -8
leaf_value=-0.0074368325713159225 0.014447652512794998 -0.011652936649521113 -0.0073068029627034814 -0.0062305479197668255 0.015604645368700973 0.00083921504358122981 0.0028122191134802993
leaf_weight=16.557869354262952 8.8353159837424773 10.797916241921483 8.230633141472941 9.8935995828360301 13.025438383687286 10.550172626040874 12.28748297691345
leaf_count=298 241 184 127 144 389 208 236
internal_value=3.9568e-05 0.00150247 -0.00105733 0.0026156 0.00673303 0.00704153 -0.00307096
internal_weight=90.1784 61.3331 41.9476 31.1497 21.2561 19.3855 28.8454
internal_count=1827 1293 844 660 516 449 534
is_linear=0
shrinkage=0.03


Tree=151
num_leaves=8
num_cat=0
split_feature=2 1 5 2 2 1 2
split_gain=0.456528 1.30765 0.78591 1.24982 1.23366 1.48389 0.716728
threshold=3.9580138036399155e-05 2.1895403961025299e-06 92.450141906738295 9.5232720923377215e-05 0.00018792724586091938 3.5442761145532138e-05 6.4714113250374808e-05
decision_type=2 2 2 2 2 2 2
left_child=-1 -2 6 -4 -5 -6 -3
right_child=1 2 3 4 5 -7 -8
leaf_value=0.0056957245031506202 -0.0083829007365487668 0.00034829451131027442 -0.0090011473256130549 0.011051143978380189 -0.01046798154658583 0.0045497159386473536 0.013107258855074602
leaf_weight=11.241729316301642 16.137568084523082 7.6438834257423869 12.241693668067454 9.978323280811308 9.8599415831267851 14.824991716071962 8.2274480238556844
leaf_count=200 298 174 202 194 244 272 243
internal_value=3.96003e-05 -0.000766147 0.00119185 -0.000760721 0.00214947 -0.00144883 0.00696234
internal_weight=90.1556 78.9138 62.7763 46.905 34.6633 24.6849 15.8713
internal_count=1827 1627 1329 912 710 516 417
is_linear=0
shrinkage=0.03


Tree=152
num_leaves=7
num_cat=0
split_feature=0 5 7 0 2 1
split_gain=0.454067 1.323 1.14146 1.11781 2.03726 0.860798
threshold=1.9084176869910156e-06 83.130081176757827 9.5000000000000018 2.5412047762074511e-05 5.6917504480225041e-05 1.3607432720164072e-05
decision_type=2 2 2 2 2 2
left_child=-1 -2 3 4 -3 -5
right_child=1 2 -4 5 -6 -7
leaf_value=-0.005929066423938186 0.010415117372574821 -0.0074539181381771029 0.0055030606551461506 -0.013837606810090896 0.011587844271519203 -0.0031058795731928549
leaf_weight=10.176980372518299 11.090588289313017 9.872670557349922 19.021285341121256 10.328149514272811 10.366493402048944 19.291001656092703
leaf_count=176 230 212 394 226 234 355
internal_value=3.93568e-05 0.000798896 -0.000749451 -0.00313483 0.00229927 -0.00684802
internal_weight=90.1472 79.9702 68.8796 49.8583 20.2392 29.6192
internal_count=1827 1651 1421 1027 446 581
is_linear=0
shrinkage=0.03


Tree=153
num_leaves=7
num_cat=0
split_feature=5 0 0 1 4 2
split_gain=0.452416 0.922457 1.99129 1.15434 1.00166 0.789565
threshold=87.609649658203139 2.9855276807211343e-05 0.00017691844550427052 5.6779192163958221e-05 137.50000000000003 4.639116195903626e-05
decision_type=2 2 2 2 2 2
left_child=5 4 -3 -4 -2 -1
right_child=1 2 3 -5 -6 -7
leaf_value=-0.0081732297426531896 0.013362833262723691 -0.0083324720075942504 0.013761837837636523 -0.0017923693324772606 0.001119923514656301 0.0017578016837722435
leaf_weight=13.991224265657367 9.8504191366955656 18.810607613995671 8.3824354968965071 8.804709882475434 15.444195623509584 14.855153001844881
leaf_count=223 242 263 265 203 320 311
internal_value=3.90766e-05 0.00149714 -0.00158794 0.00579366 0.00588765 -0.003059
internal_weight=90.1387 61.2924 35.9978 17.1871 25.2946 28.8464
internal_count=1827 1293 731 468 562 534
is_linear=0
shrinkage=0.03


Tree=154
num_leaves=6
num_cat=0
split_feature=2 4 0 1 7
split_gain=0.465829 1.30809 3.93848 1.86396 1.27632
threshold=3.9580138036399155e-05 140.50000000000003 7.7030576903780474e-06 1.04941614154086e-05 4.5000000000000009
decision_type=2 2 2 2 2
left_child=-1 2 -2 -4 -3
right_child=1 4 3 -5 -6
leaf_value=0.0057470919685209147 -0.021490005568151737 0.008139336898909116 0.0085371560097999861 -0.0067399143011316366 -0.0025048812183209365
leaf_weight=11.258695897646247 9.5114914607256633 20.898541131056845 14.154684545472266 14.603775929659603 19.691546295769513
leaf_count=200 190 398 354 309 376
internal_value=3.87332e-05 -0.000776238 -0.00475541 0.000779338 0.00297549
internal_weight=90.1187 78.86 38.27 28.7585 40.5901
internal_count=1827 1627 853 663 774
is_linear=0
shrinkage=0.03


Tree=155
num_leaves=6
num_cat=0
split_feature=2 4 0 1 7
split_gain=0.440062 1.22754 3.62281 1.75807 1.20988
threshold=3.9580138036399155e-05 140.50000000000003 7.7030576903780474e-06 1.04941614154086e-05 4.5000000000000009
decision_type=2 2 2 2 2
left_child=-1 2 -2 -4 -3
right_child=1 4 3 -5 -6
leaf_value=0.005602545214705287 -0.020454180901843411 0.0079506725160628823 0.0083449342267670323 -0.0064993269869669202 -0.0024245053842819214
leaf_weight=11.20354605372995 9.6905554942786676 20.754825557116419 14.047949839383366 14.688716473057864 19.733371269889176
leaf_count=200 190 398 354 309 376
internal_value=3.87222e-05 -0.000751168 -0.0045918 0.000757306 0.00289396
internal_weight=90.119 78.9154 38.4272 28.7367 40.4882
internal_count=1827 1627 853 663 774
is_linear=0
shrinkage=0.03


Tree=156
num_leaves=7
num_cat=0
split_feature=0 0 0 0 7 4
split_gain=0.429931 1.32834 1.3305 2.34713 1.68005 0.786766
threshold=1.9084176869910156e-06 4.0844313389243334e-06 1.3737393601331862e-05 2.8232188924448568e-05 9.5000000000000018 132.50000000000003
decision_type=2 2 2 2 2 2
left_child=-1 -2 -3 -4 5 -5
right_child=1 2 3 4 -6 -7
leaf_value=-0.0057566931795300655 0.010378015174416359 -0.0075629323973185449 0.014581005478196168 -0.011928611582066546 0.0089236101311276576 -0.0016031376561806857
leaf_weight=10.21498044580221 11.163267495110629 18.875832893885672 10.254064395092426 10.157280257903041 10.264751135371624 19.187892288900912
leaf_count=176 258 364 217 219 232 361
internal_value=3.86329e-05 0.00077952 -0.000779265 0.00178867 -0.00152296 -0.00517711
internal_weight=90.1181 79.9031 68.7398 49.864 39.6099 29.3452
internal_count=1827 1651 1393 1029 812 580
is_linear=0
shrinkage=0.03


Tree=157
num_leaves=7
num_cat=0
split_feature=1 6 1 9 2 0
split_gain=0.420261 1.25181 0.963247 1.20744 1.40483 1.64133
threshold=2.1895403961025299e-06 0.55000001192092907 3.3605803082537027e-06 2.5000000000000004 9.5232720923377215e-05 8.4083956608083113e-05
decision_type=2 2 2 2 2 2
left_child=1 -1 -2 4 -4 -6
right_child=2 -3 3 -5 5 -7
leaf_value=-0.0087897446672203453 0.010053170158119277 0.0042414371424515382 -0.012092581786345452 0.0075576563725308623 0.0087246058334135308 -0.0056360945323527577
leaf_weight=15.185664889402688 9.7408766746520978 11.782112203538418 10.757518926635383 13.481141712982206 12.647394955158235 16.517709993757308
leaf_count=249 252 234 193 307 232 360
internal_value=3.85017e-05 -0.00309647 0.00137739 -0.000205083 -0.00282642 0.000591397
internal_weight=90.1124 26.9678 63.1446 53.4038 39.9226 29.1651
internal_count=1827 483 1344 1092 785 592
is_linear=0
shrinkage=0.03


Tree=158
num_leaves=7
num_cat=0
split_feature=2 1 4 4 0 6
split_gain=0.432124 1.17357 0.814595 1.23825 1.01444 1.70805
threshold=3.9580138036399155e-05 2.1895403961025299e-06 119.50000000000001 132.50000000000003 0.00011730100231943653 0.55000001192092907
decision_type=2 2 2 2 2 2
left_child=-1 -2 -3 -4 5 -5
right_child=1 2 3 4 -6 -7
leaf_value=0.0055570045735274061 -0.007912610414931456 0.008789786941415155 -0.0094362477679495616 0.013418040034430135 -0.0050258948083774339 -0.001381486996368848
leaf_weight=11.184239842928944 16.305980514734983 10.400891941972075 10.82779475301504 12.513952020555735 12.886038500815628 15.982361550442874
leaf_count=200 298 268 235 221 316 289
internal_value=3.82379e-05 -0.00074389 0.00112308 -0.000404219 0.00195903 0.00511762
internal_weight=90.1013 78.917 62.611 52.2101 41.3824 28.4963
internal_count=1827 1627 1329 1061 826 510
is_linear=0
shrinkage=0.03


Tree=159
num_leaves=7
num_cat=0
split_feature=0 0 0 7 4 5
split_gain=0.417244 1.32439 2.24222 1.60213 0.711026 0.623577
threshold=3.5743387343245563e-06 1.3737393601331862e-05 2.8232188924448568e-05 9.5000000000000018 132.50000000000003 90.098037719726577
decision_type=2 2 2 2 2 2
left_child=-1 5 -3 4 -4 -2
right_child=1 2 3 -5 -6 -7
leaf_value=0.0040961217796812756 -0.01191754045368764 0.014331144258014072 -0.011409583227139676 0.0087574049691358513 -0.0016280531802344671 -0.0018389330264227284
leaf_weight=18.196505785919726 11.542200189083816 10.119086236692963 10.270502329804005 10.197947034612296 19.175805271137506 10.598041395656763
leaf_count=376 218 217 219 232 361 204
internal_value=3.79093e-05 -0.000989095 0.00172666 -0.0014906 -0.00503973 -0.00709314
internal_weight=90.1001 71.9036 49.7633 39.6443 29.4463 22.1402
internal_count=1827 1451 1029 812 580 422
is_linear=0
shrinkage=0.03


Tree=160
num_leaves=7
num_cat=0
split_feature=0 5 4 4 2 1
split_gain=0.413734 1.33039 1.24638 2.52988 1.90029 0.258031
threshold=1.9084176869910156e-06 83.130081176757827 137.50000000000003 149.50000000000003 0.00026628970226738607 4.4708056066156141e-06
decision_type=2 2 2 2 2 2
left_child=-1 -2 4 -4 5 -3
right_child=1 2 3 -5 -6 -7
leaf_value=-0.0056383296975891445 0.010410978475433548 0.0060336538674980568 -0.012841788723051566 0.0023867462313901175 -0.0065453727656895116 0.013077347321479596
leaf_weight=10.243774024769662 11.084166791290043 9.1944991406053358 17.334002041257918 22.643511216156185 10.061151467263697 9.534609489142893
leaf_count=176 230 188 391 378 250 214
internal_value=3.76689e-05 0.000765812 -0.000788821 -0.00421625 0.00397043 0.00961946
internal_weight=90.0957 79.8519 68.7678 39.9775 28.7903 18.7291
internal_count=1827 1651 1421 769 652 402
is_linear=0
shrinkage=0.03


Tree=161
num_leaves=6
num_cat=0
split_feature=2 4 0 1 7
split_gain=0.403547 1.12229 3.3625 1.58784 1.17631
threshold=3.9580138036399155e-05 140.50000000000003 7.7030576903780474e-06 1.04941614154086e-05 4.5000000000000009
decision_type=2 2 2 2 2
left_child=-1 2 -2 -4 -3
right_child=1 4 3 -5 -6
leaf_value=0.0053882430931038155 -0.019490483610391185 0.0077906416056521188 0.0080943125404897634 -0.0060092375770903371 -0.0024570098455332667
leaf_weight=11.119970379397271 9.859158752486108 20.632191793061793 13.911615380086007 14.857277192175387 19.713864300400019
leaf_count=200 190 398 354 309 376
internal_value=3.75412e-05 -0.000715866 -0.00437081 0.000810739 0.00278344
internal_weight=90.0941 78.9741 38.6281 28.7689 40.3461
internal_count=1827 1627 853 663 774
is_linear=0
shrinkage=0.03


Tree=162
num_leaves=7
num_cat=0
split_feature=1 6 0 0 1 4
split_gain=0.419987 0.895947 4.08853 2.27283 2.18961 1.33832
threshold=1.1677478823912681e-06 0.6904762089252473 5.9947954014205615e-06 6.5204078509850669e-06 1.0834789009095404e-05 140.50000000000003
decision_type=2 2 2 2 2 2
left_child=-1 3 -3 -2 -4 -5
right_child=1 2 4 5 -6 -7
leaf_value=-0.0057236691334624354 0.015497712338208977 -0.019116791821724002 0.01254724399119609 -0.0058297928527565974 -0.0051073464842792994 0.0061280269497273106
leaf_weight=10.11052563600242 10.899733845144508 9.9380121007561666 12.465737390331926 18.063886290416121 12.829819081351159 15.784159688279031
leaf_count=160 231 202 317 356 293 268
internal_value=3.74072e-05 0.000765671 -0.00281262 0.00358315 0.0035929 -0.000253573
internal_weight=90.0919 79.9813 35.2336 44.7478 25.2956 33.848
internal_count=1827 1667 812 855 610 624
is_linear=0
shrinkage=0.03


Tree=163
num_leaves=7
num_cat=0
split_feature=0 0 0 7 4 5
split_gain=0.422112 1.25022 2.0832 1.53186 0.618655 0.572376
threshold=3.5743387343245563e-06 1.3737393601331862e-05 2.8232188924448568e-05 9.5000000000000018 132.50000000000003 90.098037719726577
decision_type=2 2 2 2 2 2
left_child=-1 5 -3 4 -4 -2
right_child=1 2 3 -5 -6 -7
leaf_value=0.004118269002785906 -0.011498219827635837 0.013944975086517299 -0.010757346943552756 0.008635228868684567 -0.0016725051645583391 -0.001860675960648547
leaf_weight=18.205160746350884 11.644006460905077 9.9262483827769739 10.413449305109681 10.15095163322985 19.155972492415458 10.590482253581284
leaf_count=376 218 217 219 232 361 204
internal_value=3.77469e-05 -0.000995717 0.00165203 -0.00142002 -0.00487191 -0.00690777
internal_weight=90.0863 71.8811 49.6466 39.7204 29.5694 22.2345
internal_count=1827 1451 1029 812 580 422
is_linear=0
shrinkage=0.03


Tree=164
num_leaves=7
num_cat=0
split_feature=6 2 1 4 5 4
split_gain=0.408296 1.53213 1.92117 1.47982 0.807294 0.744796
threshold=0.22500000149011615 4.4338030420476578e-05 2.1895403961025299e-06 126.50000000000001 94.570026397705092 152.50000000000003
decision_type=2 2 2 2 2 2
left_child=-1 -2 -3 -4 -5 -6
right_child=1 2 3 4 5 -7
leaf_value=-0.0038907071197681314 0.011154305421443534 -0.012915187642618614 0.010986745242485716 -0.0080225309187309263 0.0056960016852404365 -0.0043940591935392884
leaf_weight=18.835006754845381 11.402763877063988 9.9031563326716405 11.50750556681305 11.279896965250371 15.930552441626789 11.222089338116346
leaf_count=310 225 189 302 266 361 174
internal_value=3.74544e-05 0.00107593 -0.000844448 0.00154919 -0.00127661 0.00152582
internal_weight=90.081 71.246 59.8432 49.94 38.4325 27.1526
internal_count=1827 1517 1292 1103 801 535
is_linear=0
shrinkage=0.03


Tree=165
num_leaves=7
num_cat=0
split_feature=1 6 0 0 1 4
split_gain=0.412253 0.863273 3.75606 2.18128 2.1117 1.25566
threshold=1.1677478823912681e-06 0.6904762089252473 5.9947954014205615e-06 6.5204078509850669e-06 1.0834789009095404e-05 140.50000000000003
decision_type=2 2 2 2 2 2
left_child=-1 3 -3 -2 -4 -5
right_child=1 2 4 5 -6 -7
leaf_value=-0.0056673543120503364 0.015286768100496138 -0.018193121262783472 0.012321407643141102 -0.005578401955156324 -0.0050592732297642211 0.0060014363581636304
leaf_weight=10.120353238657115 10.776361048221586 10.110356848686932 12.332423799205573 18.173508374020457 12.843184187542645 15.715499151498078
leaf_count=160 231 202 317 356 293 268
internal_value=3.72285e-05 0.000759323 -0.00274793 0.00353008 0.00345476 -0.000208432
internal_weight=90.0717 79.9513 35.286 44.6654 25.1756 33.889
internal_count=1827 1667 812 855 610 624
is_linear=0
shrinkage=0.03


Tree=166
num_leaves=7
num_cat=0
split_feature=0 0 0 7 4 5
split_gain=0.407353 1.18248 1.98436 1.43644 0.581889 0.506216
threshold=3.5743387343245563e-06 1.3737393601331862e-05 2.8232188924448568e-05 9.5000000000000018 132.50000000000003 90.098037719726577
decision_type=2 2 2 2 2 2
left_child=-1 5 -3 4 -4 -2
right_child=1 2 3 -5 -6 -7
leaf_value=0.0040518013629680903 -0.010986348082033125 0.01369547277145086 -0.01037193384803517 0.0084203252179059704 -0.0015880810214978871 -0.0019408734712946325
leaf_weight=18.162619578652084 11.770620148628952 9.8029327522963268 10.500143834389748 10.06469513196498 19.196835656650364 10.567083400674163
leaf_count=376 218 217 219 232 361 204
internal_value=3.74919e-05 -0.000976528 0.0016062 -0.00137431 -0.00469384 -0.00670729
internal_weight=90.0649 71.9023 49.5646 39.7617 29.697 22.3377
internal_count=1827 1451 1029 812 580 422
is_linear=0
shrinkage=0.03


Tree=167
num_leaves=7
num_cat=0
split_feature=0 5 4 4 2 2
split_gain=0.402722 1.33957 1.31265 2.37118 1.67823 0.725923
threshold=1.9084176869910156e-06 83.130081176757827 137.50000000000003 149.50000000000003 0.00026628970226738607 6.8825636844849228e-05
decision_type=2 2 2 2 2 2
left_child=-1 -2 4 -4 5 -3
right_child=1 2 3 -5 -6 -7
leaf_value=-0.0055580642384486885 0.010432351577608851 0.0036160058962968204 -0.012645792000280818 0.0021081623954469883 -0.0056611532520184421 0.01547687916217675
leaf_weight=10.258656812831758 11.088064888492225 9.444864118471747 17.400381677784026 22.455717169679701 10.27473492361605 9.1365681011229736
leaf_count=176 230 185 391 378 250 217
internal_value=3.71579e-05 0.000756446 -0.00080495 -0.00433312 0.00406816 0.00944805
internal_weight=90.059 79.8003 68.7123 39.8561 28.8562 18.5814
internal_count=1827 1651 1421 769 652 402
is_linear=0
shrinkage=0.03


Tree=168
num_leaves=8
num_cat=0
split_feature=0 0 7 6 4 1 1
split_gain=0.408557 1.57577 1.55266 1.95273 3.67996 1.35468 0.990865
threshold=3.4922899430966943e-05 8.4083956608083113e-05 11.500000000000002 1.0000000180025095e-35 133.50000000000003 2.6620037715474613e-05 2.7846652983498647e-06
decision_type=2 2 2 2 2 2 2
left_child=2 -2 3 -1 -5 -3 -6
right_child=1 5 -4 4 6 -7 -8
leaf_value=-0.0099748638848734163 0.012418860742648453 0.0073065799428433872 -0.010913662924008759 -0.0081154755255269159 0.01974101220917332 -0.0068671910722116385 0.0060679632107251552
leaf_weight=10.559929899871348 10.312682543881236 9.8109313608147222 12.436210202053188 11.924641237594189 9.8575793607160467 15.911527667194603 9.242563007399438
leaf_count=182 161 286 219 251 231 309 188
internal_value=3.70674e-05 0.00251112 -0.00161327 0.00116808 0.00496081 -0.0014611 0.0131246
internal_weight=90.0561 36.0351 54.0209 41.5847 31.0248 25.7225 19.1001
internal_count=1827 756 1071 852 670 595 419
is_linear=0
shrinkage=0.03


Tree=169
num_leaves=7
num_cat=0
split_feature=0 0 0 7 4 5
split_gain=0.395983 1.09213 1.89694 1.36642 0.544373 0.487525
threshold=3.5743387343245563e-06 1.3737393601331862e-05 2.8232188924448568e-05 9.5000000000000018 132.50000000000003 90.098037719726577
decision_type=2 2 2 2 2 2
left_child=-1 5 -3 4 -4 -2
right_child=1 2 3 -5 -6 -7
leaf_value=0.0040007182552516509 -0.010622638526882095 0.013439833504979676 -0.010057176742927089 0.0082308562675325429 -0.0015799615907128601 -0.0017726055466620026
leaf_weight=18.122537332586944 11.864927826449277 9.6815780112519843 10.570929148234429 9.992950380779801 19.201328408904374 10.613111654296516
leaf_count=376 218 217 219 232 361 204
internal_value=3.7444e-05 -0.000961162 0.00153131 -0.00136804 -0.00458988 -0.00644405
internal_weight=90.0474 71.9248 49.4468 39.7652 29.7723 22.478
internal_count=1827 1451 1029 812 580 422
is_linear=0
shrinkage=0.03


Tree=170
num_leaves=7
num_cat=0
split_feature=1 0 0 0 7 0
split_gain=0.404272 0.845834 2.27498 1.85608 1.59187 1.30833
threshold=3.5442761145532138e-05 2.9855276807211343e-05 0.00011050022658309901 1.3737393601331862e-05 8.5000000000000018 4.0844313389243334e-06
decision_type=2 2 2 2 2 2
left_child=1 3 -3 4 5 -1
right_child=-2 2 -4 -5 -6 -7
leaf_value=0.0077605284414966674 0.0042414877585078932 -0.014629668115174414 0.0047340532711413873 0.012372107525930124 -0.011065498368265774 -0.0050682394606445958
leaf_weight=16.064486972056333 16.753154275938869 12.030063884332778 9.9995817933231574 10.595737871713935 11.697962390258906 12.899904643185435
leaf_count=340 301 199 298 231 204 254
internal_value=3.70713e-05 -0.000924034 -0.00584019 0.00118883 -0.0017253 0.00204697
internal_weight=90.0409 73.2877 22.0296 51.2581 40.6624 28.9644
internal_count=1827 1526 497 1029 798 594
is_linear=0
shrinkage=0.03


Tree=171
num_leaves=7
num_cat=0
split_feature=1 6 1 9 2 0
split_gain=0.411821 1.33225 0.978129 1.1549 1.38192 1.35538
threshold=2.1895403961025299e-06 0.55000001192092907 3.3605803082537027e-06 2.5000000000000004 9.5232720923377215e-05 8.4083956608083113e-05
decision_type=2 2 2 2 2 2
left_child=1 -1 -2 4 -4 -6
right_child=2 -3 3 -5 5 -7
leaf_value=-0.008971795147546811 0.010099552864370233 0.0044648552733869079 -0.011967895285205527 0.0073920403118937243 0.0081429421169044516 -0.0049458398901783629
leaf_weight=15.110870271921158 9.7514761043712479 11.848698977380991 10.780052948743103 13.385564268566666 12.360685610212387 16.795508960261941
leaf_count=249 252 234 193 307 232 360
internal_value=3.70218e-05 -0.0030664 0.00136353 -0.000234116 -0.0027902 0.000603112
internal_weight=90.0329 26.9596 63.0733 53.3218 39.9362 29.1562
internal_count=1827 483 1344 1092 785 592
is_linear=0
shrinkage=0.03


Tree=172
num_leaves=8
num_cat=0
split_feature=0 5 5 4 4 4 7
split_gain=0.401129 1.29944 1.32998 0.985704 2.19036 1.41066 0.811067
threshold=1.9084176869910156e-06 83.130081176757827 87.609649658203139 137.50000000000003 145.50000000000003 129.50000000000003 4.5000000000000009
decision_type=2 2 2 2 2 2 2
left_child=-1 -2 -3 5 -5 -4 -6
right_child=1 2 3 4 6 -7 -8
leaf_value=-0.0055484896293349966 0.010313020602004909 -0.011102569208996457 -4.8694380977754188e-06 -0.013802353362807241 0.0081090571246626841 0.015102019333439324 -0.0027338233009419921
leaf_weight=10.254559976980088 11.030768237076698 9.6540438234806043 14.922163398936393 10.443273561540989 12.157402724958958 8.8697411390021426 12.689327353611587
leaf_count=176 230 179 350 238 222 204 228
internal_value=3.6767e-05 0.00075479 -0.000779118 0.000907745 -0.00227393 0.00562705 0.00257155
internal_weight=90.0213 79.7667 68.736 59.0819 35.29 23.7919 24.8467
internal_count=1827 1651 1421 1242 688 554 450
is_linear=0
shrinkage=0.03


Tree=173
num_leaves=7
num_cat=0
split_feature=1 6 0 0 1 1
split_gain=0.382999 0.839258 3.48443 2.14869 2.02787 1.16814
threshold=1.1677478823912681e-06 0.6904762089252473 5.9947954014205615e-06 6.5204078509850669e-06 1.0834789009095404e-05 9.395169854542475e-06
decision_type=2 2 2 2 2 2
left_child=-1 3 -3 -2 -4 -5
right_child=1 2 4 5 -6 -7
leaf_value=-0.0054479565078458247 0.015185626119253968 -0.017459531448404581 0.012077683886660532 -0.0066457669334619518 -0.0050015234658872532 0.0046093926848616911
leaf_weight=10.164741806685923 10.707278530113397 10.245588644407688 12.185339314397426 14.565486658364533 12.859734527766703 19.290777771733701
leaf_count=160 231 202 317 275 293 349
internal_value=3.67571e-05 0.000734913 -0.00272114 0.00347182 0.00330813 -0.00023275
internal_weight=90.0189 79.8542 35.2907 44.5635 25.0451 33.8563
internal_count=1827 1667 812 855 610 624
is_linear=0
shrinkage=0.03


Tree=174
num_leaves=8
num_cat=0
split_feature=2 1 5 2 4 1 2
split_gain=0.399135 1.04799 0.877879 1.35366 1.33412 2.21801 0.534816
threshold=3.9580138036399155e-05 2.1895403961025299e-06 92.450141906738295 9.5232720923377215e-05 154.50000000000003 3.4278942621313042e-05 6.4714113250374808e-05
decision_type=2 2 2 2 2 2 2
left_child=-1 -2 6 -4 5 -5 -3
right_child=1 2 3 4 -6 -7 -8
leaf_value=0.0053647062132057824 -0.0074453853451934802 0.0016157662516146924 -0.009678154423797318 -0.0026127571242936395 -0.0063858199083798193 0.016024472339977454 0.012608803908258375
leaf_weight=11.095400815829633 16.463707995600998 7.9250904815271488 12.041262331418691 12.215043528936805 11.408876666799186 10.853469487279652 8.0073679666966182
leaf_count=200 298 174 202 319 172 219 243
internal_value=3.69657e-05 -0.000712113 0.00106295 -0.00101865 0.0020057 0.00615584 0.00714067
internal_weight=90.0102 78.9148 62.4511 46.5187 34.4774 23.0685 15.9325
internal_count=1827 1627 1329 912 710 538 417
is_linear=0
shrinkage=0.03


Tree=175
num_leaves=6
num_cat=0
split_feature=0 1 4 9 4
split_gain=0.396078 0.91395 1.13424 0.918179 1.18739
threshold=3.5743387343245563e-06 4.6472214307868862e-06 141.50000000000003 2.5000000000000004 137.50000000000003
decision_type=2 2 2 2 2
left_child=-1 2 -2 4 -3
right_child=1 3 -4 -5 -6
leaf_value=0.0040015164867676202 -0.010680286505896624 0.0053597699840752869 0.0017529781090533246 0.0093562983737841207 -0.005845176126179393
leaf_weight=18.113943031057715 15.350020095705988 15.658263355493544 11.589200395159422 10.639375056605784 18.649415794759989
leaf_count=376 308 362 198 259 324
internal_value=3.68553e-05 -0.000962162 -0.00533152 0.00165663 -0.000731161
internal_weight=90.0002 71.8863 26.9392 44.9471 34.3077
internal_count=1827 1451 506 945 686
is_linear=0
shrinkage=0.03


Tree=176
num_leaves=7
num_cat=0
split_feature=6 2 1 4 1 1
split_gain=0.388816 1.49531 1.7191 1.40464 0.855591 1.58462
threshold=0.22500000149011615 4.4338030420476578e-05 2.1895403961025299e-06 126.50000000000001 6.7195956034993296e-06 3.5442761145532138e-05
decision_type=2 2 2 2 2 2
left_child=-1 -2 -3 -4 -5 -6
right_child=1 2 3 4 5 -7
leaf_value=-0.0037922952256775242 0.011043384525502808 -0.012157532750135933 0.010712851985068311 0.0042898462917509601 -0.011384286972934475 0.0045071310035040826
leaf_weight=18.867523895576596 11.332935844548045 10.051759012974797 11.357290916144846 15.01672094594687 13.814565152395518 9.552166414447127
leaf_count=310 225 189 302 307 311 183
internal_value=3.63412e-05 0.00105197 -0.000841783 0.00144494 -0.00129735 -0.00488798
internal_weight=89.993 71.1254 59.7925 49.7407 38.3835 23.3667
internal_count=1827 1517 1292 1103 801 494
is_linear=0
shrinkage=0.03


Tree=177
num_leaves=8
num_cat=0
split_feature=0 0 1 5 0 4 4
split_gain=0.385989 1.2637 1.45127 0.938965 1.94527 2.34673 1.18689
threshold=1.9084176869910156e-06 4.3686432036338382e-06 2.4050967795119509e-06 93.813774108886733 3.4922899430966943e-05 153.50000000000003 131.50000000000003
decision_type=2 2 2 2 2 2 2
left_child=-1 -2 -3 -4 -5 6 -6
right_child=1 2 3 4 5 -7 -8
leaf_value=-0.0054348611992905017 0.0096633398737282147 -0.011296906213942295 0.007479886286957808 -0.010469929669080174 0.0014750172190891575 -0.0084501179430852835 0.016689258829325739
leaf_weight=10.279898041859267 12.117009722627698 10.179989345371721 14.880010105669497 13.92833926156163 8.706771703436976 10.076603224501012 9.8191605256870371
leaf_count=176 279 173 379 246 185 142 247
internal_value=3.62193e-05 0.000741823 -0.000857537 0.000993552 -0.00127578 0.00320142 0.00953891
internal_weight=89.9878 79.7079 67.5909 57.4109 42.5309 28.6025 18.5259
internal_count=1827 1651 1372 1199 820 574 432
is_linear=0
shrinkage=0.03


Tree=178
num_leaves=6
num_cat=0
split_feature=4 2 2 2 7
split_gain=0.387662 1.10033 1.59475 1.12166 1.11035
threshold=121.50000000000001 5.5752218031557284e-05 9.5232720923377215e-05 0.000689839740516618 1.5000000000000002
decision_type=2 2 2 2 2
left_child=-1 4 -3 -4 -2
right_child=1 2 3 -5 -6
leaf_value=-0.0039908793267309645 -0.00047588190016444623 -0.0087753059577951233 0.0060122005402133754 -0.0058265550209649292 0.013251326361060514
leaf_weight=17.360806331969798 10.092514760792257 17.359127108007669 23.615914137102664 10.363346787169574 11.175504031591116
leaf_count=382 188 302 393 321 241
internal_value=3.63674e-05 0.000999316 -0.00137773 0.00240149 0.00673722
internal_weight=89.9672 72.6064 51.3384 33.9793 21.268
internal_count=1827 1445 1016 714 429
is_linear=0
shrinkage=0.03


Tree=179
num_leaves=7
num_cat=0
split_feature=0 5 7 1 1 4
split_gain=0.374919 1.22297 1.37258 1.52303 2.59644 2.06732
threshold=1.9084176869910156e-06 84.529914855957045 14.500000000000002 9.395169854542475e-06 2.6620037715474613e-05 137.50000000000003
decision_type=2 2 2 2 2 2
left_child=-1 -2 3 5 -5 -3
right_child=1 2 -4 4 -6 -7
leaf_value=-0.0053502382179630627 0.009117546305804974 0.0020714106014877963 0.0091275921900327468 0.014267810436695031 -0.0049221957154876326 -0.014123208518528281
leaf_weight=10.299419125542043 13.083288649097083 12.015459408052267 10.344860482960938 10.254495245404543 16.646717098541558 17.321227713488042
leaf_count=176 275 284 220 244 291 337
internal_value=3.5961e-05 0.000732302 -0.000915371 -0.00276276 0.00239286 -0.00749036
internal_weight=89.9655 79.666 66.5828 56.2379 26.9012 29.3367
internal_count=1827 1651 1376 1156 535 621
is_linear=0
shrinkage=0.03


Tree=180
num_leaves=7
num_cat=0
split_feature=4 1 9 2 4 2
split_gain=0.381294 1.10118 2.3618 1.61211 1.34951 0.649833
threshold=121.50000000000001 4.1459168187429904e-06 2.5000000000000004 0.00010303948511136697 154.50000000000003 0.00032170533086173242
decision_type=2 2 2 2 2 2
left_child=-1 2 -2 -3 5 -5
right_child=1 3 -4 4 -6 -7
leaf_value=-0.0039562025998264912 0.014676717206065001 -0.012324840216694851 -0.0016512329969653118 0.00054779091712526715 -0.0068020408643461264 0.012070067204402662
leaf_weight=17.372575726360083 13.513285399414597 10.704171353951095 19.447003381326795 8.5482490090653354 11.277228638529776 9.0892177531495673
leaf_count=382 258 198 399 167 167 256
internal_value=3.60689e-05 0.000991661 0.00504301 -0.0023788 0.00130321 0.00648563
internal_weight=89.9517 72.5792 32.9603 39.6189 28.9147 17.6375
internal_count=1827 1445 657 788 590 423
is_linear=0
shrinkage=0.03


Tree=181
num_leaves=7
num_cat=0
split_feature=5 0 0 4 0 2
split_gain=0.378808 1.09699 1.96549 1.37656 2.74358 0.860203
threshold=87.609649658203139 1.2248856819496725e-05 3.4922899430966943e-05 154.50000000000003 0.00014270540850702676 4.639116195903626e-05
decision_type=2 2 2 2 2 2
left_child=5 -2 -3 4 -4 -1
right_child=1 2 3 -5 -6 -7
leaf_value=-0.008144437523651106 0.0083331009457600757 -0.011178308831512563 -0.0053286262936318319 -0.0060383389897314564 0.015854578877973313 0.0021976864403725318
leaf_weight=13.972927712835373 15.292127169668673 12.340116851963101 9.4348463704809564 10.684470226988195 13.203380647115408 15.017040885984896
leaf_count=223 357 241 149 152 394 311
internal_value=3.59457e-05 0.00137859 -0.000950419 0.00283719 0.00702614 -0.00278713
internal_weight=89.9449 60.9549 45.6628 33.3227 22.6382 28.99
internal_count=1827 1293 936 695 543 534
is_linear=0
shrinkage=0.03


Tree=182
num_leaves=6
num_cat=0
split_feature=4 4 4 2 7
split_gain=0.389996 0.986284 0.71742 0.693124 1.48528
threshold=140.50000000000003 135.50000000000003 121.50000000000001 5.6003867939580239e-05 4.5000000000000009
decision_type=2 2 2 2 2
left_child=1 2 -1 -2 -5
right_child=3 -3 -4 4 -6
leaf_value=-0.0038599570471780377 0.0088236609649350439 -0.0098799181672212539 0.004626650699934811 0.0065039218645294135 -0.0062422560888023256
leaf_weight=17.411522915586829 10.42805034201592 10.667390077374874 18.480070903897285 15.999441039282827 16.939089592546225
leaf_count=382 236 215 384 297 313
internal_value=3.59711e-05 -0.00187074 0.000509677 0.00208305 -5.09744e-05
internal_weight=89.9256 46.559 35.8916 43.3666 32.9385
internal_count=1827 981 766 846 610
is_linear=0
shrinkage=0.03


Tree=183
num_leaves=8
num_cat=0
split_feature=4 7 0 7 1 2 1
split_gain=0.37842 0.980895 1.71031 0.981829 0.924126 1.40854 0.0432582
threshold=133.50000000000003 11.500000000000002 2.5412047762074511e-05 1.5000000000000002 1.04941614154086e-05 4.9515485443407676e-05 2.2912466192792639e-05
decision_type=2 2 2 2 2 2 2
left_child=4 2 3 -2 5 -1 -4
right_child=1 -3 6 -5 -6 -7 -8
leaf_value=-0.0069421831390422458 0.0032200821562412053 -0.005635452786816317 -0.0037949116956664513 0.015713806911393364 -0.0097980381501582194 0.0082228938759808384 -0.0010883779492952045
leaf_weight=10.575238852761688 11.434089914895596 13.282591280527411 10.634886913932862 11.212160201743243 10.644914730451999 11.513254346325992 10.624191132374106
leaf_count=168 227 230 212 270 221 308 191
internal_value=3.54439e-05 0.00150783 0.00366887 0.00940573 -0.00253693 0.000962357 -0.00244233
internal_weight=89.9213 57.1879 43.9053 22.6463 32.7334 22.0885 21.2591
internal_count=1827 1130 900 497 697 476 403
is_linear=0
shrinkage=0.03


Tree=184
num_leaves=7
num_cat=0
split_feature=5 0 2 1 2 7
split_gain=0.380915 0.993614 1.8862 1.2193 0.788665 0.55767
threshold=87.609649658203139 1.2248856819496725e-05 0.0001066718796209898 1.6652368685754485e-05 4.639116195903626e-05 3.5000000000000004
decision_type=2 2 2 2 2 2
left_child=4 -2 -3 -4 -1 -5
right_child=1 2 3 5 -6 -7
leaf_value=-0.0078988811060075447 0.0080503473519551796 -0.012384919184754553 0.010581496835024766 0.0029080821957910797 0.0020048682387887179 -0.0061318570056223248
leaf_weight=14.046597202308478 15.119354130700229 9.9375697644427401 11.223443150985984 13.047855908051135 14.926630006171761 11.603573701344429
leaf_count=223 357 178 299 223 311 236
internal_value=3.52282e-05 0.00138177 -0.000819044 0.00238478 -0.0027966 -0.00134707
internal_weight=89.905 60.9318 45.8124 35.8749 28.9732 24.6514
internal_count=1827 1293 936 758 534 459
is_linear=0
shrinkage=0.03


Tree=185
num_leaves=6
num_cat=0
split_feature=2 4 0 1 7
split_gain=0.369565 1.10316 2.9691 1.5695 0.97868
threshold=3.9580138036399155e-05 140.50000000000003 7.7030576903780474e-06 1.04941614154086e-05 4.5000000000000009
decision_type=2 2 2 2 2
left_child=-1 2 -2 -4 -3
right_child=1 4 3 -5 -6
leaf_value=0.0051832075609476915 -0.018320837210536338 0.0074267257489619987 0.0079196887754094721 -0.0061557963674791832 -0.0019280151459882826
leaf_weight=11.011725577525793 10.060893842950462 20.309685232583433 13.769075288437309 14.786437919363378 19.953987630084157
leaf_count=200 190 398 354 309 376
internal_value=3.49245e-05 -0.00068378 -0.00430645 0.000631209 0.00279068
internal_weight=89.8918 78.8801 38.6164 28.5555 40.2637
internal_count=1827 1627 853 663 774
is_linear=0
shrinkage=0.03


Tree=186
num_leaves=7
num_cat=0
split_feature=6 2 0 2 0 4
split_gain=0.371631 1.42672 1.69353 1.15145 2.38903 0.992974
threshold=0.22500000149011615 4.4338030420476578e-05 5.658354666593369e-06 8.8624343334231539e-05 0.00011050022658309901 143.50000000000003
decision_type=2 2 2 2 2 2
left_child=-1 -2 -3 -4 -5 -6
right_child=1 2 3 4 5 -7
leaf_value=-0.0037054116174520444 0.010845324861096024 -0.011965969705543634 0.008379345502012572 -0.0095346243419400165 0.012803067741187115 -0.0015682440058931019
leaf_weight=18.885876096785069 11.22101462446153 10.168672405183314 15.110244311392306 17.057686754502356 9.4961302014999109 7.9490927336737505
leaf_count=310 225 210 294 314 285 189
internal_value=3.47806e-05 0.00102963 -0.000812776 0.00147317 -0.00155132 0.00625463
internal_weight=89.8887 71.0028 59.7818 49.6132 34.5029 17.4452
internal_count=1827 1517 1292 1082 788 474
is_linear=0
shrinkage=0.03


Tree=187
num_leaves=7
num_cat=0
split_feature=1 6 0 0 1 4
split_gain=0.370576 0.810169 3.30579 2.04178 1.89858 1.22791
threshold=1.1677478823912681e-06 0.6904762089252473 5.9947954014205615e-06 6.5204078509850669e-06 1.0834789009095404e-05 140.50000000000003
decision_type=2 2 2 2 2 2
left_child=-1 3 -3 -2 -4 -5
right_child=1 2 4 5 -6 -7
leaf_value=-0.0053593483262463935 0.014938604730864592 -0.016933388344753563 0.011823906107129448 -0.0054740948282292852 -0.0047401551111316701 0.0059814784457894853
leaf_weight=10.165938371792434 10.555743317119775 10.340112271718679 12.019145309925081 18.195376249961555 12.925121378153561 15.676888233050702
leaf_count=160 231 202 317 356 293 268
internal_value=3.4781e-05 0.000722709 -0.00267107 0.00341802 0.00324107 -0.000172184
internal_weight=89.8783 79.7124 35.2844 44.428 24.9443 33.8723
internal_count=1827 1667 812 855 610 624
is_linear=0
shrinkage=0.03


Tree=188
num_leaves=7
num_cat=0
split_feature=0 0 0 7 4 5
split_gain=0.361446 0.983489 1.9448 1.37128 0.577003 0.503372
threshold=3.5743387343245563e-06 1.3737393601331862e-05 2.8232188924448568e-05 9.5000000000000018 132.50000000000003 90.098037719726577
decision_type=2 2 2 2 2 2
left_child=-1 5 -3 4 -4 -2
right_child=1 2 3 -5 -6 -7
leaf_value=0.0038384801131816646 -0.010331536176543751 0.013512690161043426 -0.010379511968936014 0.0081547550915196942 -0.0016231393097572489 -0.0013729578255750219
leaf_weight=17.986192014999688 11.926041934639217 9.683997222222386 10.484491049312057 9.9396483805030567 19.131715293042362 10.717870467342435
leaf_count=376 218 217 219 232 361 204
internal_value=3.49954e-05 -0.000916683 0.00146294 -0.00148706 -0.004723 -0.00609124
internal_weight=89.87 71.8838 49.2399 39.5559 29.6162 22.6439
internal_count=1827 1451 1029 812 580 422
is_linear=0
shrinkage=0.03


Tree=189
num_leaves=8
num_cat=0
split_feature=0 5 5 5 6 1 1
split_gain=0.360973 1.20161 1.32825 0.845794 0.935539 1.38589 1.03153
threshold=1.9084176869910156e-06 83.130081176757827 87.609649658203139 93.813774108886733 0.77500000596046459 9.395169854542475e-06 1.7317196579824671e-05
decision_type=2 2 2 2 2 2 2
left_child=-1 -2 -3 -4 5 -5 -6
right_child=1 2 3 4 6 -7 -8
leaf_value=-0.0052463319893017342 0.0099892626385798718 -0.011065725048443361 0.0086949640652125779 -0.011920722087466936 0.011041921245533029 0.0013503970003562063 -0.0028158853510128015
leaf_weight=10.312078993767498 10.865869222208856 9.6501989848911744 10.421629291959105 12.032854104414584 10.07247610576451 17.212614718824625 9.2959801480174047
leaf_count=176 230 179 287 207 256 299 193
internal_value=3.46892e-05 0.000719255 -0.000747231 0.000939473 -0.000723113 -0.00410992 0.0043908
internal_weight=89.8637 79.5516 68.6858 59.0356 48.6139 29.2455 19.3685
internal_count=1827 1651 1421 1242 955 506 449
is_linear=0
shrinkage=0.03


Tree=190
num_leaves=7
num_cat=0
split_feature=0 0 0 1 0 5
split_gain=0.351206 0.920842 1.85349 0.949957 1.93945 0.466456
threshold=3.5743387343245563e-06 1.3737393601331862e-05 2.9855276807211343e-05 3.5442761145532138e-05 0.00011050022658309901 90.098037719726577
decision_type=2 2 2 2 2 2
left_child=-1 5 -3 4 -4 -2
right_child=1 2 3 -5 -6 -7
leaf_value=0.0037878861722365148 -0.0099497480601330596 0.012505801255788472 -0.013693757221281867 0.0037939333610614153 0.0042157140753960546 -0.0013441819010446975
leaf_weight=17.953935723751783 12.025067180395128 10.616965216584502 12.23277533054352 16.492912204004824 9.8030268261209113 10.724618196487425
leaf_count=376 218 231 199 301 298 204
internal_value=3.45691e-05 -0.000902721 0.00140726 -0.00165105 -0.0057264 -0.00589293
internal_weight=89.8493 71.8954 49.1457 38.5287 22.0358 22.7497
internal_count=1827 1451 1029 798 497 422
is_linear=0
shrinkage=0.03


Tree=191
num_leaves=8
num_cat=0
split_feature=0 0 1 5 0 4 4
split_gain=0.354605 1.18364 1.44926 0.872597 1.78674 2.13954 1.07588
threshold=1.9084176869910156e-06 4.3686432036338382e-06 2.4050967795119509e-06 93.813774108886733 3.4922899430966943e-05 153.50000000000003 131.50000000000003
decision_type=2 2 2 2 2 2 2
left_child=-1 -2 -3 -4 -5 6 -6
right_child=1 2 3 4 5 -7 -8
leaf_value=-0.0051961475849190376 0.0094075381269079564 -0.011263230415155713 0.0073073496888401953 -0.0098980673804907864 0.0016934030951030854 -0.0078432626028349609 0.016250671248950552
leaf_weight=10.324788082391022 11.971687846817074 10.172905309125779 14.767112688161431 14.083438664674757 8.7486054105684214 10.208577347919343 9.564880764577536
leaf_count=176 279 173 379 246 185 142 247
internal_value=3.43596e-05 0.000713507 -0.000827413 0.00102299 -0.00115517 0.00316184 0.00929646
internal_weight=89.842 79.5172 67.5455 57.3726 42.6055 28.5221 18.3135
internal_count=1827 1651 1372 1199 820 574 432
is_linear=0
shrinkage=0.03


Tree=192
num_leaves=7
num_cat=0
split_feature=1 4 4 2 2 2
split_gain=0.349468 0.958485 1.55119 1.89128 1.52821 2.02342
threshold=5.6779192163958221e-05 149.50000000000003 137.50000000000003 6.2212093325797482e-05 5.6003867939580239e-05 0.00015307660942198711
decision_type=2 2 2 2 2 2
left_child=1 2 4 -4 -1 -6
right_child=-2 -3 3 -5 5 -7
leaf_value=-0.0040834043202162933 -0.0047282751691767487 0.0059991255470565582 0.0017510952418103409 -0.01629820159877526 0.017204835941490113 -0.0031022728662604008
leaf_weight=16.324507424607873 12.011286873370407 22.444931627251208 9.8921214770525712 11.074106756132094 10.39707376714796 7.6765543082728973
leaf_count=272 238 394 207 241 272 203
internal_value=3.44791e-05 0.000769697 -0.00135033 -0.00778232 0.00257007 0.00857964
internal_weight=89.8206 77.8093 55.3644 20.9662 34.3981 18.0736
internal_count=1827 1589 1195 448 747 475
is_linear=0
shrinkage=0.03


Tree=193
num_leaves=7
num_cat=0
split_feature=2 4 0 1 6 4
split_gain=0.347473 1.06673 2.69524 1.43177 0.934806 0.986666
threshold=3.9580138036399155e-05 140.50000000000003 7.7030576903780474e-06 1.04941614154086e-05 0.55000001192092907 152.50000000000003
decision_type=2 2 2 2 2 2
left_child=-1 2 -2 -4 -3 -6
right_child=1 4 3 -5 5 -7
leaf_value=0.0050420087822344861 -0.017426251904312802 0.0078316075211653183 0.0075769990047684071 -0.0058993822911515385 0.0055042913482160529 -0.0072000377183214226
leaf_weight=10.950998041778801 10.227040803059934 18.039169888012111 13.571411537006499 14.868774074129758 10.172520211432131 11.982832706533371
leaf_count=200 190 323 354 309 243 208
internal_value=3.45318e-05 -0.000660823 -0.00421817 0.000531431 0.00276136 -0.00136691
internal_weight=89.8127 78.8617 38.6672 28.4402 40.1945 22.1554
internal_count=1827 1627 853 663 774 451
is_linear=0
shrinkage=0.03


Tree=194
num_leaves=7
num_cat=0
split_feature=6 2 1 4 1 1
split_gain=0.363714 1.40307 1.57502 1.34927 0.896962 1.64068
threshold=0.22500000149011615 4.4338030420476578e-05 2.1895403961025299e-06 124.50000000000001 6.7195956034993296e-06 3.5442761145532138e-05
decision_type=2 2 2 2 2 2
left_child=-1 -2 -3 -4 -5 -6
right_child=1 2 3 4 5 -7
leaf_value=-0.0036645093960055389 0.01077526010820486 -0.011567016538143512 0.011158787932853921 0.0046133437859785086 -0.011035997818158196 0.0048946479909525095
leaf_weight=18.891801425255835 11.177418992854653 10.158520234748719 10.141834658570586 15.166379633359609 14.597938308026643 9.6742850160226208
leaf_count=310 225 189 278 312 326 187
internal_value=3.44551e-05 0.00101984 -0.000805439 0.0013995 -0.00111015 -0.00468645
internal_weight=89.8082 70.9164 59.739 49.5804 39.4386 24.2722
internal_count=1827 1517 1292 1103 825 513
is_linear=0
shrinkage=0.03


Tree=195
num_leaves=7
num_cat=0
split_feature=1 6 0 2 4 1
split_gain=0.353025 0.804174 3.03643 1.81301 2.67326 1.7481
threshold=1.1677478823912681e-06 0.6904762089252473 5.9947954014205615e-06 0.00032170533086173242 137.50000000000003 1.0834789009095404e-05
decision_type=2 2 2 2 2 2
left_child=-1 3 -3 4 -2 -4
right_child=1 2 5 -5 -6 -7
leaf_value=-0.0052241487335078583 0.01624886449240933 -0.016213612082356152 0.011414167550103996 -0.0074789223177733595 -0.000729187547634513 -0.0045432432827924611
leaf_weight=10.186701795086263 14.961034295149146 10.478053060360251 11.789135596714916 10.526234920136629 18.878896811977029 12.982416661921887
leaf_count=160 297 202 317 224 334 293
internal_value=3.43602e-05 0.000707177 -0.00267538 0.00339467 0.00677701 0.00305112
internal_weight=89.8025 79.6158 35.2496 44.3662 33.8399 24.7716
internal_count=1827 1667 812 855 631 610
is_linear=0
shrinkage=0.03


Tree=196
num_leaves=7
num_cat=0
split_feature=4 6 7 0 7 0
split_gain=0.365728 0.904228 0.888457 1.6497 2.43642 0.748162
threshold=133.50000000000003 0.63333335518836986 11.500000000000002 0.00013704002776648852 1.0000000180025095e-35 8.5968786152079718e-06
decision_type=2 2 2 2 2 2
left_child=1 -1 3 4 -2 -6
right_child=2 -3 -4 -5 5 -7
leaf_value=-0.0074458791159043866 -0.0033106205327921006 0.0025290903718825758 -0.0052782528167962979 -0.0072244345018429561 0.019266025144681433 0.0077927414216764678
leaf_weight=16.475914557464421 13.270445780828593 16.241545988246799 13.384626701474188 9.8851583483628911 9.6466959575191158 10.8893058989197
leaf_count=302 217 395 230 246 240 197
internal_value=3.46814e-05 -0.00249412 0.00148425 0.0035559 0.00670812 0.0131823
internal_weight=89.7937 32.7175 57.0762 43.6916 33.8064 20.536
internal_count=1827 697 1130 900 654 437
is_linear=0
shrinkage=0.03


Tree=197
num_leaves=7
num_cat=0
split_feature=0 0 0 1 5 7
split_gain=0.361642 1.63392 1.35768 1.28323 1.27687 1.90624
threshold=3.4922899430966943e-05 8.4083956608083113e-05 1.7795699932321444e-05 2.6620037715474613e-05 90.098037719726577 3.5000000000000004
decision_type=2 2 2 2 2 2
left_child=2 -2 4 -3 5 -1
right_child=1 3 -4 -5 -6 -7
leaf_value=0.0042033204835898461 0.012456828076650392 0.0069306241464968856 -0.011392339093553453 -0.0069497539618901417 0.0075398045263466865 -0.011532676609769251
leaf_weight=14.925790460780265 10.300109271891413 9.6391057688742894 10.167314938269554 15.853249546140431 15.966359082609413 12.930575139820574
leaf_count=280 161 286 196 309 357 238
internal_value=3.45612e-05 0.002373 -0.0015157 -0.00170134 0.000775784 -0.00310113
internal_weight=89.7825 35.7925 53.99 25.4924 43.8227 27.8564
internal_count=1827 756 1071 595 875 518
is_linear=0
shrinkage=0.03


Tree=198
num_leaves=7
num_cat=0
split_feature=1 4 2 1 5 0
split_gain=0.347444 0.881914 1.73164 2.61469 2.82443 0.485938
threshold=3.5442761145532138e-05 149.50000000000003 3.9580138036399155e-05 2.1895403961025299e-06 92.940196990966811 2.9855276807211343e-05
decision_type=2 2 2 2 2 2
left_child=1 2 -1 -4 -5 -6
right_child=-2 -3 3 4 5 -7
leaf_value=0.0083820504587539396 0.0039566697701084704 0.0044697420160662261 -0.017966218898590538 0.0099896295933327474 -0.0037395698714903156 -0.013274788368437285
leaf_weight=9.9577702349051815 16.574382611550391 20.257911185733974 11.200231743045149 12.511490459553899 10.023593993857505 9.2483355244621617
leaf_count=181 301 372 192 347 199 235
internal_value=3.45228e-05 -0.000853561 -0.00289051 -0.00550196 -0.00110965 -0.00831539
internal_weight=89.7737 73.1993 52.9414 42.9837 31.7834 19.2719
internal_count=1827 1526 1154 973 781 434
is_linear=0
shrinkage=0.03


Tree=199
num_leaves=7
num_cat=0
split_feature=1 6 0 2 4 1
split_gain=0.34958 0.794344 2.8533 1.65048 2.62373 1.63405
threshold=1.1677478823912681e-06 0.6904762089252473 5.9947954014205615e-06 0.00032170533086173242 137.50000000000003 1.0834789009095404e-05
decision_type=2 2 2 2 2 2
left_child=-1 3 -3 4 -2 -4
right_child=1 2 5 -5 -6 -7
leaf_value=-0.0051983357419628637 0.016080690845112194 -0.015689581505967661 0.011109437942260722 -0.0069045958878879215 -0.00079190563809777229 -0.0043569205292672518
leaf_weight=10.185658011585472 14.818688454106448 10.580692409537731 11.628693345934154 10.669127105735241 18.840412396006286 13.044419001787899
leaf_count=160 297 202 317 224 334 293
internal_value=3.46289e-05 0.000704393 -0.0026565 0.00337728 0.00663639 0.00293253
internal_weight=89.7677 79.582 35.2538 44.3282 33.6591 24.6731
internal_count=1827 1667 812 855 631 610
is_linear=0
shrinkage=0.03


Tree=200
num_leaves=6
num_cat=0
split_feature=4 6 7 0 1
split_gain=0.356699 0.914649 0.823282 1.54659 1.95502
threshold=133.50000000000003 0.63333335518836986 11.500000000000002 4.3686432036338382e-06 9.1552360572677588e-06
decision_type=2 2 2 2 2
left_child=1 -1 3 -2 -5
right_child=2 -3 -4 4 -6
leaf_value=-0.0074444199532821735 0.013765628864296593 0.0025854982196227678 -0.0050150405513693097 -0.0065433114530703447 0.0079754439437682689
leaf_weight=16.470267162658274 10.09269582107663 16.262277868576348 13.467167294584213 17.535950998775661 15.929525532759724
leaf_count=302 257 395 230 322 321
internal_value=3.48746e-05 -0.00246133 0.00146769 0.003472 0.000367598
internal_weight=89.7579 32.7325 57.0253 43.5582 33.4655
internal_count=1827 697 1130 900 643
is_linear=0
shrinkage=0.03


Tree=201
num_leaves=7
num_cat=0
split_feature=0 0 4 0 1 4
split_gain=0.348388 1.53823 1.55735 1.53645 1.23312 1.17866
threshold=3.4922899430966943e-05 1.8080952941090803e-05 149.50000000000003 8.4083956608083113e-05 2.6620037715474613e-05 130.50000000000003
decision_type=2 2 2 2 2 2
left_child=1 2 5 -2 -5 -1
right_child=3 -3 -4 4 -6 -7
leaf_value=0.0041845500568321054 0.012187265252770883 -0.012117893050618247 0.011286098233506079 0.0068879367493473558 -0.0067121035916261037 -0.0070827026443295322
leaf_weight=14.866872610524295 10.18172612134367 9.9834665087982994 10.06968676112592 9.6215512901544589 15.941958656534551 19.079500138759613
leaf_count=288 161 189 209 286 309 385
internal_value=3.45602e-05 -0.0014862 0.000925213 0.00233195 -0.00159334 -0.00214819
internal_weight=89.7448 53.9995 44.0161 35.7452 25.5635 33.9464
internal_count=1827 1071 882 756 595 673
is_linear=0
shrinkage=0.03


Tree=202
num_leaves=7
num_cat=0
split_feature=1 0 0 0 7 0
split_gain=0.355749 0.81034 1.954 1.90818 1.29139 1.28174
threshold=3.5442761145532138e-05 2.9855276807211343e-05 0.00012501409946708011 1.3737393601331862e-05 10.500000000000002 4.0844313389243334e-06
decision_type=2 2 2 2 2 2
left_child=1 3 -3 4 5 -1
right_child=-2 2 -4 -5 -6 -7
leaf_value=0.0069186788995312908 0.0039994535707756299 -0.013106255417171368 0.0050644146499514093 0.01253548967466123 -0.010951038671574738 -0.0055054013878088875
leaf_weight=16.713790583424274 16.598846237175167 13.022558736614885 9.0124430363066477 10.606626678258179 10.267195248045025 13.5174736790359
leaf_count=366 301 212 285 231 165 267
internal_value=3.4468e-05 -0.000865369 -0.00567435 0.00120812 -0.00175854 0.00136343
internal_weight=89.7389 73.1401 22.035 51.1051 40.4985 30.2313
internal_count=1827 1526 497 1029 798 633
is_linear=0
shrinkage=0.03


Tree=203
num_leaves=8
num_cat=0
split_feature=0 5 5 7 1 1 0
split_gain=0.364988 1.14684 1.30668 0.808921 1.59322 3.11348 2.3525
threshold=1.9084176869910156e-06 83.130081176757827 87.609649658203139 9.5000000000000018 3.1737812605570077e-05 9.1552360572677588e-06 1.2248856819496725e-05
decision_type=2 2 2 2 2 2 2
left_child=-1 -2 -3 4 5 6 -4
right_child=1 2 3 -5 -6 -7 -8
leaf_value=-0.005284132318683383 0.0098248350513729862 -0.010928859469524174 0.0074923543901697694 0.0066553098457485024 -0.0098267681827415524 0.0165520731542373 -0.013397647336539958
leaf_weight=10.282075382769106 10.769549602642654 9.6664640540257079 8.6849488485604578 16.302500694058836 13.277132752351461 9.7528630001470429 10.992558288387952
leaf_count=176 230 179 222 348 221 227 224
internal_value=3.44046e-05 0.000722741 -0.00070461 0.00097023 -0.0011999 0.00269199 -0.00417755
internal_weight=89.7281 79.446 68.6765 59.01 42.7075 29.4304 19.6775
internal_count=1827 1651 1421 1242 894 673 446
is_linear=0
shrinkage=0.03


Tree=204
num_leaves=7
num_cat=0
split_feature=1 4 5 7 2 2
split_gain=0.363591 0.800474 1.77693 2.91266 1.7324 0.132627
threshold=3.5442761145532138e-05 156.50000000000003 92.450141906738295 1.5000000000000002 4.8888361561694189e-05 9.8265118140261634e-05
decision_type=2 2 2 2 2 2
left_child=1 2 4 -4 -1 -5
right_child=-2 -3 3 5 -6 -7
leaf_value=-0.0041149367000892336 0.0040401051786227134 0.0060578102313112525 -0.018809643831796969 -0.0022073897704679079 0.0099844561511170209 0.0030879553709967835
leaf_weight=16.333903281949464 16.618710364215076 12.4353637304157 12.200666651129724 8.6666479241102952 15.087990001775323 8.3659176016226393
leaf_count=287 301 226 224 166 384 239
internal_value=3.47514e-05 -0.000875953 -0.0022975 -0.00762103 0.00265523 0.000393535
internal_weight=89.7092 73.0905 60.6551 29.2332 31.4219 17.0326
internal_count=1827 1526 1300 629 671 405
is_linear=0
shrinkage=0.03


Tree=205
num_leaves=7
num_cat=0
split_feature=5 4 4 1 1 2
split_gain=0.352465 0.873568 1.68166 4.32618 1.29673 0.712788
threshold=87.609649658203139 137.50000000000003 156.50000000000003 9.1552360572677588e-06 1.04941614154086e-05 4.639116195903626e-05
decision_type=2 2 2 2 2 2
left_child=5 4 3 -3 -2 -1
right_child=1 2 -4 -5 -6 -7
leaf_value=-0.0075055514841134699 0.013151109499217195 -0.017956352364264724 0.0067407174252143987 0.0082506081514859483 -0.00083605233284418819 0.0019055661181749774
leaf_weight=14.145662775263192 11.34476398676634 12.99074891395867 13.736906833946703 10.058645716402678 12.580190743319688 14.843243780545889
leaf_count=223 314 261 229 234 255 311
internal_value=3.46979e-05 0.00133416 -0.00156797 -0.00651976 0.0057964 -0.00268676
internal_weight=89.7002 60.7113 36.7863 23.0494 23.925 28.9889
internal_count=1827 1293 724 495 569 534
is_linear=0
shrinkage=0.03


Tree=206
num_leaves=6
num_cat=0
split_feature=4 6 2 2 4
split_gain=0.350413 0.835254 0.829001 2.0002 1.34277
threshold=133.50000000000003 0.63333335518836986 5.6003867939580239e-05 9.5232720923377215e-05 154.50000000000003
decision_type=2 2 2 2 2
left_child=1 -1 -2 -4 -5
right_child=2 -3 3 4 -6
leaf_value=-0.0071735790452948185 0.0075813739482433352 0.0024125604294583177 -0.0095816930834918424 0.010125958896429433 -0.0032090104837970315
leaf_weight=16.563123186118901 14.740403118543325 16.163274559192359 14.775262080132959 15.061139925383033 12.384376263245938
leaf_count=302 323 395 241 377 189
internal_value=3.48474e-05 -0.00243907 0.00145621 -0.00068225 0.00410875
internal_weight=89.6876 32.7264 56.9612 42.2208 27.4455
internal_count=1827 697 1130 807 566
is_linear=0
shrinkage=0.03


Tree=207
num_leaves=7
num_cat=0
split_feature=5 0 2 4 0 2
split_gain=0.337929 0.886182 1.89959 1.24877 2.79734 0.681407
threshold=87.609649658203139 1.2248856819496725e-05 0.00010485644816071728 154.50000000000003 0.00014270540850702676 4.639116195903626e-05
decision_type=2 2 2 2 2 2
left_child=5 -2 -3 4 -4 -1
right_child=1 2 3 -5 -6 -7
leaf_value=-0.0073233901230378247 0.0076720530369191438 -0.012410524441460492 -0.0046631602377064972 -0.0056638734293954348 0.015741689589124336 0.0018712795505708751
leaf_weight=14.20290645118803 14.867646483704446 9.8749886481091362 11.247280506417157 11.575296347029505 13.077351563610135 14.826421668753026
leaf_count=223 357 173 199 170 394 311
internal_value=3.44954e-05 0.00130869 -0.000758124 0.0024471 0.00630685 -0.00262731
internal_weight=89.6719 60.6426 45.7749 35.8999 24.3246 29.0293
internal_count=1827 1293 936 763 593 534
is_linear=0
shrinkage=0.03


Tree=208
num_leaves=7
num_cat=0
split_feature=0 0 0 1 0 5
split_gain=0.349441 0.939624 1.87986 0.897979 1.73585 0.430576
threshold=3.5743387343245563e-06 1.3737393601331862e-05 2.9855276807211343e-05 3.5442761145532138e-05 0.00012501409946708011 90.098037719726577
decision_type=2 2 2 2 2 2
left_child=-1 5 -3 4 -4 -2
right_child=1 2 3 -5 -6 -7
leaf_value=0.0037838955837113507 -0.009838474471529841 0.012605850354989508 -0.012523709915692122 0.0036594425086670392 0.0046453532498017328 -0.0015560568136982617
leaf_weight=17.903597283177078 12.034587908536198 10.619849868118761 13.161418471485378 16.411244945600629 8.8726548133417946 10.646687313914297
leaf_count=376 218 231 212 301 285 204
internal_value=3.4485e-05 -0.000901142 0.0014331 -0.00165318 -0.00561009 -0.00595067
internal_weight=89.65 71.7464 49.0652 38.4453 22.0341 22.6813
internal_count=1827 1451 1029 798 497 422
is_linear=0
shrinkage=0.03


Tree=209
num_leaves=7
num_cat=0
split_feature=4 7 0 1 2 2
split_gain=0.340093 1.49513 1.81933 1.78418 0.843297 1.01717
threshold=133.50000000000003 13.500000000000002 4.3686432036338382e-06 9.395169854542475e-06 0.00018792724586091938 4.9515485443407676e-05
decision_type=2 2 2 2 2 2
left_child=4 2 -2 -4 5 -1
right_child=1 -3 3 -5 -6 -7
leaf_value=-0.0058972504361861884 0.0146181991550643 -0.0090946262295185116 -0.0057167175543141524 0.0076182362733691333 -0.0096939683428963405 0.0067902801983855164
leaf_weight=10.811421662569048 10.596987056545911 10.00081266555935 19.403703780844808 16.891048090998083 9.9395342115312797 11.998214068822561
leaf_count=168 270 175 345 340 233 296
internal_value=3.42448e-05 0.00143621 0.00368217 0.000489175 -0.00240128 0.000776583
internal_weight=89.6417 56.8926 46.8917 36.2948 32.7492 22.8096
internal_count=1827 1130 955 685 697 464
is_linear=0
shrinkage=0.03


Tree=210
num_leaves=7
num_cat=0
split_feature=0 5 7 1 1 0
split_gain=0.34569 1.12167 1.33766 1.44065 2.40048 1.82434
threshold=1.9084176869910156e-06 84.529914855957045 14.500000000000002 9.395169854542475e-06 2.6620037715474613e-05 6.5204078509850669e-06
decision_type=2 2 2 2 2 2
left_child=-1 -2 3 5 -5 -3
right_child=1 2 -4 4 -6 -7
leaf_value=-0.0051333245116384355 0.0088074589374942027 0.0035518032912675501 0.0090823419661334812 0.013929558759211313 -0.0046162152716494589 -0.012442832154494729
leaf_weight=10.310751309618352 12.882426206953822 9.4787710718810576 10.283164603635667 10.053993748500945 16.739389783702791 19.875487129203975
leaf_count=176 275 222 220 244 291 399
internal_value=3.41725e-05 0.000705949 -0.000865116 -0.00268694 0.00234293 -0.00727801
internal_weight=89.624 79.3132 66.4308 56.1476 26.7934 29.3543
internal_count=1827 1651 1376 1156 535 621
is_linear=0
shrinkage=0.03


Tree=211
num_leaves=7
num_cat=0
split_feature=5 1 2 2 0 1
split_gain=0.331806 0.868381 2.16852 1.59074 1.54824 0.659684
threshold=87.609649658203139 3.0451734573944127e-06 9.5232720923377215e-05 0.00018050664220936599 0.00029235253168735659 1.7004962842293028e-06
decision_type=2 2 2 2 2 2
left_child=5 -2 -3 -4 -5 -1
right_child=1 2 3 4 -6 -7
leaf_value=-0.0067401634391469293 0.0083014959588384781 -0.011495939347416041 0.013512501380033881 -0.0079966031737113592 0.0066266669792641045 0.0023398486731621105
leaf_weight=15.803422877565028 12.615712077356873 12.149692776612936 9.7449126457795483 13.049533454701306 13.015225457027553 13.229587510228155
leaf_count=218 328 207 212 168 378 316
internal_value=3.42436e-05 0.00129807 -0.000544177 0.00317159 -0.000694592 -0.00260264
internal_weight=89.6081 60.5751 47.9594 35.8097 26.0648 29.033
internal_count=1827 1293 965 758 546 534
is_linear=0
shrinkage=0.03


Tree=212
num_leaves=7
num_cat=0
split_feature=4 7 0 1 2 2
split_gain=0.322392 1.48339 1.72992 1.60735 0.789826 1.02963
threshold=133.50000000000003 13.500000000000002 4.3686432036338382e-06 9.395169854542475e-06 0.00015719753719167787 4.9515485443407676e-05
decision_type=2 2 2 2 2 2
left_child=4 2 -2 -4 5 -1
right_child=1 -3 3 -5 -6 -7
leaf_value=-0.0056158507883050102 0.014389601915418354 -0.0090873690251847238 -0.0052834406544864003 0.007375869904747148 -0.0089595355491929179 0.0073804294910229211
leaf_weight=10.879557142034175 10.465411383658646 9.9986937073990685 19.599570917896926 16.733520379289985 10.840836287476121 11.067500987090169
leaf_count=168 270 175 345 340 250 279
internal_value=3.41404e-05 0.00140152 0.00364251 0.000546915 -0.00233452 0.000937936
internal_weight=89.5851 56.7972 46.7985 36.3331 32.7879 21.9471
internal_count=1827 1130 955 685 697 447
is_linear=0
shrinkage=0.03


Tree=213
num_leaves=8
num_cat=0
split_feature=0 5 7 1 2 0 2
split_gain=0.326888 1.07113 1.29894 1.31017 2.02092 1.68629 0.8133
threshold=1.9084176869910156e-06 84.529914855957045 14.500000000000002 9.395169854542475e-06 0.00026628970226738607 2.2411208192352209e-05 5.6917504480225041e-05
decision_type=2 2 2 2 2 2 2
left_child=-1 -2 3 5 -5 6 -3
right_child=1 2 -4 4 -6 -7 -8
leaf_value=-0.0049822833578459366 0.0086381936530921296 -0.0079253392010574571 0.0089853149895926989 0.012443473122021634 -0.0044659622004154546 -0.016875198110979955 0.0043681580993223121
leaf_weight=10.341625891625879 12.792114716954528 9.7048561023548299 10.239481670781968 10.490928005427124 16.159019910730422 10.170550689101217 9.6684625213965756
leaf_count=176 275 211 220 198 337 214 196
internal_value=3.40289e-05 0.000688829 -0.000841867 -0.00263255 0.00219055 -0.00698321 -0.00179014
internal_weight=89.567 79.2254 66.4333 56.1938 26.6499 29.5439 19.3733
internal_count=1827 1651 1376 1156 535 621 407
is_linear=0
shrinkage=0.03


Tree=214
num_leaves=7
num_cat=0
split_feature=5 1 2 1 9 1
split_gain=0.331199 0.855907 1.95573 1.54209 0.657751 0.605186
threshold=87.609649658203139 2.7566335347728459e-06 9.5232720923377215e-05 1.6652368685754485e-05 2.5000000000000004 4.4062688175472438e-05
decision_type=2 2 2 2 2 2
left_child=4 -2 -3 -4 -1 -5
right_child=1 2 3 5 -6 -7
leaf_value=-0.0066705133726400303 0.008667905772821255 -0.010302811724464596 0.01260526134235628 -0.0062530474454234198 0.0024121926482624156 0.0031780027930773495
leaf_weight=16.01612799894065 11.48830108065158 13.197279473766683 10.922076911665497 10.814494813792409 13.000653189606963 14.117803691886364
leaf_count=290 294 233 298 201 244 267
internal_value=3.40925e-05 0.00129714 -0.000429151 0.00320515 -0.00260111 -0.000912757
internal_weight=89.5567 60.54 49.0517 35.8544 29.0168 24.9323
internal_count=1827 1293 999 766 534 468
is_linear=0
shrinkage=0.03


Tree=215
num_leaves=7
num_cat=0
split_feature=2 4 0 1 6 4
split_gain=0.319876 1.02216 2.46143 1.39303 0.957068 1.02657
threshold=3.9580138036399155e-05 140.50000000000003 7.7030576903780474e-06 1.04941614154086e-05 0.55000001192092907 152.50000000000003
decision_type=2 2 2 2 2 2
left_child=-1 2 -2 -4 -3 -6
right_child=1 4 3 -5 5 -7
leaf_value=0.0048625620242154707 -0.016621362964081694 0.0078651663441455556 0.0074627048686492885 -0.0058647447011798172 0.0055434742234794256 -0.0074429918465598009
leaf_weight=10.850794316269456 10.361144658178089 17.980431080795825 13.45059870183468 14.852642427198587 10.157584524247797 11.892276477999983
leaf_count=200 190 323 354 309 243 208
internal_value=3.38429e-05 -0.000631964 -0.0041109 0.000468882 0.00272827 -0.00146059
internal_weight=89.5455 78.6947 38.6644 28.3032 40.0303 22.0499
internal_count=1827 1627 853 663 774 451
is_linear=0
shrinkage=0.03


Tree=216
num_leaves=7
num_cat=0
split_feature=6 2 0 2 0 4
split_gain=0.325189 1.42899 1.38608 1.17701 2.26241 1.02734
threshold=0.22500000149011615 4.4338030420476578e-05 5.658354666593369e-06 8.8624343334231539e-05 0.00011050022658309901 143.50000000000003
decision_type=2 2 2 2 2 2
left_child=-1 -2 -3 -4 -5 -6
right_child=1 2 3 4 5 -7
leaf_value=-0.0034589877185296392 0.010824084759755562 -0.010838849104974773 0.0082398106110360067 -0.0096162256201207837 0.012541172208309933 -0.0022055126755575953
leaf_weight=18.921308770775795 11.152041596360503 10.379459246993063 14.972431370057164 16.967902814038098 9.3496938380412775 7.797700917813926
leaf_count=310 225 210 294 314 285 189
internal_value=3.37466e-05 0.00096957 -0.000878474 0.00122762 -0.00184987 0.00583518
internal_weight=89.5405 70.6192 59.4672 49.0877 34.1153 17.1474
internal_count=1827 1517 1292 1082 788 474
is_linear=0
shrinkage=0.03


Tree=217
num_leaves=8
num_cat=0
split_feature=0 0 1 5 0 4 4
split_gain=0.322689 1.05745 1.17824 0.717184 1.48047 2.47351 1.01546
threshold=1.9084176869910156e-06 4.3686432036338382e-06 2.4050967795119509e-06 93.813774108886733 3.4922899430966943e-05 154.50000000000003 131.50000000000003
decision_type=2 2 2 2 2 2 2
left_child=-1 -2 -3 -4 -5 6 -6
right_child=1 2 3 4 5 -7 -8
leaf_value=-0.0049498981120637631 0.008995961130913133 -0.010043373669444961 0.006718327733266795 -0.0088739263909254733 0.0021230853354122902 -0.0091545115850689054 0.016225345435844404
leaf_weight=10.342469438910483 11.7354314988479 10.408915019594131 14.409867690410463 14.344791576266287 8.8387297140434438 9.8762637255713326 9.5722890631295723
leaf_count=176 279 173 379 246 185 135 254
internal_value=3.37208e-05 0.000684628 -0.000761419 0.000932337 -0.00102336 0.00295775 0.00945516
internal_weight=89.5288 79.1863 67.4509 57.0419 42.6321 28.2873 18.411
internal_count=1827 1651 1372 1199 820 574 439
is_linear=0
shrinkage=0.03


Tree=218
num_leaves=7
num_cat=0
split_feature=1 4 4 2 2 1
split_gain=0.332314 0.84421 1.3548 1.63128 1.23535 2.14765
threshold=5.6779192163958221e-05 149.50000000000003 137.50000000000003 6.2212093325797482e-05 5.6003867939580239e-05 1.04941614154086e-05
decision_type=2 2 2 2 2 2
left_child=1 2 4 -4 -1 -6
right_child=-2 -3 3 -5 5 -7
leaf_value=-0.003412540146075285 -0.0046058326325182199 0.0057058271506858224 0.0017357177835713665 -0.014952853663627841 0.016896147498394451 -0.0043452734308153922
leaf_weight=16.554707925766706 12.027039221487938 22.133738261647522 9.8605609824880975 11.326891519594936 10.23274786770344 7.3688336955383411
leaf_count=272 238 394 207 241 309 166
internal_value=3.3779e-05 0.000753998 -0.0012264 -0.00718606 0.00247043 0.00800351
internal_weight=89.5045 77.4775 55.3437 21.1875 34.1563 17.6016
internal_count=1827 1589 1195 448 747 475
is_linear=0
shrinkage=0.03


Tree=219
num_leaves=7
num_cat=0
split_feature=5 0 2 1 2 7
split_gain=0.339262 0.849305 1.96221 1.20944 0.625831 0.554468
threshold=87.609649658203139 1.2248856819496725e-05 0.00010303948511136697 1.6652368685754485e-05 4.639116195903626e-05 3.5000000000000004
decision_type=2 2 2 2 2 2
left_child=4 -2 -3 -4 -1 -5
right_child=1 2 3 5 -6 -7
leaf_value=-0.0071184787474611643 0.0075648703585401971 -0.012619841333339271 0.01068575957024958 0.0030587845431510824 0.0017006666784398674 -0.0059450940247217409
leaf_weight=14.247095943428578 14.776026499457656 9.7839908516034466 11.25208102352917 13.075309867970647 14.728088374249635 11.63091936521232
leaf_count=223 357 167 309 223 311 237
internal_value=3.37556e-05 0.00131185 -0.000708048 0.00253306 -0.00263571 -0.00117996
internal_weight=89.4935 60.5183 45.7423 35.9583 28.9752 24.7062
internal_count=1827 1293 936 769 534 460
is_linear=0
shrinkage=0.03


Tree=220
num_leaves=7
num_cat=0
split_feature=5 0 2 4 0 9
split_gain=0.318994 0.804845 1.82999 1.19287 2.49816 0.62538
threshold=87.609649658203139 1.2248856819496725e-05 0.00010303948511136697 154.50000000000003 0.00014270540850702676 2.5000000000000004
decision_type=2 2 2 2 2 2
left_child=5 -2 -3 4 -4 -1
right_child=1 2 3 -5 -6 -7
leaf_value=-0.0065063715209916642 0.0073878160175563671 -0.012115364519648331 -0.0039216877426335034 -0.0054346106379159547 0.015366568509874516 0.0023494156833621369
leaf_weight=16.067581340670589 14.677751193754373 9.8840867737308127 11.457543668337168 11.631612438708542 12.788925202097742 12.970119370147584
leaf_count=290 357 167 204 171 394 244
internal_value=3.34549e-05 0.00127503 -0.00068558 0.00246322 0.006252 -0.0025508
internal_weight=89.4776 60.4399 45.7622 35.8781 24.2465 29.0377
internal_count=1827 1293 936 769 598 534
is_linear=0
shrinkage=0.03


Tree=221
num_leaves=7
num_cat=0
split_feature=1 4 4 9 2 1
split_gain=0.337023 0.798526 1.27035 1.50633 1.1396 2.06751
threshold=5.6779192163958221e-05 149.50000000000003 137.50000000000003 2.5000000000000004 5.6003867939580239e-05 1.04941614154086e-05
decision_type=2 2 2 2 2 2
left_child=1 2 4 -4 -1 -6
right_child=-2 -3 3 -5 5 -7
leaf_value=-0.0031862056220978291 -0.0046422557725299615 0.0055888752013687941 0.00059797320309483719 -0.015380640801467192 0.016632138772241907 -0.0042716781940707205
leaf_weight=16.64329276047647 12.011515193618832 22.037401534616947 11.305311117321253 10.012615842744708 10.063982407562436 7.3817213382571927
leaf_count=272 238 394 224 224 309 166
internal_value=3.34003e-05 0.000758588 -0.0011626 -0.00690687 0.00242965 0.0077872
internal_weight=89.4558 77.4443 55.4069 21.3179 34.089 17.4457
internal_count=1827 1589 1195 448 747 475
is_linear=0
shrinkage=0.03


Tree=222
num_leaves=7
num_cat=0
split_feature=2 4 0 2 6 4
split_gain=0.321027 1.077 2.25198 1.26573 0.915639 0.963577
threshold=3.9580138036399155e-05 140.50000000000003 7.7030576903780474e-06 0.00015719753719167787 0.55000001192092907 152.50000000000003
decision_type=2 2 2 2 2 2
left_child=-1 2 -2 -4 -3 -6
right_child=1 4 3 -5 5 -7
leaf_value=0.0048716171681012048 -0.016098709966901971 0.0078448254353459708 0.0069996951995356417 -0.0057702618414504281 0.0055305560617308607 -0.0070286090571276723
leaf_weight=10.845888215117155 10.4581544669345 17.942209574393928 13.142677040770652 14.911310551688073 10.148807441350074 11.99767138250172
leaf_count=200 190 323 314 349 243 208
internal_value=3.33371e-05 -0.000634282 -0.00421712 0.000212183 0.00280765 -0.00127327
internal_weight=89.4467 78.6008 38.5121 28.054 40.0887 22.1465
internal_count=1827 1627 853 663 774 451
is_linear=0
shrinkage=0.03


Tree=223
num_leaves=7
num_cat=0
split_feature=6 2 0 2 0 4
split_gain=0.324971 1.4227 1.30208 1.11791 2.06015 0.93352
threshold=0.22500000149011615 4.4338030420476578e-05 5.658354666593369e-06 8.8624343334231539e-05 0.00011050022658309901 143.50000000000003
decision_type=2 2 2 2 2 2
left_child=-1 -2 -3 -4 -5 -6
right_child=1 2 3 4 5 -7
leaf_value=-0.0034604251559412552 0.010810741602061521 -0.010487699188133777 0.0080470262130989609 -0.0091553027164446594 0.012097323938556963 -0.0020140697700065323
leaf_weight=18.899251382797956 11.133473258465527 10.45134249422699 14.850616594776509 17.128226702101529 9.1505837445147353 7.8289413731545201
leaf_count=310 225 210 294 314 285 189
internal_value=3.32042e-05 0.000969184 -0.00087514 0.00117689 -0.00181438 0.00559082
internal_weight=89.4424 70.5432 59.4097 48.9584 34.1078 16.9795
internal_count=1827 1517 1292 1082 788 474
is_linear=0
shrinkage=0.03


Tree=224
num_leaves=7
num_cat=0
split_feature=4 7 0 1 2 2
split_gain=0.315241 1.38712 1.60168 1.50467 0.802863 0.911836
threshold=133.50000000000003 13.500000000000002 4.3686432036338382e-06 9.395169854542475e-06 0.00015719753719167787 4.9515485443407676e-05
decision_type=2 2 2 2 2 2
left_child=4 2 -2 -4 5 -1
right_child=1 -3 3 -5 -6 -7
leaf_value=-0.0051132593456526473 0.014032734813138695 -0.0087103790955267955 -0.0049969071495183917 0.007254765108608968 -0.0090014756871158036 0.0071186099619511712
leaf_weight=10.99784477055073 10.265028415247796 10.069054602645336 19.70328629296273 16.641870127059519 10.810794629622249 10.942148220725356
leaf_count=168 270 175 345 340 250 279
internal_value=3.31371e-05 0.00138708 0.0035684 0.000612939 -0.00231002 0.000987149
internal_weight=89.43 56.6792 46.6102 36.3452 32.7508 21.94
internal_count=1827 1130 955 685 697 447
is_linear=0
shrinkage=0.03


Tree=225
num_leaves=7
num_cat=0
split_feature=6 2 1 4 1 1
split_gain=0.316656 1.33777 1.28081 1.19494 1.05779 1.62873
threshold=0.22500000149011615 4.4338030420476578e-05 2.1895403961025299e-06 124.50000000000001 6.7195956034993296e-06 3.5442761145532138e-05
decision_type=2 2 2 2 2 2
left_child=-1 -2 -3 -4 -5 -6
right_child=1 2 3 4 5 -7
leaf_value=-0.003413580010165191 0.010561417431192127 -0.010404168552581333 0.010563185413753449 0.0050235286426591093 -0.011422552505561756 0.0045490507534744909
leaf_weight=18.915737370029092 11.014624839648603 10.363975681364535 9.8182972129434329 15.310513446107505 14.446240071207287 9.5419892286881787
leaf_count=310 225 189 278 312 326 187
internal_value=3.29988e-05 0.000957802 -0.000820584 0.00120161 -0.00113727 -0.0050694
internal_weight=89.4114 70.4956 59.481 49.117 39.2987 23.9882
internal_count=1827 1517 1292 1103 825 513
is_linear=0
shrinkage=0.03


Tree=226
num_leaves=7
num_cat=0
split_feature=4 7 0 1 2 2
split_gain=0.323928 1.3077 1.50746 1.42952 0.748665 0.877713
threshold=133.50000000000003 13.500000000000002 4.3686432036338382e-06 9.395169854542475e-06 0.00015719753719167787 4.9515485443407676e-05
decision_type=2 2 2 2 2 2
left_child=4 2 -2 -4 5 -1
right_child=1 -3 3 -5 -6 -7
leaf_value=-0.0051182840891980949 0.013770931638326855 -0.008352177549485116 -0.0047546592060929045 0.0071797779687355684 -0.0087801587460590025 0.0069078956946827131
leaf_weight=10.994476895779373 10.126352787949143 10.149881987366824 19.817002914845943 16.599044435657561 10.864662637468426 10.853815488982944
leaf_count=168 270 175 345 340 250 279
internal_value=3.28925e-05 0.0014046 0.00353234 0.000685257 -0.00234431 0.000856093
internal_weight=89.4052 56.6923 46.5424 36.416 32.713 21.8483
internal_count=1827 1130 955 685 697 447
is_linear=0
shrinkage=0.03


Tree=227
num_leaves=8
num_cat=0
split_feature=0 5 5 7 1 1 0
split_gain=0.340881 1.03541 1.24852 0.739366 1.66517 2.66301 1.29641
threshold=1.9084176869910156e-06 83.130081176757827 87.609649658203139 9.5000000000000018 3.1737812605570077e-05 9.1552360572677588e-06 1.8392835045233372e-05
decision_type=2 2 2 2 2 2 2
left_child=-1 -2 -3 4 5 6 -4
right_child=1 2 3 -5 -6 -7 -8
leaf_value=-0.0051064392666021006 0.0094391303407340942 -0.010611538050417169 0.0038237780276289871 0.006467468180781347 -0.0099166220475461024 0.016034303835129084 -0.011481578473590768
leaf_weight=10.280183793976901 10.572291635908185 9.713731740601359 10.709519023541366 16.140343902166933 13.21914641279727 9.4399840086698514 9.3112699491903168
leaf_count=176 230 179 264 348 221 227 182
internal_value=3.27194e-05 0.000700574 -0.000647466 0.000998027 -0.00107036 0.00289898 -0.00329444
internal_weight=89.3865 79.1063 68.534 58.8203 42.6799 29.4608 20.0208
internal_count=1827 1651 1421 1242 894 673 446
is_linear=0
shrinkage=0.03


Tree=228
num_leaves=7
num_cat=0
split_feature=0 5 7 1 2 0
split_gain=0.319687 0.99315 1.27876 1.25089 1.99116 1.53516
threshold=1.9084176869910156e-06 84.529914855957045 14.500000000000002 9.395169854542475e-06 0.00026628970226738607 6.5204078509850669e-06
decision_type=2 2 2 2 2 2
left_child=-1 -2 3 5 -5 -3
right_child=1 2 -4 4 -6 -7
leaf_value=-0.0049319323907871327 0.0083858673344933098 0.0032420073582815402 0.0089796657362237776 0.012373204008165911 -0.0044401807285077031 -0.011449748438933295
leaf_weight=10.323931187391279 12.648420477285979 9.361852718517186 10.211014042142777 10.438526725396516 16.142506670206785 20.239441192243248
leaf_count=176 275 222 220 198 337 399
internal_value=3.2894e-05 0.000681368 -0.000786396 -0.00256136 0.00216253 -0.00680326
internal_weight=89.3657 79.0418 66.3933 56.1823 26.581 29.6013
internal_count=1827 1651 1376 1156 535 621
is_linear=0
shrinkage=0.03


Tree=229
num_leaves=7
num_cat=0
split_feature=5 1 2 2 0 2
split_gain=0.332419 0.806377 1.88196 1.49706 1.43825 0.617584
threshold=87.609649658203139 2.7566335347728459e-06 9.5232720923377215e-05 0.00018050664220936599 0.00029235253168735659 4.639116195903626e-05
decision_type=2 2 2 2 2 2
left_child=5 -2 -3 -4 -5 -1
right_child=1 2 3 4 -6 -7
leaf_value=-0.0070620642115114133 0.0084996425711797961 -0.010031067493364743 0.01331117678374414 -0.0075012553388515875 0.0065705813935058501 0.0017016252088691188
leaf_weight=14.245503884740176 11.365683983080087 13.243182910606263 9.6405433281324786 13.175087552517654 12.974198016338049 14.710375025868414
leaf_count=223 294 233 214 169 383 311
internal_value=3.28486e-05 0.0012998 -0.000369097 0.00320609 -0.00051939 -0.00260987
internal_weight=89.3546 60.3987 49.033 35.7898 26.1493 28.9559
internal_count=1827 1293 999 766 552 534
is_linear=0
shrinkage=0.03


Tree=230
num_leaves=7
num_cat=0
split_feature=1 0 0 0 7 2
split_gain=0.312834 0.797064 1.94731 1.54703 1.19384 1.11518
threshold=3.5442761145532138e-05 2.9855276807211343e-05 1.3737393601331862e-05 0.00011050022658309901 8.5000000000000018 5.1718498070840731e-05
decision_type=2 2 2 2 2 2
left_child=1 2 4 -3 5 -1
right_child=-2 3 -4 -5 -6 -7
leaf_value=-0.0026403986787416479 0.0037728169805494368 -0.012563234449101998 0.012694672388130194 0.0035000316116832082 -0.0097017335840180428 0.0099451647882273491
leaf_weight=18.827102866955105 16.426496989093721 12.425083198584618 10.596611039713023 9.5384037215262634 11.970109090209005 9.5507747102528793
leaf_count=374 301 199 231 298 204 220
internal_value=3.2712e-05 -0.000809949 0.00124965 -0.00558721 -0.00175617 0.00159536
internal_weight=89.3346 72.9081 50.9446 21.9635 40.348 28.3779
internal_count=1827 1526 1029 497 798 594
is_linear=0
shrinkage=0.03


Tree=231
num_leaves=7
num_cat=0
split_feature=1 0 0 5 7 4
split_gain=0.309035 0.818326 1.27107 1.19809 1.60955 1.02775
threshold=5.6779192163958221e-05 3.4922899430966943e-05 1.8080952941090803e-05 90.098037719726577 3.5000000000000004 146.50000000000003
decision_type=2 2 2 2 2 2
left_child=1 2 3 4 -1 -3
right_child=-2 5 -4 -5 -6 -7
leaf_value=0.0039827549672010552 -0.004433083184065708 -0.00018311410563569925 -0.010851581408956324 0.0074982024805119781 -0.010441051963746478 0.012513629144581623
leaf_weight=14.764209414832296 12.063192227855323 12.968882137909533 10.169930044095961 15.888337234966455 13.177343974821268 10.290679585654287
leaf_count=282 238 339 189 362 238 179
internal_value=3.26107e-05 0.000729879 -0.00129647 0.000920624 -0.00281957 0.00543428
internal_weight=89.3226 77.2594 53.9998 43.8299 27.9416 23.2596
internal_count=1827 1589 1071 882 520 518
is_linear=0
shrinkage=0.03


Tree=232
num_leaves=7
num_cat=0
split_feature=0 0 0 1 0 4
split_gain=0.307628 0.923395 1.83236 0.885434 1.41516 0.46205
threshold=3.5743387343245563e-06 1.3737393601331862e-05 2.9855276807211343e-05 3.5442761145532138e-05 0.00011050022658309901 139.50000000000003
decision_type=2 2 2 2 2 2
left_child=-1 5 -3 4 -4 -2
right_child=1 2 3 -5 -6 -7
leaf_value=0.0035749965911399794 -0.0098652581083858784 0.012561924624078154 -0.012105935786611703 0.003713460365213945 0.0032608577132001619 -0.0012858585325527777
leaf_weight=17.691330558154732 12.057245580479504 10.53211153578013 12.538885685615243 16.398204769939184 9.4649982699193043 10.630818787962196
leaf_count=376 238 231 199 301 298 184
internal_value=3.24208e-05 -0.000842627 0.00147681 -0.00156337 -0.00549589 -0.00584526
internal_weight=89.3136 71.6223 48.9342 38.4021 22.0039 22.6881
internal_count=1827 1451 1029 798 497 422
is_linear=0
shrinkage=0.03


Tree=233
num_leaves=7
num_cat=0
split_feature=1 0 0 5 7 4
split_gain=0.305852 0.795309 1.22598 1.13656 1.49581 0.976195
threshold=5.6779192163958221e-05 3.4922899430966943e-05 1.8080952941090803e-05 90.098037719726577 3.5000000000000004 146.50000000000003
decision_type=2 2 2 2 2 2
left_child=1 2 3 4 -1 -3
right_child=-2 5 -4 -5 -6 -7
leaf_value=0.0038758528284392685 -0.0044088535704722275 -7.9044674904970585e-05 -0.010629147641644356 0.0073473532332160481 -0.010006008142101923 0.012316507732257127
leaf_weight=14.712572582997383 12.070399863645433 13.005701429210605 10.213314091321079 15.797720919363199 13.302144872955976 10.204533628188072
leaf_count=282 238 339 189 362 238 179
internal_value=3.21877e-05 0.000726231 -0.00126912 0.000912842 -0.00271563 0.00537074
internal_weight=89.3064 77.236 54.0258 43.8124 28.0147 23.2102
internal_count=1827 1589 1071 882 520 518
is_linear=0
shrinkage=0.03


Tree=234
num_leaves=7
num_cat=0
split_feature=6 2 0 2 0 4
split_gain=0.314117 1.33995 1.22255 1.11576 1.87907 0.985534
threshold=0.22500000149011615 4.4338030420476578e-05 5.658354666593369e-06 8.8624343334231539e-05 0.00011050022658309901 143.50000000000003
decision_type=2 2 2 2 2 2
left_child=-1 -2 -3 -4 -5 -6
right_child=1 2 3 4 5 -7
leaf_value=-0.0034034966849552121 0.010571317188285681 -0.010104688517996367 0.008037870105383654 -0.0087784616709675519 0.011999711770641004 -0.0025765822285830978
leaf_weight=18.886844431981444 11.000273653306065 10.520104515366254 14.828194003552197 17.24749506264925 9.1033647931180912 7.7105950894765547
leaf_count=310 225 210 294 314 285 189
internal_value=3.1973e-05 0.000953506 -0.000827322 0.00116899 -0.00182129 0.00531527
internal_weight=89.2969 70.41 59.4098 48.8896 34.0615 16.814
internal_count=1827 1517 1292 1082 788 474
is_linear=0
shrinkage=0.03


Tree=235
num_leaves=7
num_cat=0
split_feature=6 2 1 4 1 0
split_gain=0.295111 1.27246 1.1581 1.17942 1.03467 1.42909
threshold=0.22500000149011615 4.4338030420476578e-05 2.1895403961025299e-06 126.50000000000001 6.7195956034993296e-06 6.6092434281017645e-05
decision_type=2 2 2 2 2 2
left_child=-1 -2 -3 -4 -5 -6
right_child=1 2 3 4 5 -7
leaf_value=-0.0032920728173824721 0.010348863019815781 -0.0098585795969958045 0.0098695590603520792 0.0047473052793016767 -0.01412351863646902 0.0010198649288055616
leaf_weight=18.939492444507778 10.901148710399864 10.467559513635932 10.834849851205943 15.129350951872764 9.6839571250602621 13.327316282317041
leaf_count=310 225 189 302 307 191 303
internal_value=3.19027e-05 0.000926851 -0.000801034 0.00113484 -0.00134649 -0.00535301
internal_weight=89.2837 70.3442 59.443 48.9755 38.1406 23.0113
internal_count=1827 1517 1292 1103 801 494
is_linear=0
shrinkage=0.03


Tree=236
num_leaves=7
num_cat=0
split_feature=4 7 6 2 2 6
split_gain=0.30749 1.25384 1.43733 3.28569 0.72257 0.873837
threshold=133.50000000000003 13.500000000000002 0.22500000149011615 8.8624343334231539e-05 0.00015719753719167787 0.55000001192092907
decision_type=2 2 2 2 2 2
left_child=4 2 -2 -4 5 -1
right_child=1 -3 3 -5 -6 -7
leaf_value=-0.0050092735557015246 -0.0056903262077298081 -0.0081592584266543203 0.016055725390203973 -0.0023955834929953444 -0.0085917681342008237 0.0069983995662488696
leaf_weight=11.145714099518955 11.578843289054928 10.186166811268775 16.793715340085328 17.99108593724668 10.897280880715696 10.682151728309691
leaf_count=210 194 175 372 389 250 237
internal_value=3.17703e-05 0.00137113 0.00346497 0.0065125 -0.00228268 0.000867058
internal_weight=89.275 56.5498 46.3636 34.7848 32.7251 21.8279
internal_count=1827 1130 955 761 697 447
is_linear=0
shrinkage=0.03


Tree=237
num_leaves=7
num_cat=0
split_feature=1 4 2 1 5 0
split_gain=0.311786 0.72125 1.48965 2.09566 2.45959 0.43756
threshold=3.5442761145532138e-05 149.50000000000003 3.9580138036399155e-05 2.1895403961025299e-06 92.940196990966811 2.9855276807211343e-05
decision_type=2 2 2 2 2 2
left_child=1 2 -1 -4 -5 -6
right_child=-2 -3 3 4 5 -7
leaf_value=0.0079626718819071005 0.003766325489175422 0.0040664868054349334 -0.01595621918776249 0.0095176620709387042 -0.0033231918301199264 -0.012324291040681657
leaf_weight=9.7388556590303761 16.419360654428601 19.856441811658442 11.562850053422151 12.214982949662955 10.098523279652001 9.3710142835043353
leaf_count=181 301 372 192 347 199 235
internal_value=3.18411e-05 -0.000809944 -0.00263737 -0.00502439 -0.00103496 -0.00765557
internal_weight=89.262 72.8427 52.9862 43.2474 31.6845 19.4695
internal_count=1827 1526 1154 973 781 434
is_linear=0
shrinkage=0.03


Tree=238
num_leaves=7
num_cat=0
split_feature=5 4 4 1 4 2
split_gain=0.320346 0.789787 1.56942 3.46775 1.22877 0.641786
threshold=87.609649658203139 137.50000000000003 156.50000000000003 9.1552360572677588e-06 129.50000000000003 4.639116195903626e-05
decision_type=2 2 2 2 2 2
left_child=5 4 3 -3 -2 -1
right_child=1 2 -4 -5 -6 -7
leaf_value=-0.0071100891300905104 0.00037420366485488125 -0.016169711235870396 0.0065957294521230983 0.0073936628441599074 0.014595950829056882 0.0018225991286563955
leaf_weight=14.214662964455785 15.000154792331161 13.347809459082784 13.624701941851525 9.7101579522714001 8.6040208782069367 14.750591760501264
leaf_count=223 360 261 229 234 209 311
internal_value=3.18439e-05 0.00127765 -0.00147677 -0.00624672 0.00555821 -0.00256111
internal_weight=89.2521 60.2868 36.6827 23.058 23.6042 28.9653
internal_count=1827 1293 724 495 569 534
is_linear=0
shrinkage=0.03


Tree=239
num_leaves=7
num_cat=0
split_feature=1 0 0 5 7 4
split_gain=0.316084 0.813406 1.27047 1.17783 1.3955 0.910124
threshold=5.6779192163958221e-05 3.4922899430966943e-05 1.8392835045233372e-05 90.098037719726577 3.5000000000000004 146.50000000000003
decision_type=2 2 2 2 2 2
left_child=1 2 3 4 -1 -3
right_child=-2 5 -4 -5 -6 -7
leaf_value=0.0036362978325084725 -0.0044886702670050623 0.00020547353807641238 -0.010862032382127325 0.0074557637754826371 -0.0097824958533612085 0.01217483947856352
leaf_weight=14.593566754832866 12.042096397839485 13.102600159589203 10.125370774418114 15.870612607803194 13.360826628282664 10.143739653285591
leaf_count=282 238 339 182 367 240 179
internal_value=3.19076e-05 0.000737083 -0.00128433 0.000928508 -0.00277723 0.00542841
internal_weight=89.2388 77.1967 53.9504 43.825 27.9544 23.2463
internal_count=1827 1589 1071 889 522 518
is_linear=0
shrinkage=0.03


Tree=240
num_leaves=7
num_cat=0
split_feature=1 0 0 5 7 4
split_gain=0.296559 0.768442 1.18456 1.11374 1.30316 0.869342
threshold=5.6779192163958221e-05 3.4922899430966943e-05 1.8392835045233372e-05 90.098037719726577 3.5000000000000004 146.50000000000003
decision_type=2 2 2 2 2 2
left_child=1 2 3 4 -1 -3
right_child=-2 5 -4 -5 -6 -7
leaf_value=0.0035383505294416255 -0.0043375822448671253 0.00019934537347357316 -0.010443737005002295 0.0072802265134112379 -0.0094111574131653178 0.01193134134382895
leaf_weight=14.548312103375794 12.087006881833075 13.100270828232171 10.213612047955392 15.767267619725315 13.46967260353267 10.041795687284319
leaf_count=282 238 339 182 367 240 179
internal_value=3.16942e-05 0.000716304 -0.00124386 0.000902155 -0.00268714 0.00529009
internal_weight=89.2279 77.1409 53.9989 43.7853 28.018 23.1421
internal_count=1827 1589 1071 889 522 518
is_linear=0
shrinkage=0.03


Tree=241
num_leaves=7
num_cat=0
split_feature=0 0 0 9 1 0
split_gain=0.296717 1.86914 1.21139 0.853381 0.810973 1.1802
threshold=1.3737393601331862e-05 2.9855276807211343e-05 6.5204078509850669e-06 2.5000000000000004 3.5442761145532138e-05 0.00011050022658309901
decision_type=2 2 2 2 2 2
left_child=2 -2 3 -1 5 -3
right_child=1 4 -4 -5 -6 -7
leaf_value=-0.0039461908761911748 0.012751149488423577 -0.011149435475925066 -0.010657941755968233 0.0062255635525399842 0.0035924018117329407 0.0028787996389535607
leaf_weight=14.638083552941682 10.599345662165431 12.772531021386387 10.464266303926705 15.060917264781891 16.333699237555265 9.3477354673668724
leaf_count=256 231 199 210 332 301 298
internal_value=3.14435e-05 0.00159693 -0.00188056 0.0012121 -0.00147759 -0.00522129
internal_weight=89.2166 49.0533 40.1633 29.699 38.454 22.1203
internal_count=1827 1029 798 588 798 497
is_linear=0
shrinkage=0.03


Tree=242
num_leaves=7
num_cat=0
split_feature=1 6 0 0 1 5
split_gain=0.300175 0.813465 2.45939 1.79776 1.72601 1.46036
threshold=1.1677478823912681e-06 0.6904762089252473 5.9947954014205615e-06 0.00011730100231943653 1.0834789009095404e-05 93.957649230957045
decision_type=2 2 2 2 2 2
left_child=-1 3 -3 5 -4 -2
right_child=1 2 4 -5 -6 -7
leaf_value=-0.0048189203923969985 0.013928176148566989 -0.014718177869242743 0.010976127838945362 -0.0068529965412172629 -0.0050540390983641872 0.001173146592377994
leaf_weight=10.174260502681134 14.790667952969669 10.730399913154541 11.475471735466273 11.459254600573329 12.774969726800917 17.802243641577661
leaf_count=160 323 202 317 244 293 288
internal_value=3.12934e-05 0.000655682 -0.00275982 0.00336786 0.00253154 0.00696138
internal_weight=89.2073 79.033 34.9808 44.0522 24.2504 32.5929
internal_count=1827 1667 812 855 610 611
is_linear=0
shrinkage=0.03


Tree=243
num_leaves=7
num_cat=0
split_feature=0 0 0 1 0 4
split_gain=0.293966 0.976322 1.73371 0.786714 1.12593 0.455749
threshold=3.5743387343245563e-06 1.3737393601331862e-05 2.9855276807211343e-05 3.5442761145532138e-05 0.00011050022658309901 139.50000000000003
decision_type=2 2 2 2 2 2
left_child=-1 5 -3 4 -4 -2
right_child=1 2 3 -5 -6 -7
leaf_value=0.0035031009274193495 -0.0099790064662892974 0.012403328154939317 -0.010816418442183808 0.0036146080366594915 0.0028682539588759273 -0.0014402661993260331
leaf_weight=17.616342479363084 12.017418783158066 10.436726592946796 12.858388147316875 16.346284421160817 9.3426784458570165 10.577371432445942
leaf_count=376 238 231 199 301 298 184
internal_value=3.14671e-05 -0.00082294 0.00155665 -0.0013801 -0.00505762 -0.00598174
internal_weight=89.1952 71.5789 48.9841 38.5474 22.2011 22.5948
internal_count=1827 1451 1029 798 497 422
is_linear=0
shrinkage=0.03


Tree=244
num_leaves=7
num_cat=0
split_feature=4 6 4 7 4 7
split_gain=0.297106 1.09111 2.08337 2.6102 1.39768 0.638056
threshold=160.50000000000003 0.22500000149011615 140.50000000000003 4.5000000000000009 130.50000000000003 4.5000000000000009
decision_type=2 2 2 2 2 2
left_child=1 -1 4 -4 5 -3
right_child=-2 2 3 -5 -6 -7
leaf_value=-0.0063199090497729118 -0.0045345148769818959 -0.0025367391213684224 0.020691409532553648 0.0011534040917936946 -0.0090613931423282317 0.0078533599101627081
leaf_weight=15.914925522170959 11.214400148950515 10.268748741131278 10.333617673721166 15.214938584249465 15.204569173976777 11.036484572105108
leaf_count=261 194 223 248 305 326 270
internal_value=3.12051e-05 0.000687863 0.00248501 0.00905594 -0.00211314 0.00284551
internal_weight=89.1877 77.9733 62.0584 25.5486 36.5098 21.3052
internal_count=1827 1633 1372 553 819 493
is_linear=0
shrinkage=0.03


Tree=245
num_leaves=8
num_cat=0
split_feature=0 5 7 2 0 4 0
split_gain=0.294516 1.02934 1.2419 1.32272 1.98818 0.986569 0.472729
threshold=1.9084176869910156e-06 84.529914855957045 14.500000000000002 9.5232720923377215e-05 5.9445712395245216e-05 138.50000000000003 0.00038068402500357484
decision_type=2 2 2 2 2 2 2
left_child=-1 -2 3 5 -5 -3 -6
right_child=1 2 -4 4 6 -7 -8
leaf_value=-0.0047277896190600311 0.0084877547470490564 -0.001518004487182606 0.008816665566252652 0.01304642023069685 -0.00710855897478474 -0.014067761146689513 0.0013310745777285584
leaf_weight=10.345440784469245 12.674852943979202 10.603664170950653 10.139471903443335 9.2299861959181708 13.317293541505935 12.037852482870219 10.831411690451203
leaf_count=176 275 222 220 187 180 223 344
internal_value=3.13209e-05 0.000655858 -0.000844575 -0.00259323 0.00120343 -0.00819035 -0.00332313
internal_weight=89.18 78.8345 66.1597 56.0202 33.3787 22.6415 24.1487
internal_count=1827 1651 1376 1156 711 445 524
is_linear=0
shrinkage=0.03


Tree=246
num_leaves=7
num_cat=0
split_feature=1 1 6 2 5 0
split_gain=0.288843 1.1075 0.881825 1.30879 1.26185 1.29952
threshold=3.1737812605570077e-05 1.3607432720164072e-05 1.0000000180025095e-35 4.4338030420476578e-05 90.098037719726577 1.8392835045233372e-05
decision_type=2 2 2 2 2 2
left_child=1 2 -1 -4 -5 -6
right_child=-2 -3 3 4 5 -7
leaf_value=-0.0077329169534595529 -0.0033527850922171498 0.010327409342123119 0.010381882017935945 -0.0079884101767321181 0.010456200964217791 -0.0039504675851516485
leaf_weight=12.421023284085093 18.093423692509532 9.6737975836731476 10.901853246148674 15.527525331359355 11.073479236569257 11.473896771669386
leaf_count=210 322 224 226 331 242 272
internal_value=3.13121e-05 0.000892837 -0.000593669 0.00121692 -0.00140725 0.00312494
internal_weight=89.165 71.0716 61.3978 48.9768 38.0749 22.5474
internal_count=1827 1505 1281 1071 845 514
is_linear=0
shrinkage=0.03


Tree=247
num_leaves=7
num_cat=0
split_feature=1 0 0 0 0 5
split_gain=0.286663 0.625137 1.77616 1.1502 1.08288 0.862643
threshold=3.5442761145532138e-05 2.9855276807211343e-05 1.3737393601331862e-05 6.5204078509850669e-06 0.00011050022658309901 83.527133941650405
decision_type=2 2 2 2 2 2
left_child=1 2 3 5 -3 -1
right_child=-2 4 -4 -5 -6 -7
leaf_value=-0.0042689114864097192 0.0036214359740206451 -0.01059369775550645 0.012173690754419183 -0.010289982012016752 0.0028225988140710349 0.0059842102254625811
leaf_weight=13.737098414450886 16.345582218840718 12.910547576844694 10.317417630460112 10.544614556245504 9.3254935932345671 15.971706735901533
leaf_count=233 301 199 231 210 298 355
internal_value=3.11704e-05 -0.000774866 0.00106846 -0.00177794 -0.00496709 0.00124325
internal_weight=89.1525 72.8069 50.5708 40.2534 22.236 29.7088
internal_count=1827 1526 1029 798 497 588
is_linear=0
shrinkage=0.03


Tree=248
num_leaves=7
num_cat=0
split_feature=1 0 0 5 7 4
split_gain=0.284877 0.79851 1.25998 1.00669 1.19348 0.8126
threshold=5.6779192163958221e-05 3.4922899430966943e-05 1.8392835045233372e-05 90.098037719726577 3.5000000000000004 146.50000000000003
decision_type=2 2 2 2 2 2
left_child=1 2 3 4 -1 -3
right_child=-2 5 -4 -5 -6 -7
leaf_value=0.0035004598794407763 -0.0042459270503207762 0.00047268575328690728 -0.010849267312430648 0.0070167935667735538 -0.0088608829319179721 0.011816385288105283
leaf_weight=14.521278303116562 12.112098390236495 13.193450192455204 10.10330601595342 15.603392793796955 13.62534354534 9.9845074545592052
leaf_count=282 238 339 182 367 240 179
internal_value=3.09721e-05 0.000703455 -0.00130037 0.000904785 -0.00248347 0.00535928
internal_weight=89.1434 77.0313 53.8533 43.75 28.1466 23.178
internal_count=1827 1589 1071 889 522 518
is_linear=0
shrinkage=0.03


Tree=249
num_leaves=7
num_cat=0
split_feature=4 6 4 7 4 1
split_gain=0.286656 0.980809 1.98635 2.54014 1.31402 0.63885
threshold=160.50000000000003 0.22500000149011615 140.50000000000003 4.5000000000000009 130.50000000000003 4.245955324222451e-06
decision_type=2 2 2 2 2 2
left_child=1 -1 4 -4 5 -3
right_child=-2 2 3 -5 -6 -7
leaf_value=-0.0059321234107133514 -0.0044494014827810889 -0.0021624577914652631 0.020464350324846226 0.0010775272362941713 -0.0087894421271143396 0.0082640847178753075
leaf_weight=16.046778526157141 11.233606679365037 11.238148125819864 10.15086750732735 15.176652265246956 15.294778051320462 9.9905515485443157
leaf_count=261 194 226 248 305 326 267
internal_value=3.07192e-05 0.000676796 0.00239143 0.00884746 -0.00208556 0.00274443
internal_weight=89.1314 77.8978 61.851 25.3275 36.5235 21.2287
internal_count=1827 1633 1372 553 819 493
is_linear=0
shrinkage=0.03


Tree=250
num_leaves=7
num_cat=0
split_feature=0 0 0 1 0 2
split_gain=0.285978 0.889089 1.61155 0.746141 0.999217 0.158293
threshold=3.5743387343245563e-06 1.3737393601331862e-05 2.9855276807211343e-05 3.5442761145532138e-05 0.00011050022658309901 5.6917504480225041e-05
decision_type=2 2 2 2 2 2
left_child=-1 5 -3 4 -4 -2
right_child=1 2 3 -5 -6 -7
leaf_value=0.0034596237579838087 -0.0081362998754867018 0.012042391421273162 -0.010278312322728418 0.0035363224903834107 0.0026169449882867536 -0.0031273432098901078
leaf_weight=17.574932270217687 11.729749299585821 10.252323823515324 12.993975102901461 16.302357573062181 9.2635412178933603 11.006002497859297
leaf_count=376 197 231 199 301 298 225
internal_value=3.08033e-05 -0.000811447 0.00147092 -0.00133983 -0.00491133 -0.00571155
internal_weight=89.1229 71.5479 48.8122 38.5599 22.2575 22.7358
internal_count=1827 1451 1029 798 497 422
is_linear=0
shrinkage=0.03


Tree=251
num_leaves=7
num_cat=0
split_feature=1 1 6 2 5 0
split_gain=0.299227 1.052 0.814427 1.2418 1.10237 1.20242
threshold=3.1737812605570077e-05 1.3607432720164072e-05 1.0000000180025095e-35 4.4338030420476578e-05 90.098037719726577 1.8392835045233372e-05
decision_type=2 2 2 2 2 2
left_child=1 2 -1 -4 -5 -6
right_child=-2 -3 3 4 5 -7
leaf_value=-0.007364222334374307 -0.0034175625045249664 0.010145487049564561 0.010187476263696758 -0.0074208223865450344 0.010081231230929978 -0.0038235175972698814
leaf_weight=12.517013995908199 18.060800250153989 9.5949708092957717 10.807490159291772 15.728222045581786 10.899462933186443 11.505864784587173
leaf_count=210 322 224 226 331 242 272
internal_value=3.04723e-05 0.00090692 -0.000535426 0.00121109 -0.00133293 0.00294069
internal_weight=89.1138 71.053 61.4581 48.941 38.1335 22.4053
internal_count=1827 1505 1281 1071 845 514
is_linear=0
shrinkage=0.03


Tree=252
num_leaves=8
num_cat=0
split_feature=0 5 7 2 0 4 0
split_gain=0.289814 1.07744 1.16059 1.27104 1.6772 0.960898 0.446507
threshold=1.9084176869910156e-06 84.529914855957045 14.500000000000002 9.5232720923377215e-05 6.3698873418616145e-05 138.50000000000003 0.00038068402500357484
decision_type=2 2 2 2 2 2 2
left_child=-1 -2 3 5 -5 -3 -6
right_child=1 2 -4 4 6 -7 -8
leaf_value=-0.0046909323137061289 0.0086365339863139021 -0.0014651489559623849 0.0085109879039158062 0.011465848172399831 -0.0070860840420890695 -0.013839758739117981 0.0012343512432884448
leaf_weight=10.343343533575533 12.743757922202347 10.611022050492467 10.021640583407132 9.956090569496153 12.556753844022753 12.07326611317694 10.79491047374904
leaf_count=176 275 222 220 199 168 223 344
internal_value=3.02998e-05 0.000650347 -0.000891364 -0.00257423 0.00115593 -0.00805129 -0.00323975
internal_weight=89.1008 78.7574 66.0137 55.992 33.3078 22.6843 23.3517
internal_count=1827 1651 1376 1156 711 445 512
is_linear=0
shrinkage=0.03


Tree=253
num_leaves=6
num_cat=0
split_feature=1 4 4 5 2
split_gain=0.284253 0.983717 1.02908 2.51535 1.58138
threshold=3.1737812605570077e-05 156.50000000000003 137.50000000000003 92.450141906738295 7.2721406468190266e-05
decision_type=2 2 2 2 2
left_child=1 2 4 -4 -1
right_child=-2 -3 3 -5 -6
leaf_value=-0.001817949670398584 -0.0033255902961907878 0.0089520584580656901 0.0052861078846572788 -0.012867089100137799 0.012285696908030641
leaf_weight=20.784591089002792 18.100840372033417 11.418843115679918 12.284389013424516 15.585098523180932 10.911340135149656
leaf_count=366 322 220 271 301 347
internal_value=3.02632e-05 0.000885999 -0.000660285 -0.00486547 0.00303724
internal_weight=89.0851 70.9843 59.5654 27.8695 31.6959
internal_count=1827 1505 1285 572 713
is_linear=0
shrinkage=0.03


Tree=254
num_leaves=7
num_cat=0
split_feature=4 6 4 7 4 7
split_gain=0.287124 0.864674 1.94932 2.4703 1.22872 0.872215
threshold=160.50000000000003 0.22500000149011615 140.50000000000003 4.5000000000000009 119.50000000000001 2.5000000000000004
decision_type=2 2 2 2 2 2
left_child=1 -1 4 -4 -3 -6
right_child=-2 2 3 -5 5 -7
leaf_value=-0.0054908397431531397 -0.0044546247762582859 0.0060312538642671668 0.020288012545770933 0.0010870847372208114 -0.01277159426732534 -0.0013244761470737425
leaf_weight=16.198684594593942 11.228040683083234 11.396261493675409 10.007005480583759 15.175537597853689 9.9074255684390682 15.153235045261679
leaf_count=261 194 286 248 305 192 341
internal_value=3.0183e-05 0.00067711 0.00229803 0.00871712 -0.00213594 -0.00584995
internal_weight=89.0662 77.8381 61.6395 25.1825 36.4569 25.0607
internal_count=1827 1633 1372 553 819 533
is_linear=0
shrinkage=0.03


Tree=255
num_leaves=6
num_cat=0
split_feature=4 1 9 0 4
split_gain=0.292053 1.1458 2.51123 1.21303 1.94777
threshold=121.50000000000001 4.1459168187429904e-06 2.5000000000000004 3.4922899430966943e-05 153.50000000000003
decision_type=2 2 2 2 2
left_child=-1 2 -2 -3 -5
right_child=1 3 -4 4 -6
leaf_value=-0.0034546673892873465 0.014963245004735021 -0.0096037407041631179 -0.0019635946060855558 0.0082097480884612082 -0.0088999089804905566
leaf_weight=17.411449790932238 13.453097713179885 14.139398133382199 19.069552780129015 15.028229511342944 9.9548595594242197
leaf_count=382 258 276 399 368 144
internal_value=3.02715e-05 0.000877193 0.00503825 -0.0025819 0.00139217
internal_weight=89.0566 71.6451 32.5227 39.1225 24.9831
internal_count=1827 1445 657 788 512
is_linear=0
shrinkage=0.03


Tree=256
num_leaves=6
num_cat=0
split_feature=1 2 4 7 7
split_gain=0.287289 0.656515 1.56769 1.57128 2.65478
threshold=3.5442761145532138e-05 0.00018792724586091938 128.50000000000003 11.500000000000002 1.5000000000000002
decision_type=2 2 2 2 2
left_child=1 2 -1 4 -4
right_child=-2 -3 3 -5 -6
leaf_value=0.0081476280821557931 0.0036251651473442861 -0.0071280280116860911 -0.0075669095319325051 -0.01265715950634917 0.0095176117440182121
leaf_weight=17.255404844414443 16.336847023107111 12.193760255351661 16.94599337130785 10.483111828565596 15.835227642673997
leaf_count=361 301 336 308 159 362
internal_value=3.02667e-05 -0.000777414 0.000502133 -0.00254717 0.000685903
internal_weight=89.0503 72.7135 60.5197 43.2643 32.7812
internal_count=1827 1526 1190 829 670
is_linear=0
shrinkage=0.03


Tree=257
num_leaves=7
num_cat=0
split_feature=4 1 9 2 4 2
split_gain=0.30288 1.08352 2.39498 1.28852 1.13657 1.06241
threshold=121.50000000000001 4.1459168187429904e-06 2.5000000000000004 9.688774298410864e-05 154.50000000000003 0.00027433247305452829
decision_type=2 2 2 2 2 2
left_child=-1 2 -2 -3 5 -5
right_child=1 3 -4 4 -6 -7
leaf_value=-0.0035224196873751817 0.014728132832191924 -0.011757829517580401 -0.001848689000024589 -0.0021160326388406881 -0.0067561676996780598 0.012476350330283348
leaf_weight=17.381782869808376 13.297971775289623 9.999025425873695 19.125817247666419 8.7193301804363781 11.259792779572306 9.2583536524325591
leaf_count=382 258 174 399 175 169 270
internal_value=3.02201e-05 0.000891942 0.00494996 -0.00246148 0.000717813 0.00539892
internal_weight=89.0421 71.6603 32.4238 39.2365 29.2375 17.9777
internal_count=1827 1445 657 788 614 445
is_linear=0
shrinkage=0.03


Tree=258
num_leaves=8
num_cat=0
split_feature=0 5 7 2 0 4 0
split_gain=0.293959 0.959271 1.10661 1.17491 1.61442 0.884568 0.406101
threshold=1.9084176869910156e-06 84.529914855957045 14.500000000000002 9.5232720923377215e-05 6.3698873418616145e-05 138.50000000000003 0.00038068402500357484
decision_type=2 2 2 2 2 2 2
left_child=-1 -2 3 5 -5 -3 -6
right_child=1 2 -4 4 6 -7 -8
leaf_value=-0.0047275114334091126 0.0082555769174411011 -0.0013377217661378078 0.008417540957785007 0.011330477518324229 -0.0067706881547826324 -0.013167177277732471 0.0011584309089625129
leaf_weight=10.331370272673665 12.559262088499962 10.644188168458642 9.9786263653077167 9.894987609703092 12.639085663482549 12.22098401468247 10.76448019267991
leaf_count=176 275 222 220 199 168 223 344
internal_value=3.02415e-05 0.000654804 -0.000788448 -0.00242408 0.00117151 -0.00766033 -0.00312369
internal_weight=89.033 78.7016 66.1424 56.1637 33.2986 22.8652 23.4036
internal_count=1827 1651 1376 1156 711 445 512
is_linear=0
shrinkage=0.03


Tree=259
num_leaves=8
num_cat=0
split_feature=4 7 0 7 0 2 2
split_gain=0.294823 1.23358 1.38096 1.76244 1.43556 0.685949 0.744344
threshold=133.50000000000003 13.500000000000002 0.00013704002776648852 1.0000000180025095e-35 8.5968786152079718e-06 0.00018792724586091938 4.9515485443407676e-05
decision_type=2 2 2 2 2 2 2
left_child=5 2 3 -2 -5 6 -1
right_child=1 -3 -4 4 -6 -7 -8
leaf_value=-0.0049155994759334581 -0.0024625077153002579 -0.008104754818317678 -0.0063864562260500142 0.019789261793185714 0.0045839943770200125 -0.0087351812038857397 0.0059770650487413271
leaf_weight=11.01228445209563 13.37342258915305 10.183206791523842 10.077016240451483 9.9718924565240759 12.712032933719454 10.100051476154475 11.58667589817196
leaf_count=168 217 175 260 258 220 233 296
internal_value=3.01501e-05 0.00134571 0.00343171 0.00617561 0.0112683 -0.00223565 0.000669161
internal_weight=89.0166 56.3176 46.1344 36.0573 22.6839 32.699 22.599
internal_count=1827 1130 955 695 478 697 464
is_linear=0
shrinkage=0.03


Tree=260
num_leaves=7
num_cat=0
split_feature=5 4 4 1 4 2
split_gain=0.301237 0.754024 1.44175 2.98923 1.25271 0.652143
threshold=87.609649658203139 137.50000000000003 156.50000000000003 9.1552360572677588e-06 129.50000000000003 4.639116195903626e-05
decision_type=2 2 2 2 2 2
left_child=5 4 3 -3 -2 -1
right_child=1 2 -4 -5 -6 -7
leaf_value=-0.0070745449943555982 0.00017988937594174602 -0.015036429522147088 0.0063445341785839764 0.006890071646745966 0.014578081919662735 0.0019301830603953342
leaf_weight=14.194068550132217 14.88169032847509 13.578366568312051 13.486318368464707 9.5185074727050942 8.5705630648881179 14.771129768341778
leaf_count=223 360 261 229 234 209 311
internal_value=3.0239e-05 0.00124255 -0.00144937 -0.00600025 0.00544167 -0.00248248
internal_weight=89.0006 60.0354 36.5832 23.0969 23.4523 28.9652
internal_count=1827 1293 724 495 569 534
is_linear=0
shrinkage=0.03


Tree=261
num_leaves=6
num_cat=0
split_feature=1 4 4 5 2
split_gain=0.288957 0.952586 0.903722 2.12374 1.51381
threshold=3.1737812605570077e-05 156.50000000000003 137.50000000000003 92.450141906738295 7.2721406468190266e-05
decision_type=2 2 2 2 2
left_child=1 2 4 -4 -1
right_child=-2 -3 3 -5 -6
leaf_value=-0.0018749198218967879 -0.0033563768284475943 0.0088493828259050573 0.0049146194668192571 -0.011748655750727227 0.011994422963768431
leaf_weight=20.740530696697537 18.070016810204834 11.371913148555903 12.128467465750873 15.918504791799933 10.755819626152514
leaf_count=366 322 220 271 301 347
internal_value=3.02681e-05 0.000893224 -0.000626287 -0.00454289 0.00286138
internal_weight=88.9853 70.9152 59.5433 28.047 31.4964
internal_count=1827 1505 1285 572 713
is_linear=0
shrinkage=0.03


Tree=262
num_leaves=7
num_cat=0
split_feature=5 1 2 2 0 2
split_gain=0.300373 0.778418 1.65499 1.50698 1.23593 0.595493
threshold=87.609649658203139 2.7566335347728459e-06 9.5232720923377215e-05 0.00018050664220936599 0.00029235253168735659 4.639116195903626e-05
decision_type=2 2 2 2 2 2
left_child=5 -2 -3 -4 -5 -1
right_child=1 2 3 4 -6 -7
leaf_value=-0.0068447018504161749 0.0083715990337405854 -0.0094037530166969936 0.013181455260031396 -0.0071654204166027736 0.0059421230115506265 0.0017596989217300077
leaf_weight=14.26722852047533 11.205894437618552 13.339646268635986 9.5468597300350648 13.251920320093634 12.65883118053898 14.695027527399359
leaf_count=223 294 233 214 169 383 311
internal_value=3.01091e-05 0.00124118 -0.000396262 0.00299248 -0.000761663 -0.00247895
internal_weight=88.9654 60.0032 48.7973 35.4576 25.9108 28.9623
internal_count=1827 1293 999 766 552 534
is_linear=0
shrinkage=0.03


Tree=263
num_leaves=8
num_cat=0
split_feature=4 7 0 7 0 2 6
split_gain=0.288341 1.16953 1.35493 1.65231 1.40102 0.6778 0.827494
threshold=133.50000000000003 13.500000000000002 0.00013704002776648852 1.0000000180025095e-35 8.5968786152079718e-06 0.00015719753719167787 0.55000001192092907
decision_type=2 2 2 2 2 2 2
left_child=5 2 3 -2 -5 6 -1
right_child=1 -3 -4 4 -6 -7 -8
leaf_value=-0.0048487335131087586 -0.0022198754412436224 -0.007837020627868738 -0.0063444684197002769 0.019578667425144362 0.0044800833702126706 -0.0082998165477724366 0.0068586480489333471
leaf_weight=11.155509984120727 13.443479500710962 10.240449711680411 10.083762918598948 9.8209069999866205 12.66285186819732 10.944404733832924 10.593425489030778
leaf_count=210 217 175 260 258 220 250 237
internal_value=2.99877e-05 0.00133218 0.00337293 0.00610033 0.0110751 -0.00221054 0.000853673
internal_weight=88.9448 56.2515 46.011 35.9272 22.4838 32.6933 21.7489
internal_count=1827 1130 955 695 478 697 447
is_linear=0
shrinkage=0.03


Tree=264
num_leaves=6
num_cat=0
split_feature=1 1 2 0 1
split_gain=0.306507 0.639727 0.777373 1.04029 1.17399
threshold=3.5442761145532138e-05 1.6099217646114997e-05 0.00010303948511136697 1.2248856819496725e-05 2.1594313466266617e-06
decision_type=2 2 2 2 2
left_child=1 2 3 4 -1
right_child=-2 -3 -4 -5 -6
leaf_value=-0.0036461551484685798 0.0037370465298709049 -0.0080189893586585723 0.0068057082087790311 -0.0091622700690519813 0.0069818302921744848
leaf_weight=21.355320210102946 16.377496944740415 9.6035120440646988 13.071924061048774 11.878379349596797 16.645244671031833
leaf_count=390 301 196 368 213 359
internal_value=3.00595e-05 -0.000806708 0.000293566 -0.00141309 0.00100918
internal_weight=88.9319 72.5544 62.9509 49.8789 38.0006
internal_count=1827 1526 1330 962 749
is_linear=0
shrinkage=0.03


Tree=265
num_leaves=7
num_cat=0
split_feature=5 1 2 2 0 9
split_gain=0.299615 0.724879 1.5882 1.40631 1.15961 0.592824
threshold=87.609649658203139 2.7566335347728459e-06 9.5232720923377215e-05 0.00018050664220936599 0.00029235253168735659 2.5000000000000004
decision_type=2 2 2 2 2 2
left_child=5 -2 -3 -4 -5 -1
right_child=1 2 3 4 -6 -7
leaf_value=-0.0063239862241379627 0.0081566197638310561 -0.0091252960278988913 0.012920669639509334 -0.0067625817226815588 0.0059099066182872273 0.0023131177846123273
leaf_weight=16.055600591003898 11.109600498806683 13.414105426520107 9.42840414540842 13.370543336495759 12.64473460242152 12.897229571826754
leaf_count=290 294 233 214 169 383 244
internal_value=2.96628e-05 0.00123968 -0.000333142 0.00299436 -0.000603114 -0.00247653
internal_weight=88.9202 59.9674 48.8578 35.4437 26.0153 28.9528
internal_count=1827 1293 999 766 552 534
is_linear=0
shrinkage=0.03


Tree=266
num_leaves=6
num_cat=0
split_feature=1 1 2 0 1
split_gain=0.286286 0.754147 0.782516 0.966308 1.13703
threshold=3.5442761145532138e-05 1.6652368685754485e-05 0.00010303948511136697 1.2248856819496725e-05 2.1594313466266617e-06
decision_type=2 2 2 2 2
left_child=1 2 3 4 -1
right_child=-2 -3 -4 -5 -6
leaf_value=-0.0035358185785506224 0.003620501166751743 -0.0086889362185781638 0.0069167553947939555 -0.008735075055567379 0.006924446896452858
leaf_weight=21.409330664202571 16.314241920597851 9.434662430547176 13.148256488610057 11.986808222252874 16.607463738881052
leaf_count=390 301 189 375 213 359
internal_value=2.95177e-05 -0.000777577 0.000404352 -0.00130806 0.0010337
internal_weight=88.9008 72.5865 63.1519 50.0036 38.0168
internal_count=1827 1526 1337 962 749
is_linear=0
shrinkage=0.03


Tree=267
num_leaves=8
num_cat=0
split_feature=5 1 2 2 4 9 1
split_gain=0.276558 0.694751 1.47675 1.34307 1.12251 0.561549 0.0908098
threshold=87.609649658203139 2.7566335347728459e-06 9.5232720923377215e-05 0.00018050664220936599 152.50000000000003 2.5000000000000004 5.6779192163958221e-05
decision_type=2 2 2 2 2 2 2
left_child=5 -2 -3 -4 6 -1 -5
right_child=1 2 3 4 -6 -7 -8
leaf_value=-0.0061031694919281565 0.0079911124502161125 -0.0087765351520242112 0.012660373840264591 0.0020508729373417368 -0.0084688221815715121 0.002295039268498284 0.0065788444279423729
leaf_weight=16.13719622511417 11.039264436811207 13.512835999019442 9.3134491699747723 7.9114385289140072 10.050820874050258 12.888984886929391 8.0346304737031442
leaf_count=290 294 233 214 223 151 244 178
internal_value=2.91362e-05 0.00119436 -0.000342436 0.00288519 -0.000616792 -0.00237397 0.00433235
internal_weight=88.8886 59.8624 48.8232 35.3103 25.9969 29.0262 15.9461
internal_count=1827 1293 999 766 552 534 401
is_linear=0
shrinkage=0.03


Tree=268
num_leaves=7
num_cat=0
split_feature=1 0 0 5 7 4
split_gain=0.282986 0.702558 1.09122 1.01356 1.19481 0.860106
threshold=5.6779192163958221e-05 3.4922899430966943e-05 1.8392835045233372e-05 90.098037719726577 3.5000000000000004 146.50000000000003
decision_type=2 2 2 2 2 2
left_child=1 2 3 4 -1 -3
right_child=-2 5 -4 -5 -6 -7
leaf_value=0.0034860881200340344 -0.0042367737644133955 1.8044731068946817e-05 -0.0099991544242446218 0.0070352563568147827 -0.0088981427490417968 0.011742842980568857
leaf_weight=14.481299255974593 12.092035340145229 12.995988885872068 10.213396902196108 15.561897916719316 13.592344114556907 9.9361783745698613
leaf_count=282 238 339 182 367 240 179
internal_value=2.89778e-05 0.000700779 -0.00117193 0.000894189 -0.00250995 0.00509823
internal_weight=88.8731 76.7811 53.8489 43.6355 28.0736 22.9322
internal_count=1827 1589 1071 889 522 518
is_linear=0
shrinkage=0.03


Tree=269
num_leaves=7
num_cat=0
split_feature=0 0 0 1 0 2
split_gain=0.274431 0.904676 1.7425 0.780052 1.02861 0.167153
threshold=3.5743387343245563e-06 1.3737393601331862e-05 2.9855276807211343e-05 3.5442761145532138e-05 0.00011050022658309901 5.6917504480225041e-05
decision_type=2 2 2 2 2 2
left_child=-1 5 -3 4 -4 -2
right_child=1 2 3 -5 -6 -7
leaf_value=0.0033967820187681044 -0.0082426444623635957 0.012433495161493674 -0.010601560821876785 0.0035434264887699192 0.0025305763229464431 -0.0030895931008545936
leaf_weight=17.488238624762744 11.688581463880839 10.347560702823101 12.846529000438752 16.273858797736466 9.2214910313487035 10.994185627438126
leaf_count=376 197 231 199 301 298 225
internal_value=2.87569e-05 -0.000796506 0.00150883 -0.00143948 -0.00511408 -0.00574499
internal_weight=88.8604 71.3722 48.6894 38.3419 22.068 22.6828
internal_count=1827 1451 1029 798 497 422
is_linear=0
shrinkage=0.03


Tree=270
num_leaves=7
num_cat=0
split_feature=1 1 1 4 1 1
split_gain=0.280503 0.983702 0.75799 1.45485 1.05399 1.03489
threshold=3.1737812605570077e-05 1.3607432720164072e-05 6.7195956034993296e-06 121.50000000000001 1.850883847964724e-06 3.69986548776069e-06
decision_type=2 2 2 2 2 2
left_child=1 2 3 -1 -5 -6
right_child=-2 -3 -4 4 5 -7
leaf_value=-0.0088630905777732083 -0.003307019905532756 0.009878287683145151 -0.0082345995809254471 -0.0016604213729391115 0.014115225793996504 0.0010484603827399196
leaf_weight=10.79807573603466 18.074904127977788 9.471625362057237 9.6355266431346518 18.961793438531458 11.655949943233283 10.254108856897799
leaf_count=222 322 224 245 334 294 186
internal_value=2.851e-05 0.000880331 -0.000509844 0.000930686 0.00351814 0.00799986
internal_weight=88.852 70.7771 61.3055 51.6699 40.8719 21.9101
internal_count=1827 1505 1281 1036 814 480
is_linear=0
shrinkage=0.03


Tree=271
num_leaves=7
num_cat=0
split_feature=4 0 2 0 0 6
split_gain=0.282332 0.765898 1.75099 1.27284 1.98916 0.886965
threshold=160.50000000000003 1.3737393601331862e-05 5.4152516895555898e-05 8.4083956608083113e-05 0.00038068402500357484 0.55000001192092907
decision_type=2 2 2 2 2 2
left_child=1 2 5 -3 -5 -1
right_child=-2 3 -4 4 -6 -7
leaf_value=-0.0034738743943742113 -0.0044202664041945354 0.0087078042554201412 -0.011737559325124873 -0.012147160207491356 0.0067961204580422093 0.0079369650811397918
leaf_weight=12.428577966988087 11.21820235531777 20.76093331631273 12.240040710195897 9.2081033149734157 10.887801596429197 12.098855788819492
leaf_count=232 194 389 254 133 387 238
internal_value=2.83859e-05 0.000671302 -0.00246999 0.00349818 -0.00188384 0.00215485
internal_weight=88.8425 77.6243 36.7675 40.8568 20.0959 24.5274
internal_count=1827 1633 724 909 520 470
is_linear=0
shrinkage=0.03


Tree=272
num_leaves=6
num_cat=0
split_feature=1 1 2 0 1
split_gain=0.27602 0.757898 0.696122 0.968708 1.12414
threshold=3.5442761145532138e-05 1.6652368685754485e-05 0.00010303948511136697 1.2248856819496725e-05 2.1594313466266617e-06
decision_type=2 2 2 2 2
left_child=1 2 3 4 -1
right_child=-2 -3 -4 -5 -6
leaf_value=-0.0033776247615261322 0.0035593606218719213 -0.0086985396820747768 0.0066087326493988437 -0.0086122468866054857 0.0070078759250457798
leaf_weight=21.479645655956119 16.274945646990091 9.425986841786651 12.995575211476533 12.010827620979397 16.651905697304755
leaf_count=390 301 189 375 213 359
internal_value=2.84161e-05 -0.000763519 0.000421116 -0.00118255 0.00115768
internal_weight=88.8389 72.5639 63.138 50.1424 38.1316
internal_count=1827 1526 1337 962 749
is_linear=0
shrinkage=0.03


Tree=273
num_leaves=7
num_cat=0
split_feature=1 0 0 5 7 4
split_gain=0.277969 0.664657 1.08941 0.95093 1.14202 0.822846
threshold=5.6779192163958221e-05 3.4922899430966943e-05 1.8392835045233372e-05 90.098037719726577 3.5000000000000004 146.50000000000003
decision_type=2 2 2 2 2 2
left_child=1 2 3 4 -1 -3
right_child=-2 5 -4 -5 -6 -7
leaf_value=0.0035279408274447414 -0.0041981388477974344 2.7107470273889661e-05 -0.0099414464588828584 0.006911967809320619 -0.008553804028798918 0.011526836575613233
leaf_weight=14.494872965849938 12.098976367153226 12.991345742717387 10.217690756544469 15.487649826798586 13.69343750644475 9.8427177369594556
leaf_count=282 238 339 182 367 240 179
internal_value=2.80542e-05 0.000694471 -0.001123 0.000940018 -0.00234118 0.00498411
internal_weight=88.8267 76.7277 53.8937 43.676 28.1883 22.8341
internal_count=1827 1589 1071 889 522 518
is_linear=0
shrinkage=0.03


Tree=274
num_leaves=7
num_cat=0
split_feature=4 0 2 0 0 6
split_gain=0.278387 0.748225 1.69763 1.26301 1.86492 0.859395
threshold=160.50000000000003 1.3737393601331862e-05 5.4152516895555898e-05 8.4083956608083113e-05 0.00038068402500357484 0.55000001192092907
decision_type=2 2 2 2 2 2
left_child=1 2 5 -3 -5 -1
right_child=-2 3 -4 4 -6 -7
leaf_value=-0.0033985236836148501 -0.0043881339179517396 0.0086614884730555428 -0.011532534221040305 -0.011759434859818313 0.0065787778400149127 0.0078399686184264187
leaf_weight=12.450514470692724 11.224338375031946 20.715448825620115 12.293489295057951 9.2804141836240905 10.798366330098359 12.051108685322106
leaf_count=232 194 389 254 133 387 238
internal_value=2.78359e-05 0.000666665 -0.00243533 0.00346456 -0.00189715 0.00212912
internal_weight=88.8137 77.5893 36.7951 40.7942 20.0788 24.5016
internal_count=1827 1633 724 909 520 470
is_linear=0
shrinkage=0.03


Tree=275
num_leaves=7
num_cat=0
split_feature=0 0 0 1 0 2
split_gain=0.275297 0.792551 1.65983 0.792794 0.981041 0.195659
threshold=3.5743387343245563e-06 1.3737393601331862e-05 2.9855276807211343e-05 3.5442761145532138e-05 0.00011050022658309901 5.6917504480225041e-05
decision_type=2 2 2 2 2 2
left_child=-1 5 -3 4 -4 -2
right_child=1 2 3 -5 -6 -7
leaf_value=0.0034020012708475753 -0.0081086383694694095 0.012123635231117161 -0.010551218165617887 0.0035303160686508701 0.0023022755871644355 -0.0025573591183274016
leaf_weight=17.479511824902147 11.719834866002204 10.204368236940352 12.851853457279505 16.254607962444425 9.1485539861023408 11.151184786111115
leaf_count=376 197 231 199 301 298 225
internal_value=2.78523e-05 -0.000798983 0.00137347 -0.00149409 -0.00520628 -0.00540201
internal_weight=88.8099 71.3304 48.4594 38.255 22.0004 22.871
internal_count=1827 1451 1029 798 497 422
is_linear=0
shrinkage=0.03


Tree=276
num_leaves=7
num_cat=0
split_feature=1 1 1 4 1 1
split_gain=0.276501 0.947522 0.733344 1.35787 1.01687 0.99326
threshold=3.1737812605570077e-05 1.3607432720164072e-05 6.7195956034993296e-06 121.50000000000001 1.850883847964724e-06 3.69986548776069e-06
decision_type=2 2 2 2 2 2
left_child=1 2 3 -1 -5 -6
right_child=-2 -3 -4 4 5 -7
leaf_value=-0.0084764079228060365 -0.0032841760438253277 0.009737414386380398 -0.0080678033136113089 -0.0016314374795394306 0.013909411131700914 0.0010773264583892228
leaf_weight=10.891587748192249 18.071621974464506 9.4103092211298627 9.6718806494027358 18.965559447184205 11.532668869942428 10.257520399522035
leaf_count=222 322 224 245 334 294 186
internal_value=2.76069e-05 0.000873778 -0.000486473 0.000933265 0.00344791 0.00786883
internal_weight=88.8011 70.7295 61.3192 51.6473 40.7557 21.7902
internal_count=1827 1505 1281 1036 814 480
is_linear=0
shrinkage=0.03


Tree=277
num_leaves=6
num_cat=0
split_feature=1 1 2 0 1
split_gain=0.270161 0.750006 0.652431 0.972513 1.08449
threshold=3.5442761145532138e-05 1.6652368685754485e-05 0.00010303948511136697 1.2248856819496725e-05 2.1594313466266617e-06
decision_type=2 2 2 2 2
left_child=1 2 3 4 -1
right_child=-2 -3 -4 -5 -6
leaf_value=-0.0032219338637570357 0.0035236435710609649 -0.0086465164378919847 0.0064384910876252076 -0.0085672475697432544 0.0069749379091718971
leaf_weight=21.554377200081944 16.25132833654061 9.4315281105227751 12.909594858530907 12.01506400015205 16.629591997712851
leaf_count=390 301 189 375 213 359
internal_value=2.7479e-05 -0.000755774 0.00042349 -0.00112338 0.00121893
internal_weight=88.7915 72.5402 63.1086 50.199 38.184
internal_count=1827 1526 1337 962 749
is_linear=0
shrinkage=0.03


Tree=278
num_leaves=7
num_cat=0
split_feature=0 0 0 1 0 2
split_gain=0.27844 0.781987 1.61452 0.747856 0.890974 0.179253
threshold=3.5743387343245563e-06 1.3737393601331862e-05 2.9855276807211343e-05 3.5442761145532138e-05 0.00011050022658309901 5.6917504480225041e-05
decision_type=2 2 2 2 2 2
left_child=-1 5 -3 4 -4 -2
right_child=1 2 3 -5 -6 -7
leaf_value=0.0034199584264913282 -0.0079582303315043415 0.011994829998368822 -0.01010998300663473 0.0034279784993638614 0.002136424232104701 -0.0026456565622712722
leaf_weight=17.482699224259704 11.755481659434738 10.145957689732311 12.965352715924384 16.204434667248279 9.0991193004883808 11.126160972751675
leaf_count=376 197 231 199 301 298 225
internal_value=2.7133e-05 -0.000804826 0.00135511 -0.00146572 -0.00505971 -0.005375
internal_weight=88.7792 71.2965 48.4149 38.2689 22.0645 22.8816
internal_count=1827 1451 1029 798 497 422
is_linear=0
shrinkage=0.03


Tree=279
num_leaves=7
num_cat=0
split_feature=1 0 0 5 7 4
split_gain=0.287075 0.650027 1.11941 0.896317 1.18151 0.782671
threshold=5.6779192163958221e-05 3.4922899430966943e-05 1.8392835045233372e-05 83.527133941650405 4.5000000000000009 146.50000000000003
decision_type=2 2 2 2 2 2
left_child=1 2 3 -1 -5 -3
right_child=-2 5 -4 4 -6 -7
leaf_value=-0.0046590009961569815 -0.0042732920032402992 0.00013510553036142172 -0.010050959336362998 -0.0013785752119924589 0.011063873161031511 0.011368066080782016
leaf_weight=16.003630617633462 12.072091661393641 13.021411292254927 10.18167226295918 15.162775991950186 12.556629915721713 9.7720525600016099
leaf_count=287 238 339 182 348 254 179
internal_value=2.68836e-05 0.00070372 -0.0010922 0.000994007 0.00425774 0.00495092
internal_weight=88.7703 76.6982 53.9047 43.723 27.7194 22.7935
internal_count=1827 1589 1071 889 602 518
is_linear=0
shrinkage=0.03


Tree=280
num_leaves=7
num_cat=0
split_feature=4 6 4 7 4 4
split_gain=0.286528 0.701755 1.78071 2.41955 1.31528 0.801982
threshold=160.50000000000003 0.22500000149011615 140.50000000000003 4.5000000000000009 119.50000000000001 133.50000000000003
decision_type=2 2 2 2 2 2
left_child=1 -1 4 -4 -3 -6
right_child=-2 2 3 -5 5 -7
leaf_value=-0.0048402289298299893 -0.0044584364371482834 0.006335197677381812 0.020014771488156145 0.00081101290824650205 -0.010758126354785314 6.3405635104648404e-05
leaf_weight=16.381406304426491 11.201440405100582 11.481367547530679 9.7298666578717548 15.020105147734283 13.828076372388752 11.120002217125146
leaf_count=261 194 286 248 305 295 238
internal_value=2.66949e-05 0.000674444 0.00215105 0.00836052 -0.00206762 -0.00593469
internal_weight=88.7623 77.5608 61.1794 24.75 36.4294 24.9481
internal_count=1827 1633 1372 553 819 533
is_linear=0
shrinkage=0.03


Tree=281
num_leaves=6
num_cat=0
split_feature=4 4 9 2 2
split_gain=0.301235 1.03666 2.08332 0.853483 2.01255
threshold=137.50000000000003 145.50000000000003 2.5000000000000004 0.00026628970226738607 5.6003867939580239e-05
decision_type=2 2 2 2 2
left_child=3 -2 -3 4 -1
right_child=1 2 -4 -5 -6
leaf_value=-0.0022901193840455312 -0.0077264317199356907 -0.0049164454082496608 0.010498855522249946 -0.0055338422235474702 0.013436605392778141
leaf_weight=16.920446327887479 16.309346311260015 18.818308892659843 13.587355432566254 10.205954291857777 12.911803804803638
leaf_count=272 350 308 312 258 327
internal_value=2.68415e-05 -0.00155764 0.00154703 0.0019547 0.00451662
internal_weight=88.7532 48.715 32.4057 40.0382 29.8323
internal_count=1827 970 620 857 599
is_linear=0
shrinkage=0.03


Tree=282
num_leaves=6
num_cat=0
split_feature=4 4 9 7 7
split_gain=0.283591 0.969069 1.97255 0.86206 0.69521
threshold=137.50000000000003 145.50000000000003 2.5000000000000004 8.5000000000000018 1.5000000000000002
decision_type=2 2 2 2 2
left_child=3 -2 -3 4 -1
right_child=1 2 -4 -5 -6
leaf_value=0.00067478110509649049 -0.0074453421327021398 -0.0047497873779869405 0.010276698249005718 -0.0056192838534800497 0.010005796342677941
leaf_weight=17.612577133812014 16.415678551420569 18.893076252192259 13.466502956114708 10.214234550949184 12.139225503429769
leaf_count=318 350 308 312 247 292
internal_value=2.68569e-05 -0.00150829 0.00150351 0.00190038 0.00448199
internal_weight=88.7413 48.7753 32.3596 39.966 29.7518
internal_count=1827 970 620 857 610
is_linear=0
shrinkage=0.03


Tree=283
num_leaves=7
num_cat=0
split_feature=4 0 2 0 4 6
split_gain=0.291901 0.685586 1.68045 1.23806 1.99525 0.785877
threshold=160.50000000000003 1.3737393601331862e-05 5.4152516895555898e-05 8.4083956608083113e-05 129.50000000000003 0.55000001192092907
decision_type=2 2 2 2 2 2
left_child=1 2 5 -3 -5 -1
right_child=-2 3 -4 4 -6 -7
leaf_value=-0.002981568835496537 -0.0045041178598990254 0.0085371287624168152 -0.011306496102066578 -0.013915729200915661 0.00554240836375775 0.0077511444150919154
leaf_weight=12.576419643126428 11.18457564525306 20.583238177001476 12.349930918775497 7.7049178085289922 12.336968456394969 11.997758858837187
leaf_count=232 194 389 254 183 337 238
internal_value=2.667e-05 0.000680125 -0.00227861 0.00336931 -0.00193809 0.00225842
internal_weight=88.7338 77.5492 36.9241 40.6251 20.0419 24.5742
internal_count=1827 1633 724 909 520 470
is_linear=0
shrinkage=0.03


Tree=284
num_leaves=6
num_cat=0
split_feature=4 4 9 7 7
split_gain=0.274265 0.918765 1.87637 0.811491 0.650573
threshold=137.50000000000003 145.50000000000003 2.5000000000000004 8.5000000000000018 1.5000000000000002
decision_type=2 2 2 2 2
left_child=3 -2 -3 4 -1
right_child=1 2 -4 -5 -6
leaf_value=0.00071821020031689799 -0.0072430126444163493 -0.0046094018480997969 0.010070880450484748 -0.005396867943709885 0.0097678523524835133
leaf_weight=17.633013105019931 16.493850583676249 18.956763921305537 13.357363932766019 10.270829078275709 12.025285546667872
leaf_count=318 350 308 312 247 292
internal_value=2.67196e-05 -0.00148181 0.00145884 0.00187069 0.00438749
internal_weight=88.7371 48.808 32.3141 39.9291 29.6583
internal_count=1827 970 620 857 610
is_linear=0
shrinkage=0.03


Tree=285
num_leaves=7
num_cat=0
split_feature=4 6 4 7 4 4
split_gain=0.284885 0.651447 1.75202 2.31957 1.24308 0.799143
threshold=160.50000000000003 0.22500000149011615 140.50000000000003 4.5000000000000009 119.50000000000001 133.50000000000003
decision_type=2 2 2 2 2 2
left_child=1 -1 4 -4 -3 -6
right_child=-2 2 3 -5 5 -7
leaf_value=-0.0046230311873610361 -0.0044464001661183548 0.0061306126681262771 0.019810239135809694 0.00093542308465817577 -0.010631943612313106 0.00015703336914032556
leaf_weight=16.466750619933009 11.198066195473073 11.396711050067095 9.588496707845481 15.068845887202768 13.86352859484032 11.146882673259823
leaf_count=261 194 286 248 305 295 238
internal_value=2.6505e-05 0.00067254 0.00210055 0.00827527 -0.00208138 -0.00582341
internal_weight=88.7293 77.5312 61.0645 24.6573 36.4071 25.0104
internal_count=1827 1633 1372 553 819 533
is_linear=0
shrinkage=0.03


Tree=286
num_leaves=7
num_cat=0
split_feature=4 2 2 6 4 1
split_gain=0.284369 0.885327 1.6473 0.932969 0.817455 1.55172
threshold=137.50000000000003 5.6003867939580239e-05 9.5232720923377215e-05 0.77500000596046459 121.50000000000001 4.3032641769968913e-06
decision_type=2 2 2 2 2 2
left_child=4 -2 -3 -4 -1 -6
right_child=1 2 3 -5 5 -7
leaf_value=-0.0029379894540758457 0.0057920156463844765 -0.012037417721417264 -0.0039905092747519562 0.0080966688969143913 0.013687693821376853 -0.0021123271099291129
leaf_weight=17.582911076489836 11.435683048795907 13.673522382974623 13.798871879000217 9.8496251129545271 11.07382671441883 11.305512217804788
leaf_count=382 274 204 255 237 217 258
internal_value=2.66252e-05 -0.00151101 -0.00374871 0.00104381 0.00190269 0.0057059
internal_weight=88.72 48.7577 37.322 23.6485 39.9623 22.3793
internal_count=1827 970 696 492 857 475
is_linear=0
shrinkage=0.03


Tree=287
num_leaves=6
num_cat=0
split_feature=1 1 2 0 1
split_gain=0.271827 0.683985 0.603292 0.933212 1.12188
threshold=3.5442761145532138e-05 1.6652368685754485e-05 0.00010303948511136697 1.2248856819496725e-05 2.1594313466266617e-06
decision_type=2 2 2 2 2
left_child=1 2 3 4 -1
right_child=-2 -3 -4 -5 -6
leaf_value=-0.0033429144199875471 0.0035335831567409777 -0.0082607244693971779 0.0061881173015554108 -0.0083909487648334627 0.0070338862588527071
leaf_weight=21.467862706165761 16.247956764418632 9.505743046756832 12.79283418599516 12.041125905234365 16.649137148633599
leaf_count=390 301 189 375 213 359
internal_value=2.65959e-05 -0.000759824 0.00037283 -0.00111036 0.00118957
internal_weight=88.7047 72.4567 62.951 50.1581 38.117
internal_count=1827 1526 1337 962 749
is_linear=0
shrinkage=0.03


Tree=288
num_leaves=6
num_cat=0
split_feature=4 4 9 4 1
split_gain=0.26638 0.86948 1.79877 0.779092 1.48736
threshold=137.50000000000003 145.50000000000003 2.5000000000000004 121.50000000000001 4.3032641769968913e-06
decision_type=2 2 2 2 2
left_child=3 -2 -3 -1 -5
right_child=1 2 -4 4 -6
leaf_value=-0.0028707986182898489 -0.007047698363520114 -0.0045090205084092824 0.0098924419720096395 0.013453812037595055 -0.0020517417586307946
leaf_weight=17.610392956528813 16.559604717884213 18.993263530544937 13.251486503519116 10.954201129730793 11.32315461616963
leaf_count=382 350 308 312 217 258
internal_value=2.62608e-05 -0.00146009 0.00140949 0.00184487 0.00557264
internal_weight=88.6921 48.8044 32.2448 39.8877 22.2774
internal_count=1827 970 620 857 475
is_linear=0
shrinkage=0.03


Tree=289
num_leaves=7
num_cat=0
split_feature=4 0 2 0 4 6
split_gain=0.273463 0.705893 1.49063 1.22598 1.83255 0.731639
threshold=160.50000000000003 1.3737393601331862e-05 5.4152516895555898e-05 8.4083956608083113e-05 129.50000000000003 0.55000001192092907
decision_type=2 2 2 2 2 2
left_child=1 2 5 -3 -5 -1
right_child=-2 3 -4 4 -6 -7
leaf_value=-0.0030719219759229662 -0.0043508313946158533 0.0085351557070430725 -0.010774456589068688 -0.013248086264238063 0.0053486058842902202 0.0073323039546599588
leaf_weight=12.542717769742012 11.221265390515326 20.562123891431838 12.487032687291501 7.8075705855153528 12.253925892058758 11.811344723682851
leaf_count=232 194 389 254 183 337 238
internal_value=2.61403e-05 0.000660173 -0.00234702 0.00338736 -0.00188889 0.00197397
internal_weight=88.686 77.4647 36.8411 40.6236 20.0615 24.3541
internal_count=1827 1633 724 909 520 470
is_linear=0
shrinkage=0.03


Tree=290
num_leaves=7
num_cat=0
split_feature=1 0 0 0 6 2
split_gain=0.272762 0.659276 1.5945 0.866355 0.782361 2.35673
threshold=3.5442761145532138e-05 2.9855276807211343e-05 1.3737393601331862e-05 0.00011050022658309901 0.77500000596046459 4.9515485443407676e-05
decision_type=2 2 2 2 2 2
left_child=1 2 4 -3 5 -1
right_child=-2 3 -4 -5 -6 -7
leaf_value=-0.0068797633018142955 0.0035392280961302272 -0.010066551401175905 0.011824942924541185 0.0020231269194416362 -0.006241570271715363 0.012541181545311192
leaf_weight=12.065795789007099 16.246931389439851 12.963058723136784 10.04615235282108 9.0653526801615936 17.768688658252358 10.532487711869178
leaf_count=218 301 199 231 298 362 218
internal_value=2.61515e-05 -0.000761749 0.00113008 -0.00509129 -0.00153156 0.00217185
internal_weight=88.6885 72.4415 50.4131 22.0284 40.367 22.5983
internal_count=1827 1526 1029 497 798 436
is_linear=0
shrinkage=0.03


Tree=291
num_leaves=7
num_cat=0
split_feature=4 2 2 6 7 7
split_gain=0.263886 0.867961 1.51673 0.889616 0.775573 0.604187
threshold=137.50000000000003 5.6003867939580239e-05 9.5232720923377215e-05 0.77500000596046459 8.5000000000000018 1.5000000000000002
decision_type=2 2 2 2 2 2
left_child=4 -2 -3 -4 5 -1
right_child=1 2 3 -5 -6 -7
leaf_value=0.00078523070124199388 0.005781510805287369 -0.011564847891162435 -0.003943270156923178 0.0078857112327651198 -0.005249145441597174 0.0095296864929687759
leaf_weight=17.653996985405687 11.430520862340925 13.798923435620962 13.810730029828846 9.7698589419014752 10.307392979506401 11.907994794659315
leaf_count=318 274 204 255 237 247 292
internal_value=2.61954e-05 -0.00145286 -0.0036651 0.000957688 0.00183692 0.00430762
internal_weight=88.6794 48.81 37.3795 23.5806 39.8694 29.562
internal_count=1827 970 696 492 857 610
is_linear=0
shrinkage=0.03


Tree=292
num_leaves=7
num_cat=0
split_feature=1 1 1 4 1 1
split_gain=0.26717 0.971083 0.66738 1.26237 1.05268 0.968297
threshold=3.1737812605570077e-05 1.3607432720164072e-05 6.7195956034993296e-06 121.50000000000001 1.850883847964724e-06 3.9998717511480217e-06
decision_type=2 2 2 2 2 2
left_child=1 2 3 -1 -5 -6
right_child=-2 -3 -4 4 5 -7
leaf_value=-0.0081958117345695743 -0.0032281044159900864 0.0098219130339043878 -0.0077237681014530584 -0.0019060266860944158 0.013166489841801165 0.00030593820525068831
leaf_weight=10.948461635969577 18.077225057408214 9.427189555950461 9.7371911397203785 18.80850018048659 12.614653826691212 9.0485631260089558
leaf_count=222 322 224 245 334 317 163
internal_value=2.60319e-05 0.00085944 -0.000522093 0.000841654 0.00328648 0.00779473
internal_weight=88.6618 70.5846 61.1574 51.4202 40.4717 21.6632
internal_count=1827 1505 1281 1036 814 480
is_linear=0
shrinkage=0.03


Tree=293
num_leaves=6
num_cat=0
split_feature=4 4 9 2 2
split_gain=0.264169 0.831872 1.72544 0.736622 1.99865
threshold=137.50000000000003 145.50000000000003 2.5000000000000004 0.00026628970226738607 5.6003867939580239e-05
decision_type=2 2 2 2 2
left_child=3 -2 -3 4 -1
right_child=1 2 -4 -5 -6
leaf_value=-0.0025548644855391198 -0.006907366364498276 -0.0044147524596749544 0.0097160659476791741 -0.0050630841741664883 0.013197905716427209
leaf_weight=16.785959862172607 16.607587073463947 19.030935988761485 13.150988204870371 10.318131727166472 12.758238261099903
leaf_count=272 350 308 312 258 327
internal_value=2.59319e-05 -0.00145432 0.00135974 0.00183769 0.00424774
internal_weight=88.6518 48.7895 32.1819 39.8623 29.5442
internal_count=1827 970 620 857 599
is_linear=0
shrinkage=0.03


Tree=294
num_leaves=7
num_cat=0
split_feature=1 1 1 1 6 0
split_gain=0.273871 0.667213 0.61359 1.33447 1.0943 0.966062
threshold=3.5442761145532138e-05 1.6652368685754485e-05 4.9520333504915479e-06 3.0451734573944127e-06 0.55000001192092907 2.588503411971033e-05
decision_type=2 2 2 2 2 2
left_child=1 2 3 4 -1 -4
right_child=-2 -3 5 -5 -6 -7
leaf_value=-0.0034644647127932446 0.00354543024758237 -0.0081659904362071309 0.012013760210821515 -0.010180218465908946 0.0074055630053451336 -0.0020584762457067905
leaf_weight=18.027600561734289 16.250263309106231 9.5192597466520947 8.9566790168173629 11.769406135194002 15.503229985944925 8.6123569142073375
leaf_count=337 301 189 217 217 349 217
internal_value=2.58813e-05 -0.000764211 0.000356519 -0.0014892 0.00156137 0.00511554
internal_weight=88.6388 72.3885 62.8693 45.3002 33.5308 17.569
internal_count=1827 1526 1337 903 686 434
is_linear=0
shrinkage=0.03


Tree=295
num_leaves=7
num_cat=0
split_feature=4 0 2 0 0 6
split_gain=0.270327 0.646957 1.44462 1.16793 1.75817 0.657422
threshold=160.50000000000003 1.3737393601331862e-05 5.4152516895555898e-05 8.4083956608083113e-05 0.00038068402500357484 0.55000001192092907
decision_type=2 2 2 2 2 2
left_child=1 2 5 -3 -5 -1
right_child=-2 3 -4 4 -6 -7
leaf_value=-0.0026984745681316461 -0.0043254020363122933 0.0083360941433972911 -0.010478399521822552 -0.011373378689054851 0.0064265679110284907 0.007159274439981855
leaf_weight=12.656558556947857 11.223361919634042 20.383198022376746 12.561897369101642 9.3432077048346418 10.729369656182824 11.733547370880842
leaf_count=232 194 389 254 133 387 238
internal_value=2.57426e-05 0.000656615 -0.0022131 0.00327779 -0.0018588 0.00204387
internal_weight=88.6311 77.4078 36.952 40.4558 20.0726 24.3901
internal_count=1827 1633 724 909 520 470
is_linear=0
shrinkage=0.03


Tree=296
num_leaves=8
num_cat=0
split_feature=1 1 1 4 4 2 0
split_gain=0.262001 0.630973 0.576695 1.29882 1.16039 1.20493 0.942547
threshold=3.5442761145532138e-05 1.6652368685754485e-05 4.9520333504915479e-06 123.50000000000001 137.50000000000003 5.6003867939580239e-05 2.588503411971033e-05
decision_type=2 2 2 2 2 2 2
left_child=1 2 3 -1 -5 -6 -4
right_child=-2 -3 6 4 5 -7 -8
leaf_value=-0.010374099746651867 0.0034735850121476223 -0.0079215928219919674 0.0118298718046822 0.0097647504580358688 0.005003156053756324 -0.0085235716997422509 -0.0021020652526080354
leaf_weight=11.06589720956981 16.208051210734993 9.5712427175603789 8.8830313892103749 10.480124116409568 11.107375861145558 12.707195590715854 8.6031098850071412
leaf_count=210 301 189 217 207 270 216 217
internal_value=2.57227e-05 -0.000745952 0.000346862 -0.00143741 0.0014462 -0.00221456 0.00497542
internal_weight=88.626 72.418 62.8467 45.3606 34.2947 23.8146 17.4861
internal_count=1827 1526 1337 903 693 486 434
is_linear=0
shrinkage=0.03


Tree=297
num_leaves=7
num_cat=0
split_feature=1 1 1 4 1 7
split_gain=0.260682 0.972185 0.684303 1.12599 1.05156 1.12807
threshold=3.1737812605570077e-05 1.3607432720164072e-05 6.7195956034993296e-06 121.50000000000001 1.850883847964724e-06 2.5000000000000004
decision_type=2 2 2 2 2 2
left_child=1 2 3 -1 -5 -6
right_child=-2 -3 -4 4 5 -7
leaf_value=-0.0076191928286868642 -0.0031873897800284733 0.0098200302313806963 -0.0078386129820164907 -0.0020213357529451524 -0.00045719794920725626 0.013470306208932864
leaf_weight=11.089571045245973 18.086509607732296 9.4211649852804822 9.7069706949405354 18.746305360924453 8.9436866329051572 12.618631489109246
leaf_count=222 322 224 245 334 200 280
internal_value=2.57279e-05 0.000849733 -0.000533303 0.000846365 0.00317538 0.00769341
internal_weight=88.6128 70.5263 61.1052 51.3982 40.3086 21.5623
internal_count=1827 1505 1281 1036 814 480
is_linear=0
shrinkage=0.03


Tree=298
num_leaves=6
num_cat=0
split_feature=1 1 2 0 1
split_gain=0.260773 0.62734 0.586396 0.982682 1.08848
threshold=3.5442761145532138e-05 1.6652368685754485e-05 0.00010303948511136697 1.2248856819496725e-05 2.1594313466266617e-06
decision_type=2 2 2 2 2
left_child=1 2 3 4 -1
right_child=-2 -3 -4 -5 -6
leaf_value=-0.0032169610385125069 0.0034658123974011966 -0.0078979628192634658 0.0060934065667025486 -0.008619564552152785 0.0070048177702399439
leaf_weight=21.51614953763783 16.204254653770477 9.5739835537970048 12.736916609108446 11.957292283419518 16.616773918736726
leaf_count=390 301 189 375 213 359
internal_value=2.56345e-05 -0.000744319 0.000345797 -0.0011157 0.00123727
internal_weight=88.6054 72.4011 62.8271 50.0902 38.1329
internal_count=1827 1526 1337 962 749
is_linear=0
shrinkage=0.03


Tree=299
num_leaves=8
num_cat=0
split_feature=2 6 0 7 5 1 0
split_gain=0.261309 1.0956 3.37271 1.97034 1.78293 1.36531 0.140505
threshold=3.9580138036399155e-05 0.6904762089252473 5.9947954014205615e-06 4.5000000000000009 93.957649230957045 1.0834789009095404e-05 5.5006863476592123e-05
decision_type=2 2 2 2 2 2 2
left_child=-1 4 -3 -4 -2 -6 -5
right_child=1 2 3 6 5 -7 -8
leaf_value=0.0044471887016757673 0.01042000925406822 -0.020406150896627881 0.013385134497511358 -0.0076202070825803735 -0.0090826122905291479 0.0040290968310005169 -0.0020127645869543781
leaf_weight=10.590016928967087 16.230970978736877 8.9852762133814377 7.9238538276404169 8.2576924115419406 13.261268559843304 15.503558741882442 7.8397816489450625
leaf_count=200 352 172 211 178 220 266 228
internal_value=2.53186e-05 -0.000575018 -0.00472627 0.00113886 0.00247013 -0.00201571 -0.00488927
internal_weight=88.5924 78.0024 33.0066 24.0213 44.9958 28.7648 16.0975
internal_count=1827 1627 789 617 838 486 406
is_linear=0
shrinkage=0.03


Tree=300
num_leaves=7
num_cat=0
split_feature=1 1 0 5 2 0
split_gain=0.275222 0.797739 0.926627 0.856872 2.25061 1.75185
threshold=3.1737812605570077e-05 1.2567886187753176e-05 2.5412047762074511e-05 83.527133941650405 6.2684084696229561e-05 4.2120864236494535e-06
decision_type=2 2 2 2 2 2
left_child=1 2 3 -1 5 -5
right_child=-2 -3 -4 4 -6 -7
leaf_value=-0.0039463710316077257 -0.0032805606278252407 0.0086297022529813402 -0.0072234152448746002 0.0075137814362035964 0.015586446805375973 -0.010543403385948769
leaf_weight=16.285618641413748 18.042762652039528 10.203125601634381 13.938585601281373 9.6604232951067441 10.770359114278106 9.6815102854743582
leaf_count=294 322 245 319 240 242 165
internal_value=2.58307e-05 0.000871546 -0.000440387 0.00159733 0.00459553 -0.00152465
internal_weight=88.5824 70.5396 60.3365 46.3979 30.1123 19.3419
internal_count=1827 1505 1260 941 647 405
is_linear=0
shrinkage=0.03


Tree=301
num_leaves=7
num_cat=0
split_feature=1 0 0 5 7 4
split_gain=0.26189 0.621572 1.11743 0.857391 1.07539 0.728625
threshold=5.6779192163958221e-05 3.4922899430966943e-05 1.8392835045233372e-05 90.098037719726577 3.5000000000000004 146.50000000000003
decision_type=2 2 2 2 2 2
left_child=1 2 3 4 -1 -3
right_child=-2 5 -4 -5 -6 -7
leaf_value=0.0036142783636087476 -0.0040716435657891237 0.0002184215086957021 -0.010056610753196499 0.0067165004638493862 -0.0080834389777112159 0.011096515468679105
leaf_weight=14.499400475062432 12.117390135303138 13.041551576927306 10.131955697201191 15.331258870195596 13.809465991333125 9.6364303398877365
leaf_count=282 238 339 182 367 240 179
internal_value=2.59444e-05 0.000675415 -0.0010813 0.0010025 -0.00209203 0.00484079
internal_weight=88.5675 76.4501 53.7721 43.6401 28.3089 22.678
internal_count=1827 1589 1071 889 522 518
is_linear=0
shrinkage=0.03


Tree=302
num_leaves=7
num_cat=0
split_feature=4 0 2 0 4 6
split_gain=0.26989 0.630776 1.44806 1.1538 1.69172 0.680571
threshold=160.50000000000003 1.3737393601331862e-05 5.4152516895555898e-05 8.4083956608083113e-05 129.50000000000003 0.55000001192092907
decision_type=2 2 2 2 2 2
left_child=1 2 5 -3 -5 -1
right_child=-2 3 -4 4 -6 -7
leaf_value=-0.0027491738326271779 -0.0043232528401783207 0.008289667965841482 -0.010448099794137349 -0.012665701090518938 0.0051654496042493466 0.0072780645718768383
leaf_weight=12.632098959758878 11.215901037678121 20.309537518303841 12.567467568442224 7.8975166659802225 12.16471537016332 11.766258388757706
leaf_count=232 194 389 254 183 337 238
internal_value=2.57515e-05 0.000656467 -0.00217494 0.003249 -0.0018538 0.00208652
internal_weight=88.5535 77.3376 36.9658 40.3718 20.0622 24.3984
internal_count=1827 1633 724 909 520 470
is_linear=0
shrinkage=0.03


Tree=303
num_leaves=7
num_cat=0
split_feature=4 2 2 6 7 7
split_gain=0.26277 0.800642 1.3503 0.833749 0.728269 0.561662
threshold=137.50000000000003 5.6003867939580239e-05 9.5232720923377215e-05 0.77500000596046459 8.5000000000000018 1.5000000000000002
decision_type=2 2 2 2 2 2
left_child=4 -2 -3 -4 5 -1
right_child=1 2 3 -5 -6 -7
leaf_value=0.00085529606679012526 0.0055375137628072895 -0.010959291170095836 -0.0039014577652330927 0.0075897005101887311 -0.0050093538913864302 0.0093096733571375063
leaf_weight=17.66896817274392 11.324684208724646 13.947657781653104 13.809597614221275 9.6561363977380097 10.35634763073176 11.792110828217117
leaf_count=318 274 204 255 237 247 292
internal_value=2.57247e-05 -0.00145135 -0.00356682 0.000827147 0.00183373 0.00423925
internal_weight=88.5555 48.7381 37.4134 23.4657 39.8174 29.4611
internal_count=1827 970 696 492 857 610
is_linear=0
shrinkage=0.03


Tree=304
num_leaves=7
num_cat=0
split_feature=1 4 4 5 5 7
split_gain=0.254333 0.791331 0.853838 2.02836 1.39851 1.74079
threshold=3.1737812605570077e-05 156.50000000000003 137.50000000000003 92.450141906738295 82.202114105224624 4.5000000000000009
decision_type=2 2 2 2 2 2
left_child=1 2 4 -4 -1 -6
right_child=-2 -3 3 -5 5 -7
leaf_value=-0.0071830743931275698 -0.0031463210596914251 0.008212490353329216 0.0049283442237103899 -0.011367913085453436 0.00038389862258024097 0.017635499634885626
leaf_weight=8.9154556719586271 18.10058679478243 11.049423210322855 12.090851840563118 15.931801135186106 14.020454245153816 8.4289352414198202
leaf_count=154 322 220 271 301 316 243
internal_value=2.55271e-05 0.000840615 -0.000530969 -0.00433661 0.00286915 0.00686125
internal_weight=88.5375 70.4369 59.3875 28.0227 31.3648 22.4494
internal_count=1827 1505 1285 572 713 559
is_linear=0
shrinkage=0.03


Tree=305
num_leaves=7
num_cat=0
split_feature=4 0 0 0 0 0
split_gain=0.264992 0.616249 1.3531 1.1148 1.64611 0.940921
threshold=160.50000000000003 1.3737393601331862e-05 4.8726924433140093e-06 8.4083956608083113e-05 0.00038068402500357484 2.4114170855682464e-06
decision_type=2 2 2 2 2 2
left_child=1 2 5 -3 -5 -1
right_child=-2 3 -4 4 -6 -7
leaf_value=-0.0032455430090457564 -0.0042815814873717007 0.0081908790092159647 -0.0090564983853001022 -0.010925375124025126 0.0062822496636705484 0.0092146618554666392
leaf_weight=11.588789837900551 11.224888816475866 20.216214935760945 15.091854020953177 9.4218826014548558 10.668817220721392 10.304115585051475
leaf_count=216 194 389 282 133 387 226
internal_value=2.56736e-05 0.000651206 -0.00214527 0.00321719 -0.00178756 0.00261898
internal_weight=88.5166 77.2917 36.9848 40.3069 20.0907 21.8929
internal_count=1827 1633 724 909 520 442
is_linear=0
shrinkage=0.03


Tree=306
num_leaves=8
num_cat=0
split_feature=1 1 1 4 4 4 0
split_gain=0.267429 0.674328 0.5339 1.39482 1.02608 1.17735 0.911106
threshold=3.5442761145532138e-05 1.6652368685754485e-05 4.9520333504915479e-06 121.50000000000001 137.50000000000003 149.50000000000003 2.588503411971033e-05
decision_type=2 2 2 2 2 2 2
left_child=1 2 3 -1 -5 -6 -4
right_child=-2 -3 6 4 5 -7 -8
leaf_value=-0.011135560514712732 0.0035077385367369772 -0.0082038204270041375 0.011629779676496589 0.0088936275460511673 -0.0077044523324444024 0.005800350764280148 -0.0021086768133398845
leaf_weight=10.156147774308918 16.214096237439662 9.5012684636749309 8.7948088990524429 11.383855145890264 13.880763520486655 9.9923838316462916 8.5855428744107467
leaf_count=186 301 189 217 231 277 209 217
internal_value=2.56549e-05 -0.000755298 0.000371736 -0.00133959 0.00148224 -0.00205186 0.00484326
internal_weight=88.5089 72.2948 62.7935 45.4132 35.257 23.8731 17.3804
internal_count=1827 1526 1337 903 717 486 434
is_linear=0
shrinkage=0.03


Tree=307
num_leaves=7
num_cat=0
split_feature=4 0 0 0 4 0
split_gain=0.257324 0.579638 1.29694 1.06001 1.59518 0.893
threshold=160.50000000000003 1.3737393601331862e-05 4.8726924433140093e-06 8.4083956608083113e-05 129.50000000000003 2.4114170855682464e-06
decision_type=2 2 2 2 2 2
left_child=1 2 5 -3 -5 -1
right_child=-2 3 -4 4 -6 -7
leaf_value=-0.0030763949606785268 -0.0042150054041141397 0.0080124038449494971 -0.0088024376151175521 -0.012152091964775794 0.0051186104951700872 0.0090692829277561962
leaf_weight=11.635988107416781 11.242295217700301 20.086589453741908 15.177145067602394 7.9765078192576793 12.136674349196253 10.24510502303019
leaf_count=216 194 389 282 183 337 226
internal_value=2.56516e-05 0.000642736 -0.0020637 0.00313767 -0.00173062 0.00261042
internal_weight=88.5003 77.258 37.0582 40.1998 20.1132 21.8811
internal_count=1827 1633 724 909 520 442
is_linear=0
shrinkage=0.03


Tree=308
num_leaves=7
num_cat=0
split_feature=1 0 0 0 6 2
split_gain=0.258568 0.648891 1.3786 0.872611 0.764903 2.27956
threshold=3.5442761145532138e-05 2.9855276807211343e-05 1.3737393601331862e-05 0.00011050022658309901 0.77500000596046459 4.9515485443407676e-05
decision_type=2 2 2 2 2 2
left_child=1 2 4 -3 5 -1
right_child=-2 3 -4 -5 -6 -7
leaf_value=-0.0064920146799831669 0.0034533436183314032 -0.010042515033148408 0.011259920006878667 0.0020942103571904582 -0.0059408084889815607 0.012578194189271575
leaf_weight=12.155497116968037 16.184161815326661 12.931743952445688 9.76051087817177 9.0718850488774461 17.868256242014468 10.526806249283252
leaf_count=218 301 199 231 298 362 218
internal_value=2.56038e-05 -0.000741531 0.00113783 -0.00503866 -0.00129856 0.00235843
internal_weight=88.4989 72.3147 50.3111 22.0036 40.5506 22.6823
internal_count=1827 1526 1029 497 798 436
is_linear=0
shrinkage=0.03


Tree=309
num_leaves=7
num_cat=0
split_feature=0 0 4 4 5 1
split_gain=0.266102 0.70175 0.659236 1.55728 1.25785 0.74373
threshold=3.5743387343245563e-06 5.9947954014205615e-06 120.50000000000001 133.50000000000003 98.211532592773452 9.395169854542475e-06
decision_type=2 2 2 2 2 2
left_child=-1 -2 -3 -4 -5 -6
right_child=1 2 3 4 5 -7
leaf_value=0.0033536239169649428 -0.0080468199001077316 0.007612060355223901 -0.010926654269549503 0.010559624741154469 -0.0073455440131705105 0.0024326202070528834
leaf_weight=17.37706490745768 10.256600774824618 9.6871325732208771 10.995203189086167 10.818345402367411 11.52777259796858 17.826824305579066
leaf_count=376 177 255 244 236 182 357
internal_value=2.5621e-05 -0.000787618 0.000435855 -0.000922742 0.0018153 -0.00140734
internal_weight=88.4889 71.1119 60.8553 51.1681 40.1729 29.3546
internal_count=1827 1451 1274 1019 775 539
is_linear=0
shrinkage=0.03


Tree=310
num_leaves=7
num_cat=0
split_feature=1 4 4 5 5 7
split_gain=0.259661 0.745159 0.827134 1.93665 1.29672 1.66226
threshold=3.1737812605570077e-05 156.50000000000003 137.50000000000003 92.450141906738295 82.202114105224624 4.5000000000000009
decision_type=2 2 2 2 2 2
left_child=1 2 4 -4 -1 -6
right_child=-2 -3 3 -5 5 -7
leaf_value=-0.0067412427291876813 -0.0031824491575334689 0.0080309982381032187 0.0048661956676163609 -0.011046337292408026 0.00045539070666024965 0.017391204997381466
leaf_weight=8.9989787973463553 18.070695141796023 10.97467659274116 12.061686464585366 16.034374626353383 14.040527762379499 8.29878246411681
leaf_count=154 322 220 271 301 316 243
internal_value=2.55133e-05 0.000848847 -0.000477352 -0.00421506 0.00287366 0.00674684
internal_weight=88.4797 70.409 59.4344 28.0961 31.3383 22.3393
internal_count=1827 1505 1285 572 713 559
is_linear=0
shrinkage=0.03


Tree=311
num_leaves=7
num_cat=0
split_feature=4 0 0 5 0 7
split_gain=0.271285 0.565568 1.43283 1.24934 1.23158 1.10906
threshold=160.50000000000003 3.4922899430966943e-05 9.1063378931721686e-05 92.450141906738295 0.00038068402500357484 3.5000000000000004
decision_type=2 2 2 2 2 2
left_child=1 3 -3 5 -4 -1
right_child=-2 2 4 -5 -6 -7
leaf_value=0.0083522350330555075 -0.0043364170679366333 0.013683262110993143 -0.0092581251155252706 -0.0072747357774621676 0.0061146880981942072 -0.0032229979413119498
leaf_weight=14.85558453993872 11.206275907345114 9.2993555041030067 8.4119379287585634 19.140666647348553 10.601189446635543 14.943420061841605
leaf_count=300 194 155 121 370 387 300
internal_value=2.56172e-05 0.000658378 0.00403319 -0.00129401 -0.000686673 0.00254756
internal_weight=88.4584 77.2522 28.3125 48.9397 19.0131 29.799
internal_count=1827 1633 663 970 508 600
is_linear=0
shrinkage=0.03


Tree=312
num_leaves=7
num_cat=0
split_feature=4 6 4 7 4 7
split_gain=0.254559 0.543657 1.74205 2.24488 1.46164 0.572057
threshold=160.50000000000003 0.22500000149011615 140.50000000000003 4.5000000000000009 130.50000000000003 4.5000000000000009
decision_type=2 2 2 2 2 2
left_child=1 -1 4 -4 5 -3
right_child=-2 2 3 -5 -6 -7
leaf_value=-0.0041753570010154596 -0.0041912397997229149 -0.002209569049921731 0.0196371410041924 0.00095260012088231648 -0.0093774077057029743 0.0076611272672644556
leaf_weight=16.572433263994753 11.245993127115069 10.291580932214858 9.4073045933619159 15.038958051241933 15.028810145333408 10.860865020658819
leaf_count=261 194 223 248 305 326 270
internal_value=2.55911e-05 0.000639872 0.00195611 0.0081427 -0.00222394 0.00285861
internal_weight=88.4459 77.2 60.6275 24.4463 36.1813 21.1524
internal_count=1827 1633 1372 553 819 493
is_linear=0
shrinkage=0.03


Tree=313
num_leaves=7
num_cat=0
split_feature=1 1 0 5 7 7
split_gain=0.248928 0.733426 0.90739 0.827276 1.25256 0.98482
threshold=3.1737812605570077e-05 1.2567886187753176e-05 2.5412047762074511e-05 90.098037719726577 3.5000000000000004 3.5000000000000004
decision_type=2 2 2 2 2 2
left_child=1 2 3 5 -5 -1
right_child=-2 -3 -4 4 -6 -7
leaf_value=0.0039132625347414011 -0.0031123837989147016 0.0083271227251409553 -0.0071311968524920199 -0.0011411006149485519 0.014875292801432247 -0.0071930370150844452
leaf_weight=14.647099749650808 18.095229849219322 10.070504134055225 13.935903204604982 8.9473450928926486 8.6362383449450117 14.105345513671635
leaf_count=288 322 245 319 201 204 248
internal_value=2.57106e-05 0.000832969 -0.000419188 0.0015995 0.00672541 -0.00153525
internal_weight=88.4377 70.3424 60.2719 46.336 17.5836 28.7524
internal_count=1827 1505 1260 941 405 536
is_linear=0
shrinkage=0.03


Tree=314
num_leaves=6
num_cat=0
split_feature=1 1 2 0 1
split_gain=0.260816 0.667942 0.538078 0.998767 1.11723
threshold=3.5442761145532138e-05 1.6652368685754485e-05 0.00010303948511136697 1.2248856819496725e-05 2.1594313466266617e-06
decision_type=2 2 2 2 2
left_child=1 2 3 4 -1
right_child=-2 -3 -4 -5 -6
leaf_value=-0.0031732370330843042 0.003467784264436185 -0.0081592672465561639 0.005911157280864633 -0.008601811998055927 0.0071705077257988581
leaf_weight=21.503236683085561 16.184736778493971 9.49925374612212 12.628532574512063 11.91301526641473 16.69377264752984
leaf_count=390 301 189 375 213 359
internal_value=2.55807e-05 -0.000745638 0.00037686 -0.00101787 0.00134743
internal_weight=88.4225 72.2378 62.7386 50.11 38.197
internal_count=1827 1526 1337 962 749
is_linear=0
shrinkage=0.03


Tree=315
num_leaves=8
num_cat=0
split_feature=4 5 2 2 2 2 6
split_gain=0.247411 0.77331 1.49995 1.25809 0.753907 1.26695 0.775017
threshold=137.50000000000003 82.202114105224624 0.00026628970226738607 6.1844431911595179e-05 5.6003867939580239e-05 9.5232720923377215e-05 0.77500000596046459
decision_type=2 2 2 2 2 2 2
left_child=1 -1 3 -3 -2 -6 -7
right_child=4 2 -4 -5 5 6 -8
leaf_value=-0.0058375666204343859 0.0053980997901206997 0.0016650337755701071 -0.0052839849602210696 0.016630118517869438 -0.010585223516800994 -0.003720854781718378 0.0073787293162591644
leaf_weight=9.2043485091999155 11.263438262511043 10.588586275465792 10.22377938358113 9.6760080321691913 14.025016417726873 13.853502702433616 9.5744874998927116
leaf_count=157 274 198 251 251 204 255 237
internal_value=2.52703e-05 0.00178346 0.00408422 0.00881061 -0.00140725 -0.00345385 0.000815293
internal_weight=88.4092 39.6927 30.4884 20.2646 48.7164 37.453 23.428
internal_count=1827 857 700 449 970 696 492
is_linear=0
shrinkage=0.03


Tree=316
num_leaves=6
num_cat=0
split_feature=1 1 2 0 1
split_gain=0.248593 0.639339 0.493963 0.923832 1.06787
threshold=3.5442761145532138e-05 1.6652368685754485e-05 0.00010303948511136697 1.2248856819496725e-05 2.1594313466266617e-06
decision_type=2 2 2 2 2
left_child=1 2 3 4 -1
right_child=-2 -3 -4 -5 -6
leaf_value=-0.0030797519155718574 0.0033904191943190175 -0.0079616994195964037 0.005701545395862059 -0.0082156931467951329 0.007042278665899006
leaf_weight=21.548958255443722 16.148274987470359 9.5410980321466905 12.532769820187239 12.003898594528435 16.61177462991327
leaf_count=390 301 189 375 213 359
internal_value=2.53565e-05 -0.000726873 0.0003741 -0.00095687 0.00132648
internal_weight=88.3868 72.2385 62.6974 50.1646 38.1607
internal_count=1827 1526 1337 962 749
is_linear=0
shrinkage=0.03


Tree=317
num_leaves=7
num_cat=0
split_feature=0 0 4 4 5 0
split_gain=0.255508 0.709155 0.568354 1.50999 1.17568 0.709453
threshold=3.5743387343245563e-06 5.9947954014205615e-06 120.50000000000001 133.50000000000003 98.211532592773452 0.00011240871754125693
decision_type=2 2 2 2 2 2
left_child=-1 -2 -3 -4 -5 -6
right_child=1 2 3 4 5 -7
leaf_value=0.0032913493884841258 -0.0080738223576677266 0.0071868918071054588 -0.010607286120605014 0.010411427916069147 0.0024896603647499116 -0.0070782366022100899
leaf_weight=17.327818489633501 10.243688756600021 9.5286077931523305 11.062221031170337 10.729927452746777 18.154939970932904 11.326119463425128
leaf_count=376 177 255 244 236 263 276
internal_value=2.50263e-05 -0.000771622 0.000458629 -0.000791751 0.00190855 -0.00118616
internal_weight=88.3733 71.0455 60.8018 51.2732 40.211 29.4811
internal_count=1827 1451 1274 1019 775 539
is_linear=0
shrinkage=0.03


Tree=318
num_leaves=9
num_cat=0
split_feature=2 6 0 7 4 9 2 0
split_gain=0.247794 1.11231 2.95791 1.96054 1.55146 3.44236 2.23741 0.133562
threshold=3.9580138036399155e-05 0.6904762089252473 5.9947954014205615e-06 4.5000000000000009 150.50000000000003 2.5000000000000004 9.4249302492244183e-05 5.5006863476592123e-05
decision_type=2 2 2 2 2 2 2 2
left_child=-1 4 -3 -4 5 6 -2 -5
right_child=1 2 3 7 -6 -7 -8 -9
leaf_value=0.0043420357200178363 0.015853592493910947 -0.019232002330466173 0.013150575058919265 -0.0078636951675002623 0.011526899163735352 -0.01512545800002512 -0.0032889795715928655 -0.0023721105747999448
leaf_weight=10.538869489450006 10.44743026327342 9.1595707819797081 7.8095984165556755 8.1989911897107941 12.425333308521656 10.442885014694182 11.593133201356975 7.7569402190856627
leaf_count=200 192 172 211 178 211 198 237 228
internal_value=2.49076e-05 -0.000559641 -0.00474808 0.000834234 0.00251113 -0.000937514 0.00578478 -0.00519397
internal_weight=88.3728 77.8339 32.9251 23.7655 44.9088 32.4834 22.0406 15.9559
internal_count=1827 1627 789 617 838 627 429 406
is_linear=0
shrinkage=0.03


Tree=319
num_leaves=7
num_cat=0
split_feature=4 0 2 0 4 6
split_gain=0.254735 0.571447 1.37 1.02152 1.52958 0.694996
threshold=160.50000000000003 1.3737393601331862e-05 5.4152516895555898e-05 8.4083956608083113e-05 129.50000000000003 0.55000001192092907
decision_type=2 2 2 2 2 2
left_child=1 2 5 -3 -5 -1
right_child=-2 3 -4 4 -6 -7
leaf_value=-0.0027817398222360849 -0.004193572267882883 0.0079333991244992727 -0.01005257546097367 -0.011797703279883647 0.0050873438090683421 0.0073556195755865496
leaf_weight=12.608005098998547 11.239385597407816 19.953857994638383 12.659581994172184 8.0291776400990802 12.112507152371107 11.76741683203727
leaf_count=232 194 389 254 183 337 238
internal_value=2.58733e-05 0.000640727 -0.00204609 0.00312246 -0.00164362 0.00211215
internal_weight=88.3699 77.1305 37.035 40.0955 20.1417 24.3754
internal_count=1827 1633 724 909 520 470
is_linear=0
shrinkage=0.03


Tree=320
num_leaves=7
num_cat=0
split_feature=4 7 2 2 6 7
split_gain=0.253469 0.757803 0.73277 1.14922 0.749339 0.493171
threshold=137.50000000000003 8.5000000000000018 5.6003867939580239e-05 9.5232720923377215e-05 0.77500000596046459 1.5000000000000002
decision_type=2 2 2 2 2 2
left_child=1 5 -2 -4 -5 -1
right_child=2 -3 3 4 -6 -7
leaf_value=0.0011096361070139882 0.0052989166002779826 -0.0052060908668187496 -0.010189430900861364 -0.0038042758289626119 0.007143592108925588 0.0090518073845161189
leaf_weight=17.766563748940829 11.222630784381179 10.281990446615962 14.135756794363258 13.823890212923288 9.4892520667053759 11.651088986545799
leaf_count=318 274 247 204 255 237 292
internal_value=2.57865e-05 0.00180477 -0.00142527 -0.00344036 0.000651884 0.00425519
internal_weight=88.3712 39.6996 48.6715 37.4489 23.3131 29.4177
internal_count=1827 857 970 696 492 610
is_linear=0
shrinkage=0.03


Tree=321
num_leaves=6
num_cat=0
split_feature=1 4 4 5 2
split_gain=0.245405 0.732038 0.757161 1.74101 1.19105
threshold=3.1737812605570077e-05 156.50000000000003 137.50000000000003 92.450141906738295 7.2721406468190266e-05
decision_type=2 2 2 2 2
left_child=1 2 4 -4 -1
right_child=-2 -3 3 -5 -6
leaf_value=-0.0013760861786610789 -0.0030893510838085345 0.0079608538117359254 0.004632850845240428 -0.010461650558132255 0.011101232069252833
leaf_weight=20.901190181262795 18.100192070472986 10.934153282083569 11.950858593918385 16.198538451921195 10.26801596675068
leaf_count=366 322 220 271 301 347
internal_value=2.55366e-05 0.000828068 -0.000486713 -0.00405326 0.00273429
internal_weight=88.3529 70.2528 59.3186 28.1494 31.1692
internal_count=1827 1505 1285 572 713
is_linear=0
shrinkage=0.03


Tree=322
num_leaves=7
num_cat=0
split_feature=1 0 0 0 0 6
split_gain=0.254433 0.6464 1.38313 0.848119 0.751135 0.835692
threshold=3.5442761145532138e-05 2.9855276807211343e-05 1.3737393601331862e-05 0.00011050022658309901 6.5204078509850669e-06 0.77500000596046459
decision_type=2 2 2 2 2 2
left_child=1 2 4 -3 5 -1
right_child=-2 3 -4 -5 -6 -7
leaf_value=0.0059334707219006414 0.0034275223956845109 -0.0099683411135086455 0.011294461122435312 0.0020160633896949116 -0.0079706105631372013 -0.0041965036328774456
leaf_weight=15.692702958360314 16.163562236819416 12.903930466622116 9.7328118984587473 9.0361150423996133 11.049496830441056 13.752917946316302
leaf_count=315 301 199 231 298 210 273
internal_value=2.53729e-05 -0.000736611 0.00113988 -0.00503251 -0.00130073 0.00120215
internal_weight=88.3315 72.168 50.2279 21.94 40.4951 29.4456
internal_count=1827 1526 1029 497 798 588
is_linear=0
shrinkage=0.03


Tree=323
num_leaves=7
num_cat=0
split_feature=4 0 0 0 4 0
split_gain=0.251224 0.529666 1.20355 1.00107 1.45681 0.905501
threshold=160.50000000000003 1.3737393601331862e-05 4.8726924433140093e-06 8.4083956608083113e-05 129.50000000000003 2.4114170855682464e-06
decision_type=2 2 2 2 2 2
left_child=1 2 5 -3 -5 -1
right_child=-2 3 -4 4 -6 -7
leaf_value=-0.0031614055317768508 -0.0041638018458080737 0.0078147146797581252 -0.0083966253350365293 -0.011547727378912865 0.0049260116543145887 0.0090819686715002887
leaf_weight=11.598188269883396 11.244513941928743 19.84069162234664 15.295196003280578 8.0682116392999905 12.042123903986065 10.233590656425802
leaf_count=216 194 389 282 183 337 226
internal_value=2.52041e-05 0.000636317 -0.00194342 0.0030337 -0.00168321 0.00257764
internal_weight=88.3225 77.078 37.127 39.951 20.1103 21.8318
internal_count=1827 1633 724 909 520 442
is_linear=0
shrinkage=0.03


Tree=324
num_leaves=7
num_cat=0
split_feature=1 0 5 4 6 0
split_gain=0.246261 0.624407 0.858614 1.71716 1.12152 0.818452
threshold=3.5442761145532138e-05 2.9855276807211343e-05 94.570026397705092 130.50000000000003 0.6904762089252473 0.00011050022658309901
decision_type=2 2 2 2 2 2
left_child=1 2 3 -1 -5 -3
right_child=-2 5 -4 4 -6 -7
leaf_value=0.0067989165689661315 0.0033757933937371186 -0.0097722762323417707 0.0070873496190002891 -0.00016002346762957216 -0.013945008001614788 0.0019932796680250256
leaf_weight=13.763686715159563 16.134854301810265 12.955746438354256 15.160724054556338 11.027941340580583 10.247672545723617 9.0300594992004317
leaf_count=275 301 199 314 231 209 298
internal_value=2.51259e-05 -0.00072381 0.00112269 -0.00145809 -0.00679974 -0.0049399
internal_weight=88.3207 72.1858 50.2 35.0393 21.2756 21.9858
internal_count=1827 1526 1029 715 440 497
is_linear=0
shrinkage=0.03


Tree=325
num_leaves=7
num_cat=0
split_feature=1 1 1 4 1 7
split_gain=0.246689 0.85047 0.70023 1.10407 1.06284 1.08018
threshold=3.1737812605570077e-05 1.3607432720164072e-05 6.7195956034993296e-06 121.50000000000001 1.850883847964724e-06 2.5000000000000004
decision_type=2 2 2 2 2 2
left_child=1 2 3 -1 -5 -6
right_child=-2 -3 -4 4 5 -7
leaf_value=-0.0074287466227815008 -0.0030990538225135972 0.0093279898933810706 -0.0078558833614041316 -0.0019776298323789365 -0.00015940573557230223 0.013473130435316278
leaf_weight=11.111050823703406 18.088585558813065 9.2087038336321694 9.67554998770356 18.700063417199999 8.9605154911987501 12.568141165189443
leaf_count=222 322 224 245 334 200 280
internal_value=2.50481e-05 0.000829767 -0.000452823 0.000942366 0.00325444 0.00779909
internal_weight=88.3126 70.224 61.0153 51.3398 40.2287 21.5287
internal_count=1827 1505 1281 1036 814 480
is_linear=0
shrinkage=0.03


Tree=326
num_leaves=8
num_cat=0
split_feature=1 1 1 4 4 4 0
split_gain=0.245122 0.621394 0.482883 1.32459 0.969906 1.07213 0.86403
threshold=3.5442761145532138e-05 1.6652368685754485e-05 4.9520333504915479e-06 121.50000000000001 137.50000000000003 149.50000000000003 2.588503411971033e-05
decision_type=2 2 2 2 2 2 2
left_child=1 2 3 -1 -5 -6 -4
right_child=-2 -3 6 4 5 -7 -8
leaf_value=-0.010763686222910504 0.0033682538304139866 -0.0078487918709643726 0.011326442315309847 0.0087458004790038728 -0.0072767580002942589 0.0056233173993511442 -0.0021154521728498116
leaf_weight=10.22146687004715 16.131206867285073 9.554083764087407 8.6562874992378074 11.300717127509413 13.968039670959117 9.9137624963186664 8.5593842882662994
leaf_count=186 301 189 217 231 277 209 217
internal_value=2.4951e-05 -0.000722295 0.000365018 -0.00125717 0.00150472 -0.00192171 0.00464333
internal_weight=88.3049 72.1737 62.6197 45.404 35.1825 23.8818 17.2157
internal_count=1827 1526 1337 903 717 486 434
is_linear=0
shrinkage=0.03


Tree=327
num_leaves=7
num_cat=0
split_feature=4 0 0 5 0 7
split_gain=0.245311 0.532184 1.3456 1.23169 1.1592 0.961363
threshold=160.50000000000003 3.4922899430966943e-05 9.1063378931721686e-05 92.450141906738295 0.00038068402500357484 3.5000000000000004
decision_type=2 2 2 2 2 2
left_child=1 3 -3 5 -4 -1
right_child=-2 2 4 -5 -6 -7
leaf_value=0.0080248113486199642 -0.0041121131534154693 0.013363823716390453 -0.0089045632413940878 -0.0072062635537414052 0.0059997616507084378 -0.0027606034889626823
leaf_weight=14.6615442102775 11.255395972169934 9.1537759806960839 8.4654113966971654 19.11341055482626 10.548968011047689 15.096822971012442
leaf_count=300 194 155 121 370 387 300
internal_value=2.49164e-05 0.000629329 0.00391364 -0.00126364 -0.000635808 0.00255322
internal_weight=88.2953 77.0399 28.1682 48.8718 19.0144 29.7584
internal_count=1827 1633 663 970 508 600
is_linear=0
shrinkage=0.03


Tree=328
num_leaves=8
num_cat=0
split_feature=2 2 1 1 1 6 7
split_gain=0.255377 2.02189 1.17927 1.13357 1.20075 2.21452 0.43269
threshold=0.0006340023537632079 0.0026422443334013228 1.9386717212910302e-05 6.7195956034993296e-06 2.1895403961025299e-06 0.77500000596046459 1.5000000000000002
decision_type=2 2 2 2 2 2 2
left_child=2 -2 3 4 6 -6 -1
right_child=1 -3 -4 -5 5 -7 -8
leaf_value=-0.0075798821346363338 -0.016342121925345211 0.0077643084174823605 0.00846110893101896 -0.0092950517854491297 0.0143084454372385 -0.0042593906738734987 0.00017303302568250046
leaf_weight=12.395227327011527 6.0872241649776679 6.4486740580759943 14.239004609175025 12.229517026338725 12.693341846112162 10.615686017554253 13.573053966742007
leaf_count=198 105 315 187 283 257 233 249
internal_value=2.48632e-05 -0.00394137 0.000681274 -0.00111978 0.000909138 0.00585205 -0.0035276
internal_weight=88.2817 12.5359 75.7458 61.5068 49.2773 23.309 25.9683
internal_count=1827 420 1407 1220 937 490 447
is_linear=0
shrinkage=0.03


Tree=329
num_leaves=8
num_cat=0
split_feature=1 1 1 7 5 2 5
split_gain=0.255769 0.822016 0.619579 1.03228 3.48349 0.476158 0.431318
threshold=3.1737812605570077e-05 1.3607432720164072e-05 6.7195956034993296e-06 4.5000000000000009 84.924243927001967 5.9207301092101268e-05 86.72955703735353
decision_type=2 2 2 2 2 2 2
left_child=1 2 3 4 -1 -6 -5
right_child=-2 -3 -4 6 5 -7 -8
leaf_value=0.010770535292326478 -0.0031594698923663725 0.0092200109765600627 -0.0073280491826609347 0.0016510109961520017 -0.015188207505269882 -0.0057284213321993297 0.010237964503763174
leaf_weight=11.045350041240455 18.055137096904218 9.168237467762081 9.7931509152986091 10.383095542900266 9.4274564892984944 9.7328123548068088 10.679302176460622
leaf_count=214 322 224 245 169 211 194 248
internal_value=2.51837e-05 0.00084392 -0.000413737 0.000907026 -0.0026477 -0.0103829 0.00600487
internal_weight=88.2845 70.2294 61.0612 51.268 30.2056 19.1603 21.0624
internal_count=1827 1505 1281 1036 619 405 417
is_linear=0
shrinkage=0.03


Tree=330
num_leaves=6
num_cat=0
split_feature=1 4 5 4 2
split_gain=0.24034 0.692092 0.713312 1.6342 1.33722
threshold=3.1737812605570077e-05 156.50000000000003 92.450141906738295 137.50000000000003 4.8888361561694189e-05
decision_type=2 2 2 2 2
left_child=1 2 4 -4 -1
right_child=-2 -3 3 -5 -6
leaf_value=-0.0031529986573872867 -0.0030567923788389329 0.007783380051763134 0.0045125749248550312 -0.010077404014636937 0.0093307830683716075
leaf_weight=16.504857401363555 18.101047948468477 10.85922737047076 11.985113728325816 16.31486755143851 14.512737026903777
leaf_count=287 322 220 315 301 382
internal_value=2.53514e-05 0.000820344 -0.000454374 -0.00389851 0.002688
internal_weight=88.2779 70.1768 59.3176 28.3 31.0176
internal_count=1827 1505 1285 616 669
is_linear=0
shrinkage=0.03


Tree=331
num_leaves=8
num_cat=0
split_feature=1 1 1 4 4 2 0
split_gain=0.248807 0.642168 0.500372 1.266 0.91586 1.03736 0.826361
threshold=3.5442761145532138e-05 1.6652368685754485e-05 4.9520333504915479e-06 121.50000000000001 137.50000000000003 6.0156451581860899e-05 2.588503411971033e-05
decision_type=2 2 2 2 2 2 2
left_child=1 2 3 -1 -5 -6 -4
right_child=-2 -3 6 4 5 -7 -8
leaf_value=-0.010546348625159949 0.003392574813643824 -0.0079872557639554479 0.011282628639493884 0.008511922365180332 0.0035634047708257722 -0.0090566509349030121 -0.0018512383448587696
leaf_weight=10.262985201552508 16.137064619455487 9.5204267520457488 8.6355281514115649 11.197936075739561 13.576690887100996 10.31632581213489 8.6104464167729002
leaf_count=186 301 189 217 231 311 175 217
internal_value=2.5181e-05 -0.00072828 0.000375692 -0.00127824 0.00143239 -0.00188558 0.00472525
internal_weight=88.2574 72.1203 62.5999 45.3539 35.091 23.893 17.246
internal_count=1827 1526 1337 903 717 486 434
is_linear=0
shrinkage=0.03


Tree=332
num_leaves=7
num_cat=0
split_feature=4 0 2 2 4 6
split_gain=0.241298 0.522327 1.22225 0.966658 1.73103 0.717298
threshold=160.50000000000003 1.3737393601331862e-05 5.4152516895555898e-05 0.00015719753719167787 128.50000000000003 0.55000001192092907
decision_type=2 2 2 2 2 2
left_child=1 2 5 -3 -5 -1
right_child=-2 3 -4 4 -6 -7
leaf_value=-0.0029720645504447856 -0.0040765558328019662 0.0088192379185247066 -0.009426629534323867 -0.011452044752978953 0.0052636818348640634 0.0073449158131935538
leaf_weight=12.532569661736488 11.261109388433395 15.654059155378489 12.828565275296567 8.7060680370777863 15.506734242197124 11.752823306247592
leaf_count=232 194 327 254 188 394 238
internal_value=2.51165e-05 0.000625128 -0.00193604 0.00300944 -0.000746703 0.0020208
internal_weight=88.2419 76.9808 37.114 39.8669 24.2128 24.2854
internal_count=1827 1633 724 909 582 470
is_linear=0
shrinkage=0.03


Tree=333
num_leaves=6
num_cat=0
split_feature=1 1 2 0 1
split_gain=0.24196 0.604528 0.473022 0.999382 1.08426
threshold=3.5442761145532138e-05 1.6652368685754485e-05 0.00010303948511136697 1.2248856819496725e-05 2.1594313466266617e-06
decision_type=2 2 2 2 2
left_child=1 2 3 4 -1
right_child=-2 -3 -4 -5 -6
leaf_value=-0.003025441796366689 0.003348874328785942 -0.0077389851575653933 0.0055875764888668146 -0.0085459310046820947 0.0071637105200799004
leaf_weight=21.55530065856874 16.111986231990159 9.5711393556557578 12.460441206116228 11.875281938351689 16.667306325398386
leaf_count=390 301 189 375 213 359
internal_value=2.50437e-05 -0.00071742 0.000356847 -0.000944149 0.00141763
internal_weight=88.2415 72.1295 62.5583 50.0979 38.2226
internal_count=1827 1526 1337 962 749
is_linear=0
shrinkage=0.03


Tree=334
num_leaves=7
num_cat=0
split_feature=0 6 2 4 5 1
split_gain=0.242869 0.67103 2.85075 2.60042 1.31519 1.4524
threshold=3.5743387343245563e-06 0.6904762089252473 7.1847018261905773e-05 151.50000000000003 93.957649230957045 1.0834789009095404e-05
decision_type=2 2 2 2 2 2
left_child=-1 4 -3 -4 -2 -6
right_child=1 2 3 -5 5 -7
leaf_value=0.0032154283425346263 0.0096137238468682242 -0.017018167421774862 0.011398986670092851 -0.011337368108912711 -0.0092629322961268121 0.0042966524566385878
leaf_weight=17.268201441504061 12.990963682066647 10.218255177140238 11.717987953219565 7.377846920862793 13.081795463338496 15.572404271923004
leaf_count=376 285 178 394 129 199 266
internal_value=2.47255e-05 -0.000751744 -0.00422896 0.00261459 0.00169587 -0.00189384
internal_weight=88.2275 70.9593 29.3141 19.0958 41.6452 28.6542
internal_count=1827 1451 701 523 750 465
is_linear=0
shrinkage=0.03


Tree=335
num_leaves=8
num_cat=0
split_feature=1 1 1 7 5 2 5
split_gain=0.256711 0.803376 0.608431 0.968829 3.21229 0.520747 0.421658
threshold=3.1737812605570077e-05 1.3607432720164072e-05 6.7195956034993296e-06 4.5000000000000009 84.924243927001967 5.8751786127686507e-05 86.72955703735353
decision_type=2 2 2 2 2 2 2
left_child=1 2 3 4 -1 -6 -5
right_child=-2 -3 -4 6 5 -7 -8
leaf_value=0.010496552584661463 -0.0031666472347285988 0.0091438221948653385 -0.0072426862295759363 0.0015666079937896808 -0.014878726253993006 -0.0050364931737504155 0.010078626191271521
leaf_weight=10.915453657042237 18.04043045360595 9.1336475377902371 9.8048379020765406 10.351615056395532 9.4785824250429886 9.8825595788657647 10.602065659128128
leaf_count=214 322 224 245 169 209 196 248
internal_value=2.51509e-05 0.000845764 -0.000396005 0.000914364 -0.00251772 -0.00985493 0.00587349
internal_weight=88.2092 70.1688 61.0351 51.2303 30.2766 19.3611 20.9537
internal_count=1827 1505 1281 1036 619 405 417
is_linear=0
shrinkage=0.03


Tree=336
num_leaves=7
num_cat=0
split_feature=5 9 6 0 4 0
split_gain=0.253151 0.994863 1.21027 0.829226 1.64027 2.82584
threshold=94.570026397705092 2.5000000000000004 0.6904762089252473 2.9855276807211343e-05 152.50000000000003 0.00014270540850702676
decision_type=2 2 2 2 2 2
left_child=1 2 -1 -2 5 -5
right_child=3 -3 -4 4 -6 -7
leaf_value=0.00081268866026455776 0.0072818814624695007 0.0039839963515109714 -0.012402972472087445 -0.0080997390627038438 -0.01017599707316205 0.01476459808232731
leaf_weight=13.140511896461248 15.252273693680761 16.773076837416738 11.87041162699461 9.1515993755310827 11.628245906904338 10.385938821826128
leaf_count=274 314 374 252 125 169 319
internal_value=2.52775e-05 -0.00166871 -0.00545958 0.00155015 -0.00125491 0.00405469
internal_weight=88.2021 41.784 25.0109 46.4181 31.1658 19.5375
internal_count=1827 900 526 927 613 444
is_linear=0
shrinkage=0.03


Tree=337
num_leaves=8
num_cat=0
split_feature=2 2 1 1 1 6 7
split_gain=0.26424 1.87365 1.14412 1.02958 1.15509 2.08457 0.389447
threshold=0.0006340023537632079 0.0026422443334013228 1.9386717212910302e-05 6.7195956034993296e-06 2.1895403961025299e-06 0.77500000596046459 1.5000000000000002
decision_type=2 2 2 2 2 2 2
left_child=2 -2 3 4 6 -6 -1
right_child=1 -3 -4 -5 5 -7 -8
leaf_value=-0.0073030899834008612 -0.015828959655504911 0.0074072093618615734 0.0083755859226338839 -0.0088223688882329322 0.014046260593208151 -0.004002492843447396 4.9379221542549669e-05
leaf_weight=12.458791297860445 6.1433946657925826 6.3529877425171435 14.177356746513395 12.348475143779067 12.507204800378531 10.674615890718997 13.519423455465583
leaf_count=198 105 315 187 283 257 233 249
internal_value=2.55099e-05 -0.00401601 0.0006928 -0.00107804 0.000867255 0.00573529 -0.00347676
internal_weight=88.1822 12.4964 75.6859 61.5085 49.16 23.1818 25.9782
internal_count=1827 420 1407 1220 937 490 447
is_linear=0
shrinkage=0.03


Tree=338
num_leaves=7
num_cat=0
split_feature=0 1 0 5 4 6
split_gain=0.254449 0.994675 1.00859 0.711235 1.71005 0.939216
threshold=0.00052027203491888951 1.9386717212910302e-05 2.9855276807211343e-05 94.570026397705092 130.50000000000003 0.6904762089252473
decision_type=2 2 2 2 2 2
left_child=1 2 3 4 -1 -6
right_child=-2 -3 -4 -5 5 -7
leaf_value=0.0067128473677268126 -0.0042833525746795009 0.0073157565012444649 -0.0089609125809816028 0.0063112912627516504 -0.00071960824797882145 -0.013348917499451321
leaf_weight=13.68571171723306 10.819809542503206 15.90289673488587 11.860686575062571 14.705075196921824 10.848312696907669 10.361530390568078
leaf_count=272 399 210 203 304 230 209
internal_value=2.57466e-05 0.000628398 -0.00110193 0.000777336 -0.00155469 -0.00688934
internal_weight=88.184 77.3642 61.4613 49.6006 34.8956 21.2098
internal_count=1827 1428 1218 1015 711 439
is_linear=0
shrinkage=0.03


Tree=339
num_leaves=6
num_cat=0
split_feature=1 4 5 4 2
split_gain=0.265912 0.699037 0.675732 1.49454 1.2993
threshold=3.1737812605570077e-05 156.50000000000003 92.450141906738295 137.50000000000003 4.8888361561694189e-05
decision_type=2 2 2 2 2
left_child=1 2 4 -4 -1
right_child=-2 -3 3 -5 -6
leaf_value=-0.0031034723234660828 -0.0032260823022750846 0.0078509652645945248 0.0043285836773711527 -0.0096281692810431564 0.0092182116894139743
leaf_weight=16.515378660056744 18.010676322970539 10.878009268082677 11.902836658060552 16.446597865782678 14.433230486698447
leaf_count=287 322 220 315 301 382
internal_value=2.56762e-05 0.00086024 -0.000422183 -0.00376827 0.00264288
internal_weight=88.1867 70.1761 59.298 28.3494 30.9486
internal_count=1827 1505 1285 616 669
is_linear=0
shrinkage=0.03


Tree=340
num_leaves=6
num_cat=0
split_feature=1 4 5 2 2
split_gain=0.249811 0.662345 0.635146 1.42084 1.23213
threshold=3.1737812605570077e-05 156.50000000000003 92.450141906738295 0.00010303948511136697 4.8888361561694189e-05
decision_type=2 2 2 2 2
left_child=1 2 4 -4 -1
right_child=-2 -3 3 -5 -6
leaf_value=-0.0030026649472238583 -0.0031210804278633307 0.0076667679085007457 -0.0092923413778379215 0.004319922495915742 0.0090151545296351266
leaf_weight=16.557102794758979 18.057381744962186 10.806279943324624 16.632757621817294 11.795273622032253 14.317353786434976
leaf_count=287 322 220 293 323 382
internal_value=2.54727e-05 0.000835906 -0.000408834 -0.00364438 0.00257034
internal_weight=88.1661 70.1088 59.3025 28.428 30.8745
internal_count=1827 1505 1285 616 669
is_linear=0
shrinkage=0.03


Tree=341
num_leaves=7
num_cat=0
split_feature=5 9 6 0 4 0
split_gain=0.253515 0.980173 1.06921 0.776596 1.57018 2.70388
threshold=94.570026397705092 2.5000000000000004 0.6904762089252473 2.9855276807211343e-05 152.50000000000003 0.00014270540850702676
decision_type=2 2 2 2 2 2
left_child=1 2 -1 -2 5 -5
right_child=3 -3 -4 4 -6 -7
leaf_value=0.0005203074735839479 0.0071214780127120177 0.0039468844234188463 -0.011895556297047978 -0.0077487386894207243 -0.009841426466754781 0.014616209010266066
leaf_weight=13.022672582883388 15.164815419353543 16.745381515007466 11.989695925265551 9.217521179467445 11.704207758419214 10.30336003564298
leaf_count=274 314 374 252 125 169 319
internal_value=2.52471e-05 -0.0016705 -0.00543125 0.00155167 -0.00115337 0.00405575
internal_weight=88.1477 41.7578 25.0124 46.3899 31.2251 19.5209
internal_count=1827 900 526 927 613 444
is_linear=0
shrinkage=0.03


Tree=342
num_leaves=7
num_cat=0
split_feature=0 1 0 5 4 2
split_gain=0.254447 0.982101 0.926705 0.692067 1.64445 0.91969
threshold=0.00052027203491888951 1.9386717212910302e-05 2.9855276807211343e-05 94.570026397705092 130.50000000000003 5.081240306026303e-05
decision_type=2 2 2 2 2 2
left_child=1 2 3 4 -1 -6
right_child=-2 -3 -4 -5 5 -7
leaf_value=0.0065630859196145648 -0.0042845621025969765 0.0072799180808709911 -0.008592758232320221 0.0061930422163816844 -0.00068497605001511554 -0.013169638864496859
leaf_weight=13.607718421611933 10.814984535332767 15.875565249472855 11.938654269091783 14.638973890803753 10.853125768247994 10.398354070261119
leaf_count=272 399 210 203 304 233 206
internal_value=2.543e-05 0.000628341 -0.00109046 0.000719051 -0.00157973 -0.00679372
internal_weight=88.1274 77.3124 61.4368 49.4982 34.8592 21.2515
internal_count=1827 1428 1218 1015 711 439
is_linear=0
shrinkage=0.03


Tree=343
num_leaves=7
num_cat=0
split_feature=1 4 2 0 6 6
split_gain=0.251497 0.649339 0.62807 1.17435 1.85858 1.2592
threshold=3.1737812605570077e-05 156.50000000000003 3.9580138036399155e-05 1.3737393601331862e-05 0.77500000596046459 0.77500000596046459
decision_type=2 2 2 2 2 2
left_child=1 2 -1 4 -4 -5
right_child=-2 -3 3 5 -6 -7
leaf_value=0.0063826660602485765 -0.003132629160610636 0.0076112731749670478 0.0013612345482978548 -0.0023602482850257739 -0.01493608545143716 0.011888072108935379
leaf_weight=10.196496461518107 18.048413060139865 10.780868316069244 13.391313328407705 14.894969035405666 11.889220317825675 8.9283670210279524
leaf_count=192 322 220 273 300 221 299
internal_value=2.53437e-05 0.000838634 -0.000392639 -0.00179954 -0.00630326 0.00297965
internal_weight=88.1296 70.0812 59.3004 49.1039 25.2805 23.8233
internal_count=1827 1505 1285 1093 494 599
is_linear=0
shrinkage=0.03


Tree=344
num_leaves=8
num_cat=0
split_feature=2 2 1 1 1 6 7
split_gain=0.239307 1.74231 1.03083 0.93011 1.10316 1.90675 0.391458
threshold=0.0006340023537632079 0.0026422443334013228 1.9386717212910302e-05 6.7195956034993296e-06 2.1895403961025299e-06 0.77500000596046459 1.5000000000000002
decision_type=2 2 2 2 2 2 2
left_child=2 -2 3 4 6 -6 -1
right_child=1 -3 -4 -5 5 -7 -8
leaf_value=-0.0072188244601230295 -0.01506681538998216 0.007287721968124973 0.0080118134329783923 -0.0083210443303446246 0.013704516887967654 -0.003580776458037279 0.00014702088442496671
leaf_weight=12.472224247641863 6.2317550638690573 6.320420237723738 13.995344185736029 12.479833458084611 12.290393869392574 10.782508328091353 13.546306824311612
leaf_count=198 105 315 187 283 257 233 249
internal_value=2.53357e-05 -0.00381059 0.000662512 -0.00100801 0.000851084 0.00562669 -0.00338387
internal_weight=88.1188 12.5522 75.5666 61.5713 49.0914 23.0729 26.0185
internal_count=1827 420 1407 1220 937 490 447
is_linear=0
shrinkage=0.03


Tree=345
num_leaves=7
num_cat=0
split_feature=1 1 4 6 4 4
split_gain=0.243241 0.617923 1.28989 1.24564 0.850971 0.828482
threshold=3.1737812605570077e-05 4.9520333504915479e-06 121.50000000000001 0.55000001192092907 136.50000000000003 149.50000000000003
decision_type=2 2 2 2 2 2
left_child=1 2 -1 -3 -4 -6
right_child=-2 3 4 -5 5 -7
leaf_value=-0.010625945063935235 -0.0030774999854324692 0.011840500929497354 0.0088440398122036929 -0.0016531745082727554 -0.0058713891765938865 0.0053141759104183318
leaf_weight=10.235612503252922 18.072926129214466 11.536876138299704 10.065656405873595 13.203631964977831 15.20190119603649 9.8021745453588647
leaf_count=186 322 251 207 351 301 209
internal_value=2.55027e-05 0.000826126 -0.00125609 0.00463913 0.00147863 -0.00148639
internal_weight=88.1188 70.0459 45.3053 24.7405 35.0697 25.0041
internal_count=1827 1505 903 602 717 510
is_linear=0
shrinkage=0.03


Tree=346
num_leaves=7
num_cat=0
split_feature=0 0 0 0 0 1
split_gain=0.238653 0.593924 0.476408 0.790562 1.38994 0.807643
threshold=3.5743387343245563e-06 5.9947954014205615e-06 1.2248856819496725e-05 3.4922899430966943e-05 8.4083956608083113e-05 2.6620037715474613e-05
decision_type=2 2 2 2 2 2
left_child=-1 -2 -3 -4 -5 -6
right_child=1 2 3 4 5 -7
leaf_value=0.0031900857313787662 -0.0073746249271937044 0.0059656538022168411 -0.0066955120794631286 0.011267363323086865 0.0051055762656893313 -0.0061798273668311528
leaf_weight=17.247741734609008 10.379959009587763 11.240508491173385 14.737481893505899 9.6512096375226957 8.880596801638605 15.971822991501538
leaf_count=376 177 217 301 161 286 309
internal_value=2.53844e-05 -0.000744905 0.000392898 -0.000879222 0.00160508 -0.00214718
internal_weight=88.1093 70.8616 60.4816 49.2411 34.5036 24.8524
internal_count=1827 1451 1274 1057 756 595
is_linear=0
shrinkage=0.03


Tree=347
num_leaves=6
num_cat=0
split_feature=1 2 4 4 5
split_gain=0.253809 0.696407 1.47131 1.52524 1.10957
threshold=3.5442761145532138e-05 0.00018792724586091938 128.50000000000003 140.50000000000003 94.201679229736342
decision_type=2 2 2 2 2
left_child=1 2 -1 -4 -5
right_child=-2 -3 3 4 -6
leaf_value=0.0080567116489004848 0.0034256268114595829 -0.0073296446357825401 -0.0099953382146373247 -0.0038182489962885844 0.0082102055249525328
leaf_weight=16.991359501611441 16.13649242091924 12.014341278932987 15.240395217668263 14.725027159787714 12.991466557607055
leaf_count=361 301 336 290 310 229
internal_value=2.51662e-05 -0.000737334 0.000583843 -0.00237201 0.00181981
internal_weight=88.0991 71.9626 59.9482 42.9569 27.7165
internal_count=1827 1526 1190 829 539
is_linear=0
shrinkage=0.03


Tree=348
num_leaves=8
num_cat=0
split_feature=4 7 0 1 4 4 1
split_gain=0.25035 0.97789 1.55125 1.52666 1.9769 0.838665 1.48411
threshold=133.50000000000003 13.500000000000002 0.00013704002776648852 7.7669533311564027e-06 143.50000000000003 126.50000000000001 4.245955324222451e-06
decision_type=2 2 2 2 2 2 2
left_child=5 2 3 4 -2 6 -1
right_child=1 -3 -4 -5 -6 -7 -8
leaf_value=-0.005913139191998768 0.012309468280319889 -0.0070739128670713053 -0.00743287021461675 0.015750670887058681 -0.0048664345582887202 -0.0093074120910016239 0.009523109415797466
leaf_weight=12.275330102071168 10.111506237648429 10.338071772828696 9.7652266980148834 10.372694899328051 14.944778711535035 9.9769128863699716 10.316978152375667
leaf_count=226 206 175 260 179 310 206 265
internal_value=2.50488e-05 0.00124976 0.00315378 0.00607176 0.00206493 -0.00206315 0.00113596
internal_weight=88.1015 55.5323 45.1942 35.429 25.0563 32.5692 22.5923
internal_count=1827 1130 955 695 516 697 491
is_linear=0
shrinkage=0.03


Tree=349
num_leaves=6
num_cat=0
split_feature=0 2 5 4 1
split_gain=0.238483 0.558777 1.01678 0.685042 1.07242
threshold=3.5743387343245563e-06 5.7838262364384725e-05 91.847583770751967 137.50000000000003 9.395169854542475e-06
decision_type=2 2 2 2 2
left_child=-1 -2 -3 -4 -5
right_child=1 2 3 4 -6
leaf_value=0.0031890319301028525 -0.0061707849275778005 0.0090069863356657016 0.0035907247902614787 -0.010412546001298878 0.00098513695125217638
leaf_weight=17.246764892712235 13.762888018041847 10.479420451913027 16.445495147258043 13.247647039592268 16.917826686985791
leaf_count=376 230 303 382 201 335
internal_value=2.53865e-05 -0.000744693 0.000563385 -0.00133497 -0.00402034
internal_weight=88.1 70.8533 57.0904 46.611 30.1655
internal_count=1827 1451 1221 918 536
is_linear=0
shrinkage=0.03


Tree=350
num_leaves=8
num_cat=0
split_feature=4 7 0 1 4 4 1
split_gain=0.250551 0.925258 1.47531 1.45171 1.87225 0.779896 1.38533
threshold=133.50000000000003 13.500000000000002 0.00013704002776648852 7.7669533311564027e-06 143.50000000000003 126.50000000000001 4.245955324222451e-06
decision_type=2 2 2 2 2 2 2
left_child=5 2 3 4 -2 6 -1
right_child=1 -3 -4 -5 -6 -7 -8
leaf_value=-0.0057308510968136894 0.012122113771421777 -0.0068178982206857719 -0.0071727553116093298 0.015488438352020347 -0.0046163445277282063 -0.0090176790733014194 0.0092163774672052168
leaf_weight=12.32730234693736 10.026541113853456 10.396294242236761 9.8241824838332814 10.240301960147915 15.02887990651652 10.040554000064729 10.196350084152071
leaf_count=226 206 175 260 179 310 206 265
internal_value=2.50716e-05 0.00125051 0.00310959 0.00597156 0.00208196 -0.00206408 0.00103569
internal_weight=88.0804 55.5162 45.1199 35.2957 25.0554 32.5642 22.5237
internal_count=1827 1130 955 695 516 697 491
is_linear=0
shrinkage=0.03


Tree=351
num_leaves=6
num_cat=0
split_feature=1 4 5 4 2
split_gain=0.248046 0.599558 0.694673 1.34987 1.21183
threshold=3.1737812605570077e-05 156.50000000000003 92.450141906738295 137.50000000000003 4.8888361561694189e-05
decision_type=2 2 2 2 2
left_child=1 2 4 -4 -1
right_child=-2 -3 3 -5 -6
leaf_value=-0.0027497140644331857 -0.0031092539930348303 0.0073737528988432628 0.0040217460127894089 -0.0092681504546604631 0.0091436877053410887
leaf_weight=16.651009644381705 18.061082429252565 10.690281386487184 11.77484798571095 16.541226509027183 14.359469829592852
leaf_count=287 322 220 315 301 382
internal_value=2.5351e-05 0.000833933 -0.000344502 -0.00374173 0.00275755
internal_weight=88.0779 70.0168 59.3266 28.3161 31.0105
internal_count=1827 1505 1285 616 669
is_linear=0
shrinkage=0.03


Tree=352
num_leaves=8
num_cat=0
split_feature=4 7 0 7 0 4 1
split_gain=0.246538 0.876293 1.38418 1.44894 1.30177 0.730755 1.31065
threshold=133.50000000000003 13.500000000000002 0.00013704002776648852 1.0000000180025095e-35 8.5968786152079718e-06 126.50000000000001 4.245955324222451e-06
decision_type=2 2 2 2 2 2 2
left_child=5 2 3 -2 -5 6 -1
right_child=1 -3 -4 4 -6 -7 -8
leaf_value=-0.005582609829819821 -0.001939153172436054 -0.0065851372557398646 -0.0068524840702872984 0.019056151175845259 0.0042480395356030856 -0.0087496112758725948 0.0089823515989259934
leaf_weight=12.367472289130093 13.339379472658036 10.450606402475385 9.8975802808999997 9.3715771753340977 12.428710561711339 10.09939811285585 10.102598982397465
leaf_count=226 217 175 260 258 220 206 265
internal_value=2.51151e-05 0.00124126 0.00305733 0.00584857 0.0106138 -0.00204681 0.000965832
internal_weight=88.0573 55.4879 45.0372 35.1397 21.8003 32.5695 22.4701
internal_count=1827 1130 955 695 478 697 491
is_linear=0
shrinkage=0.03


Tree=353
num_leaves=7
num_cat=0
split_feature=2 4 0 1 6 4
split_gain=0.248782 0.917237 1.68374 1.27762 1.01111 1.16891
threshold=3.9580138036399155e-05 140.50000000000003 7.7030576903780474e-06 1.04941614154086e-05 0.55000001192092907 152.50000000000003
decision_type=2 2 2 2 2 2
left_child=-1 2 -2 -4 -3 -6
right_child=1 4 3 -5 5 -7
leaf_value=0.0043545071134978436 -0.013904656334743451 0.0079923823044006186 0.0069750875179926111 -0.0059874167493424949 0.0057693943221876097 -0.0082160185967317407
leaf_weight=10.519346754532306 10.796280818991361 17.631016888888553 12.85987857822329 14.627072453033177 10.086042450275274 11.524192220997064
leaf_count=200 190 323 354 309 243 208
internal_value=2.53238e-05 -0.000562106 -0.00386587 7.71421e-05 0.00266101 -0.00168867
internal_weight=88.0438 77.5245 38.2832 27.487 39.2413 21.6102
internal_count=1827 1627 853 663 774 451
is_linear=0
shrinkage=0.03


Tree=354
num_leaves=6
num_cat=0
split_feature=1 2 4 4 7
split_gain=0.25659 0.666893 1.28503 1.04543 0.84737
threshold=3.5442761145532138e-05 0.00017341459169983867 128.50000000000003 139.50000000000003 2.5000000000000004
decision_type=2 2 2 2 2
left_child=1 2 -1 -4 -5
right_child=-2 -3 3 4 -6
leaf_value=0.0076862705234648802 0.003442745615898852 -0.0066962874223915727 -0.0090035868655428276 -0.0050865933255178908 0.0055285791878529229
leaf_weight=16.70208607846871 16.147190429735929 13.703328298870472 13.558594529516993 11.520587355829777 16.406187139684334
leaf_count=355 301 362 261 230 318
internal_value=2.53569e-05 -0.000742213 0.00065999 -0.0021688 0.00114952
internal_weight=88.038 71.8908 58.1875 41.4854 27.9268
internal_count=1827 1526 1164 809 548
is_linear=0
shrinkage=0.03


Tree=355
num_leaves=6
num_cat=0
split_feature=1 2 4 4 7
split_gain=0.241908 0.623913 1.2154 0.975427 0.79841
threshold=3.5442761145532138e-05 0.00017341459169983867 128.50000000000003 139.50000000000003 2.5000000000000004
decision_type=2 2 2 2 2
left_child=1 2 -1 -4 -5
right_child=-2 -3 3 4 -6
leaf_value=0.007504443008361208 0.0033489917431098076 -0.0064582735068663411 -0.0086679806971103231 -0.0049137596165663164 0.0053877180115442444
leaf_weight=16.595206355676055 16.101946169976145 13.780896195676176 13.65947772702202 11.567306752316656 16.331225337460637
leaf_count=355 301 362 261 230 318
internal_value=2.51176e-05 -0.000718908 0.000641181 -0.0020995 0.00111651
internal_weight=88.0361 71.9341 58.1532 41.558 27.8985
internal_count=1827 1526 1164 809 548
is_linear=0
shrinkage=0.03


Tree=356
num_leaves=8
num_cat=0
split_feature=4 7 0 7 0 1 1
split_gain=0.241432 0.850114 1.30633 1.35126 1.27155 0.726703 0.717203
threshold=133.50000000000003 13.500000000000002 0.00013704002776648852 1.0000000180025095e-35 8.5968786152079718e-06 3.144532115584298e-06 1.769320260791574e-05
decision_type=2 2 2 2 2 2 2
left_child=5 2 3 -2 -5 -1 -7
right_child=1 -3 -4 4 -6 6 -8
leaf_value=0.0031534341452478859 -0.0017297381293934118 -0.0064671502635867666 -0.0065595229189980833 0.018826386663702802 0.0041103100270961368 -0.011587145995730359 0.00019165871253180072
leaf_weight=13.948882966302333 13.410245537757872 10.476600640453396 9.9683385114185494 9.2227049043867755 12.374781087040899 9.6382253300398606 8.993871237151323
leaf_count=250 217 175 260 258 220 285 162
internal_value=2.48541e-05 0.0012291 0.00302184 0.00575011 0.0103945 -0.00202477 -0.00590142
internal_weight=88.0337 55.4527 44.9761 35.0077 21.5975 32.581 18.6321
internal_count=1827 1130 955 695 478 697 447
is_linear=0
shrinkage=0.03


Tree=357
num_leaves=6
num_cat=0
split_feature=1 1 2 0 1
split_gain=0.240031 0.699252 0.480624 0.873232 1.02101
threshold=3.5442761145532138e-05 1.6652368685754485e-05 0.00010303948511136697 1.2248856819496725e-05 2.1594313466266617e-06
decision_type=2 2 2 2 2
left_child=1 2 3 4 -1
right_child=-2 -3 -4 -5 -6
leaf_value=-0.0029581656394419313 0.0033365817980561155 -0.008329676104493821 0.0057017195106467723 -0.007947765755521646 0.00695710683198268
leaf_weight=21.550027198158205 16.096461624838412 9.4329533758573216 12.472909145988522 11.970298282336442 16.505877274088562
leaf_count=390 301 189 375 213 359
internal_value=2.49717e-05 -0.000716078 0.000433038 -0.000880589 0.00134236
internal_weight=88.0285 71.9321 62.4991 50.0262 38.0559
internal_count=1827 1526 1337 962 749
is_linear=0
shrinkage=0.03


Tree=358
num_leaves=7
num_cat=0
split_feature=1 1 0 5 4 0
split_gain=0.237997 0.628051 0.745008 0.775292 0.9122 0.622347
threshold=3.1737812605570077e-05 1.2567886187753176e-05 2.5412047762074511e-05 90.098037719726577 130.50000000000003 8.1533594311622454e-06
decision_type=2 2 2 2 2 2
left_child=1 2 3 4 -1 -5
right_child=-2 -3 -4 5 -6 -7
leaf_value=0.0049537286833737267 -0.003042988127696245 0.0078382670915833133 -0.0063834171715588346 0.00076113815824721868 -0.0059473876225422983 0.012112347043737022
leaf_weight=11.63002114929259 18.084856550209224 9.8530682036653143 14.038066523149608 8.5862029208801705 17.017635961528867 8.8045827164314669
leaf_count=201 322 245 319 219 335 186
internal_value=2.46446e-05 0.000817981 -0.000333406 0.00151137 -0.00152189 0.00650801
internal_weight=88.0144 69.9296 60.0765 46.0384 28.6477 17.3908
internal_count=1827 1505 1260 941 536 405
is_linear=0
shrinkage=0.03


Tree=359
num_leaves=8
num_cat=0
split_feature=4 7 0 7 0 1 1
split_gain=0.239145 0.804535 1.24425 1.27628 1.23924 0.684675 0.687662
threshold=133.50000000000003 13.500000000000002 0.00013704002776648852 1.0000000180025095e-35 8.5968786152079718e-06 3.144532115584298e-06 1.769320260791574e-05
decision_type=2 2 2 2 2 2 2
left_child=5 2 3 -2 -5 -1 -7
right_child=1 -3 -4 4 -6 6 -8
leaf_value=0.0030286666668599394 -0.0015912007220664093 -0.0062399875259010976 -0.0063429345710973714 0.018605312413048115 0.0040046370675210392 -0.011306154837981305 0.00020974065810224897
leaf_weight=13.895524685736744 13.449143374338744 10.528592142742125 10.019931775983421 9.088298409944402 12.32940260088071 9.6969206659123319 8.9966272357851249
leaf_count=250 217 175 260 258 220 285 162
internal_value=2.44085e-05 0.00122369 0.00297436 0.00565193 0.0102002 -0.00201488 -0.00576391
internal_weight=88.0044 55.4154 44.8868 34.8668 21.4177 32.5891 18.6935
internal_count=1827 1130 955 695 478 697 447
is_linear=0
shrinkage=0.03


Tree=360
num_leaves=6
num_cat=0
split_feature=1 1 2 0 1
split_gain=0.250713 0.670908 0.49327 0.809169 0.980376
threshold=3.5442761145532138e-05 1.6652368685754485e-05 0.00010303948511136697 1.2248856819496725e-05 2.1594313466266617e-06
decision_type=2 2 2 2 2
left_child=1 2 3 4 -1
right_child=-2 -3 -4 -5 -6
leaf_value=-0.002996624897645865 0.0034045998381834926 -0.0081775147323532756 0.00572834071461799 -0.0077206671893643884 0.0067435997208912133
leaf_weight=21.524297263473272 16.129691421054304 9.4633176093921048 12.483548261690883 12.021881458815185 16.376210662303492
leaf_count=390 301 189 375 213 359
internal_value=2.45021e-05 -0.000734097 0.000394633 -0.000939109 0.00121197
internal_weight=87.9989 71.8693 62.4059 49.9224 37.9005
internal_count=1827 1526 1337 962 749
is_linear=0
shrinkage=0.03


Tree=361
num_leaves=7
num_cat=0
split_feature=1 1 1 1 6 0
split_gain=0.236384 0.626767 0.479953 1.30535 1.09444 0.665294
threshold=3.5442761145532138e-05 1.6652368685754485e-05 4.9520333504915479e-06 3.0451734573944127e-06 0.55000001192092907 2.588503411971033e-05
decision_type=2 2 2 2 2 2
left_child=1 2 3 4 -1 -4
right_child=-2 -3 5 -5 -6 -7
leaf_value=-0.0032462790277602116 0.0033117839917963729 -0.0078780182117434028 0.010694059676886622 -0.0098285264923561756 0.007633206424073751 -0.0011341066399925184
leaf_weight=17.991157364333048 16.084979539271444 9.5273928106762451 8.3905919431708771 11.771423113998024 15.483867147937415 8.735453204251824
leaf_count=337 301 189 217 217 349 217
internal_value=2.41752e-05 -0.000711307 0.000383407 -0.00123564 0.00178603 0.00466089
internal_weight=87.9849 71.8999 62.3725 45.2464 33.475 17.126
internal_count=1827 1526 1337 903 686 434
is_linear=0
shrinkage=0.03


Tree=362
num_leaves=8
num_cat=0
split_feature=0 5 5 5 7 1 2
split_gain=0.237008 1.0516 1.16741 0.494923 0.587795 0.99131 1.82668
threshold=1.9084176869910156e-06 83.130081176757827 87.609649658203139 93.813774108886733 9.5000000000000018 2.6620037715474613e-05 0.00010303948511136697
decision_type=2 2 2 2 2 2 2
left_child=-1 -2 -3 -4 5 6 -5
right_child=1 2 3 4 -6 -7 -8
leaf_value=-0.0042412571291389131 0.0094493503244970998 -0.010426607818203811 0.007087384796224362 -0.0062305828164268221 0.0053544301009836289 -0.0084693029064760155 0.011219935642553009
leaf_weight=10.346106513403354 10.442246899940072 9.6732083065435273 9.5170832611620408 11.864928298396991 11.981536666397004 14.245122100692241 9.9060920849442464
leaf_count=176 230 179 287 211 258 236 250
internal_value=2.40153e-05 0.000592466 -0.000784057 0.000837691 -0.000401512 -0.00231635 0.00170963
internal_weight=87.9763 77.6302 67.188 57.5148 47.9977 36.0161 21.771
internal_count=1827 1651 1421 1242 955 697 461
is_linear=0
shrinkage=0.03


Tree=363
num_leaves=7
num_cat=0
split_feature=1 1 4 4 7 1
split_gain=0.240442 0.592566 0.474984 1.2383 1.26438 1.25837
threshold=3.5442761145532138e-05 1.6652368685754485e-05 121.50000000000001 137.50000000000003 1.0000000180025095e-35 2.7566335347728459e-06
decision_type=2 2 2 2 2 2
left_child=1 2 -1 -4 -5 -6
right_child=-2 -3 3 4 5 -7
leaf_value=-0.0048262691263952062 0.0033382656899391089 -0.0076690149238165988 0.0088131499903573371 -0.0099964213101528046 0.010750489432357246 -0.0033335605979833271
leaf_weight=12.703594738617538 16.096392170060426 9.5687134652398509 15.178997378330676 10.764289489947258 9.6374480796512234 14.008292215410618
leaf_count=288 301 189 353 175 250 271
internal_value=2.411e-05 -0.000718236 0.000349467 0.00167537 -0.00147325 0.00240677
internal_weight=87.9577 71.8613 62.2926 49.589 34.41 23.6457
internal_count=1827 1526 1337 1049 696 521
is_linear=0
shrinkage=0.03


Tree=364
num_leaves=7
num_cat=0
split_feature=5 9 1 7 1 1
split_gain=0.244301 0.926299 0.997304 0.731046 1.15434 1.77753
threshold=94.570026397705092 2.5000000000000004 3.4847706729124188e-06 9.5000000000000018 2.6620037715474613e-05 5.2959799177187969e-06
decision_type=2 2 2 2 2 2
left_child=1 2 -1 4 5 -2
right_child=3 -3 -4 -5 -6 -7
leaf_value=-0.00010686922862787253 -0.0047257054462354108 0.0038436377063933028 -0.012204495502916126 0.0082774845041703373 -0.0072919493294630712 0.012607373021048647
leaf_weight=14.324379835743459 10.812112519051881 16.647764097433537 10.724721401464192 10.999203387647865 13.944566098507492 10.492134492844341
leaf_count=259 222 374 267 238 231 236
internal_value=2.40308e-05 -0.00164119 -0.00528644 0.00152539 -0.000581571 0.00381067
internal_weight=87.9449 41.6969 25.0491 46.248 35.2488 21.3042
internal_count=1827 900 526 927 689 458
is_linear=0
shrinkage=0.03


Tree=365
num_leaves=7
num_cat=0
split_feature=1 1 4 4 7 1
split_gain=0.243328 0.558223 0.433733 1.17653 1.18529 1.19429
threshold=3.5442761145532138e-05 1.6652368685754485e-05 121.50000000000001 137.50000000000003 1.0000000180025095e-35 2.7566335347728459e-06
decision_type=2 2 2 2 2 2
left_child=1 2 -1 -4 -5 -6
right_child=-2 -3 3 4 5 -7
leaf_value=-0.0046122820970144335 0.0033569125274077846 -0.0074513998856990272 0.0085852910897768215 -0.0096859651560151257 0.010494938958947403 -0.0032641612631140213
leaf_weight=12.771369229536502 16.104680680669844 9.6128783095628005 15.04994236351922 10.83135611284524 9.5369891724549252 14.030490247532724
leaf_count=288 301 189 353 175 250 271
internal_value=2.406e-05 -0.000723152 0.000316347 0.00158929 -0.00147156 0.0023037
internal_weight=87.9377 71.833 62.2201 49.4488 34.3988 23.5675
internal_count=1827 1526 1337 1049 696 521
is_linear=0
shrinkage=0.03


Tree=366
num_leaves=7
num_cat=0
split_feature=0 5 5 7 1 2
split_gain=0.24757 1.31291 1.0065 0.769889 1.28303 1.66851
threshold=2.4114170855682464e-06 84.529914855957045 90.098037719726577 9.5000000000000018 3.1737812605570077e-05 0.00010303948511136697
decision_type=2 2 2 2 2 2
left_child=-1 -2 -3 4 5 -4
right_child=1 2 3 -5 -6 -7
leaf_value=-0.0037973001316556482 0.010329702142942822 -0.009769826864862231 -0.0044922468227712375 0.0067529598344047799 -0.0090583252834563737 0.010481163989245717
leaf_weight=13.002575029619036 10.865391123574225 9.8507151575759035 14.729151400737466 13.865594170987604 13.327765739988534 12.283387251663951
leaf_count=248 241 219 279 310 220 310
internal_value=2.39474e-05 0.000687118 -0.000948474 0.000654611 -0.00144149 0.0023166
internal_weight=87.9246 74.922 64.0566 54.2059 40.3403 27.0125
internal_count=1827 1579 1338 1119 809 589
is_linear=0
shrinkage=0.03


Tree=367
num_leaves=8
num_cat=0
split_feature=1 1 1 4 4 2 0
split_gain=0.251177 0.54237 0.427187 1.17381 0.851174 0.680427 0.68023
threshold=3.5442761145532138e-05 1.6652368685754485e-05 4.9520333504915479e-06 121.50000000000001 136.50000000000003 6.0156451581860899e-05 2.588503411971033e-05
decision_type=2 2 2 2 2 2 2
left_child=1 2 3 -1 -5 -6 -4
right_child=-2 -3 6 4 5 -7 -8
leaf_value=-0.010109360047494629 0.0034071455651992783 -0.0073612695335990999 0.010479017833993274 0.008783178931537081 0.0027296743478567908 -0.0072986579262638669 -0.0015457621156686259
leaf_weight=10.339782889932392 16.127572202589363 9.6290896432474238 8.3112298403866607 10.01662746304646 14.18445857614279 10.669725418090819 8.6305125071667117
leaf_count=186 301 189 217 207 328 182 217
internal_value=2.40361e-05 -0.000736068 0.000290356 -0.00123216 0.00140009 -0.00157542 0.00435332
internal_weight=87.909 71.7814 62.1523 45.2106 34.8708 24.8542 16.9417
internal_count=1827 1526 1337 903 717 510 434
is_linear=0
shrinkage=0.03


Tree=368
num_leaves=7
num_cat=0
split_feature=1 4 4 7 1 2
split_gain=0.236796 0.518293 1.7286 1.64979 0.930221 1.18784
threshold=3.5442761145532138e-05 132.50000000000003 119.50000000000001 11.500000000000002 8.0874228842731117e-06 6.2212093325797482e-05
decision_type=2 2 2 2 2 2
left_child=1 2 -1 4 5 -3
right_child=-2 3 -4 -5 -6 -7
leaf_value=0.0043015497937454582 0.003314263379904528 0.0072845248311872784 -0.011508372547620426 -0.0088041339903638643 0.012686517702626625 -0.0054881641168053105
leaf_weight=11.579403607174756 16.082849887665361 14.491602569818498 13.458017060067503 11.346309008542447 8.9739357586950046 11.962028954643754
leaf_count=278 301 354 278 186 204 226
internal_value=2.39008e-05 -0.000713008 -0.00419654 0.00115168 0.0043402 0.00150886
internal_weight=87.8941 71.8113 25.0374 46.7739 35.4276 26.4536
internal_count=1827 1526 556 970 784 580
is_linear=0
shrinkage=0.03


Tree=369
num_leaves=7
num_cat=0
split_feature=0 5 2 0 1 2
split_gain=0.237803 1.25248 0.948761 1.12948 1.11038 1.11251
threshold=2.4114170855682464e-06 84.529914855957045 5.6917504480225041e-05 2.5412047762074511e-05 1.2567886187753176e-05 0.00039700974593870347
decision_type=2 2 2 2 2 2
left_child=-1 -2 -3 -4 -5 -6
right_child=1 2 3 4 5 -7
leaf_value=-0.0037181611707373134 0.010136021662121053 -0.009447512699996009 0.0078037029015940894 -0.0091512923175400638 0.0078855798978219351 -0.0043892421857954535
leaf_weight=13.019193050917236 10.779398461338131 9.917439461918546 14.519665130879728 13.031695126555858 12.848239194601776 13.764605543576179
leaf_count=248 241 201 332 287 187 331
internal_value=2.39821e-05 0.000674784 -0.000916724 0.000645259 -0.00197649 0.00153684
internal_weight=87.8802 74.861 64.0816 54.1642 39.6445 26.6128
internal_count=1827 1579 1338 1137 805 518
is_linear=0
shrinkage=0.03


Tree=370
num_leaves=7
num_cat=0
split_feature=5 4 1 2 4 0
split_gain=0.238979 0.74073 0.651856 1.23688 1.30238 2.00084
threshold=87.609649658203139 130.50000000000003 2.7566335347728459e-06 9.5232720923377215e-05 154.50000000000003 0.00014270540850702676
decision_type=2 2 2 2 2 2
left_child=1 -1 -2 -4 5 -5
right_child=2 -3 3 4 -6 -7
leaf_value=0.0034671880589308354 0.0078031631358413938 -0.006272627245211806 -0.0080776833667568406 -0.0017592271538663681 -0.005620414920682896 0.015869519949152439
leaf_weight=12.055256847292187 10.740491933189331 16.850123762153089 13.492619985714553 12.049771392252298 11.520992062054573 11.161995977628974
leaf_count=211 294 323 233 237 178 351
internal_value=2.3995e-05 -0.00221055 0.00111938 -0.000369196 0.00262532 0.00671802
internal_weight=87.8713 28.9054 58.9659 48.2254 34.7328 23.2118
internal_count=1827 534 1293 999 766 588
is_linear=0
shrinkage=0.03


Tree=371
num_leaves=7
num_cat=0
split_feature=1 1 0 5 2 0
split_gain=0.232704 0.624065 0.627058 0.828037 1.91462 1.89325
threshold=3.1737812605570077e-05 1.2567886187753176e-05 2.5412047762074511e-05 83.527133941650405 6.2684084696229561e-05 4.3092209125461531e-06
decision_type=2 2 2 2 2 2
left_child=1 2 3 -1 5 -5
right_child=-2 -3 -4 4 -6 -7
leaf_value=-0.0041059958541537298 -0.0030094159414358387 0.0078136026588529663 -0.00585725046378399 0.0080695979641221965 0.014831276172027397 -0.010667681723880603
leaf_weight=16.120267368387431 18.076510477345437 9.836280635558067 14.157587301917372 9.8141834950074607 10.248676981776951 9.6014012573286873
leaf_count=294 322 245 319 245 242 160
internal_value=2.408e-05 0.000809925 -0.000339352 0.0013669 0.00434101 -0.00119637
internal_weight=87.8549 69.7784 59.9421 45.7845 29.6643 19.4156
internal_count=1827 1505 1260 941 647 405
is_linear=0
shrinkage=0.03


Tree=372
num_leaves=7
num_cat=0
split_feature=0 5 5 7 1 2
split_gain=0.223438 1.22393 0.887558 0.737164 1.2825 1.94343
threshold=2.4114170855682464e-06 84.529914855957045 90.098037719726577 9.5000000000000018 2.6620037715474613e-05 0.00010303948511136697
decision_type=2 2 2 2 2 2
left_child=-1 -2 -3 4 5 -4
right_child=1 2 3 -5 -6 -7
leaf_value=-0.0035969656815352581 0.010031941161403461 -0.0091324559387490518 -0.0043741989855726722 0.0065921463901598204 -0.0084081547857982122 0.012477840510993014
leaf_weight=13.056480793748049 10.732985765207557 9.9846893972717208 14.735092067858206 13.781008282210676 14.965943778399376 10.582030238118021
leaf_count=248 241 219 278 310 247 284
internal_value=2.41506e-05 0.000656378 -0.000914735 0.000602935 -0.001446 0.0026696
internal_weight=87.8382 74.7817 64.0488 54.0641 40.2831 25.3171
internal_count=1827 1579 1338 1119 809 562
is_linear=0
shrinkage=0.03


Tree=373
num_leaves=7
num_cat=0
split_feature=1 1 0 0 0 6
split_gain=0.236802 0.595152 0.422602 1.05227 0.807719 0.71229
threshold=3.5442761145532138e-05 1.6652368685754485e-05 1.3737393601331862e-05 2.9855276807211343e-05 6.5204078509850669e-06 0.77500000596046459
decision_type=2 2 2 2 2 2
left_child=1 2 4 -4 5 -1
right_child=-2 -3 3 -5 -6 -7
leaf_value=0.0055497150332542225 0.0033151759812991241 -0.0076869767617362911 0.01197522313256682 -0.0014908496466801255 -0.0084497433213267855 -0.0038281308933247795
leaf_weight=15.435869830427691 16.076102219056338 9.5479318979196233 8.4916899562813359 13.56626072572544 10.891098067164419 13.811970796901733
leaf_count=315 301 189 203 336 210 273
internal_value=2.42387e-05 -0.000713173 0.000357386 0.00369321 -0.00147578 0.00112113
internal_weight=87.8209 71.7448 62.1969 22.058 40.1389 29.2478
internal_count=1827 1526 1337 539 798 588
is_linear=0
shrinkage=0.03


Tree=374
num_leaves=9
num_cat=0
split_feature=2 6 0 7 4 9 2 1
split_gain=0.225474 0.923323 2.62909 1.88364 1.57262 3.04466 2.16122 0.154609
threshold=3.9580138036399155e-05 0.6904762089252473 5.9947954014205615e-06 4.5000000000000009 150.50000000000003 2.5000000000000004 9.4249302492244183e-05 1.3327276519703448e-05
decision_type=2 2 2 2 2 2 2 2
left_child=-1 4 -3 -4 5 6 -2 -5
right_child=1 2 3 7 -6 -7 -8 -9
leaf_value=0.004162824601523867 0.015357956570882774 -0.017788371226376647 0.013160550203427074 -0.0019004251381323368 0.011422503082298962 -0.014483098430712367 -0.0036873014697221839 -0.007794495918212822
leaf_weight=10.438263851683585 10.099805640988057 9.36137677868828 7.7177312227431711 7.923491518013182 12.286022955784572 10.459848789963869 11.432727389037607 8.1000376613810641
leaf_count=200 192 172 211 217 211 198 237 189
internal_value=2.39978e-05 -0.000534306 -0.00432436 0.00098461 0.00229915 -0.00120449 0.00524585 -0.00487993
internal_weight=87.8193 77.381 33.1026 23.7413 44.2784 31.9924 21.5325 16.0235
internal_count=1827 1627 789 617 838 627 429 406
is_linear=0
shrinkage=0.03


Tree=375
num_leaves=7
num_cat=0
split_feature=4 0 2 2 4 6
split_gain=0.236398 0.539665 1.29551 1.0295 1.86994 0.746023
threshold=160.50000000000003 1.3737393601331862e-05 5.4152516895555898e-05 0.00015719753719167787 128.50000000000003 0.55000001192092907
decision_type=2 2 2 2 2 2
left_child=1 2 5 -3 -5 -1
right_child=-2 3 -4 4 -6 -7
leaf_value=-0.0030300114492386242 -0.0040398886708818528 0.0090664756693913679 -0.0097526014245012498 -0.012085998590977929 0.0053740120780397214 0.007501943756607796
leaf_weight=12.480493021197617 11.230315025895832 15.559299652464686 12.693964791949837 8.5657862015068549 15.528318635188041 11.753637838177383
leaf_count=232 194 327 254 188 394 238
internal_value=2.48485e-05 0.000620923 -0.00198873 0.00305122 -0.000833262 0.00207802
internal_weight=87.8118 76.5815 36.9281 39.6534 24.0941 24.2341
internal_count=1827 1633 724 909 582 470
is_linear=0
shrinkage=0.03


Tree=376
num_leaves=7
num_cat=0
split_feature=1 1 0 1 1 5
split_gain=0.235627 0.556666 0.395508 0.745254 1.32352 0.498839
threshold=3.5442761145532138e-05 1.6652368685754485e-05 3.4922899430966943e-05 4.1459168187429904e-06 2.1594313466266617e-06 83.130081176757827
decision_type=2 2 2 2 2 2
left_child=1 2 3 4 5 -1
right_child=-2 -3 -4 -5 -6 -7
leaf_value=-0.0070866937148779761 0.003308470558553489 -0.0074337448325208664 0.0054751268183857666 -0.00662514893916759 0.0092491283342130727 0.001551527068364425
leaf_weight=11.803415424656125 16.068756164517254 9.600742999929933 11.047554706688969 14.199407563079147 12.820544588146729 12.272277574520556
leaf_count=180 301 189 309 313 288 247
internal_value=2.48204e-05 -0.000710631 0.000328049 -0.000784817 0.00146282 -0.00268347
internal_weight=87.8127 71.7439 62.1432 51.0956 36.8962 24.0757
internal_count=1827 1526 1337 1028 715 427
is_linear=0
shrinkage=0.03


Tree=377
num_leaves=7
num_cat=0
split_feature=1 1 7 7 5 1
split_gain=0.222132 0.520404 0.392288 1.05099 2.26245 1.97268
threshold=3.5442761145532138e-05 1.6652368685754485e-05 11.500000000000002 4.5000000000000009 84.924243927001967 4.245955324222451e-06
decision_type=2 2 2 2 2 2
left_child=1 2 3 4 -1 -6
right_child=-2 -3 -4 -5 5 -7
leaf_value=0.010484453114008301 0.0032180110654593435 -0.007166310672905683 -0.0040175518446118521 0.0094230621617974793 -0.012852398353700056 0.0042867910190143186
leaf_weight=10.91427775705233 16.025507501326501 9.6593445227481407 14.417645464651285 11.740166459698228 14.860787139739843 10.186971360119058
leaf_count=224 301 189 271 301 316 225
internal_value=2.45542e-05 -0.000688421 0.000318861 0.00162951 -0.000914773 -0.00588186
internal_weight=87.8047 71.7792 62.1198 47.7022 35.962 25.0478
internal_count=1827 1526 1337 1066 765 541
is_linear=0
shrinkage=0.03


Tree=378
num_leaves=7
num_cat=0
split_feature=4 0 2 2 4 6
split_gain=0.220215 0.511467 1.20475 0.998594 1.76092 0.699309
threshold=160.50000000000003 1.3737393601331862e-05 5.4152516895555898e-05 0.00015719753719167787 128.50000000000003 0.55000001192092907
decision_type=2 2 2 2 2 2
left_child=1 2 5 -3 -5 -1
right_child=-2 3 -4 4 -6 -7
leaf_value=-0.0029220151869360183 -0.0038904778310953 0.00891790467032752 -0.0093786527724740183 -0.011703676448116335 0.0052153749049507437 0.0072890845288494273
leaf_weight=12.510833897860721 11.270213748328386 15.47664199862629 12.79724979540333 8.6299116802401858 15.44497014232911 11.663792529143393
leaf_count=232 194 327 254 188 394 238
internal_value=2.46359e-05 0.000601246 -0.00193551 0.00297255 -0.000849449 0.00200464
internal_weight=87.7936 76.5234 36.9719 39.5515 24.0749 24.1746
internal_count=1827 1633 724 909 582 470
is_linear=0
shrinkage=0.03


Tree=379
num_leaves=7
num_cat=0
split_feature=5 4 1 2 6 2
split_gain=0.217926 0.663518 0.621112 1.28244 1.01184 2.11382
threshold=87.609649658203139 130.50000000000003 2.7566335347728459e-06 8.2273985754000037e-05 0.63333335518836986 0.00032170533086173242
decision_type=2 2 2 2 2 2
left_child=1 -1 -2 -4 -5 -6
right_child=2 -3 3 4 5 -7
leaf_value=0.003297046631091068 0.0076240073155244559 -0.0059221446193381232 -0.010167694565476769 0.006944585652133347 -0.011759304717852874 0.0081869127304664835
leaf_weight=11.989096583798529 10.665139978518708 16.972511823754758 9.6330418707802874 19.215739264152944 10.619806053582581 8.6984387063421291
leaf_count=211 294 323 176 350 201 272
internal_value=2.45734e-05 -0.00210572 0.00107326 -0.000377201 0.00207031 -0.00277811
internal_weight=87.7938 28.9616 58.8322 48.167 38.534 19.3182
internal_count=1827 534 1293 999 823 473
is_linear=0
shrinkage=0.03


Tree=380
num_leaves=7
num_cat=0
split_feature=1 1 7 5 7 5
split_gain=0.234791 0.590003 0.568469 0.973447 1.56425 1.13091
threshold=5.6779192163958221e-05 1.9386717212910302e-05 11.500000000000002 84.924243927001967 3.5000000000000004 95.453498840332045
decision_type=2 2 2 2 2 2
left_child=1 2 3 -1 5 -5
right_child=-2 -3 -4 4 -6 -7
leaf_value=0.0076339222013603863 -0.0038492039809453838 0.0069442056122030549 -0.0054922127137089806 -0.013970193954453666 0.0077055354841784173 -0.00054558038323371965
leaf_weight=14.501923197414724 12.135091049596666 11.373695711139588 15.411529457662253 9.5371954389847815 10.981174941873176 13.848126473370939
leaf_count=304 238 203 286 216 306 274
internal_value=2.45828e-05 0.000645951 -0.000468463 0.00111587 -0.00163461 -0.00602052
internal_weight=87.7887 75.6536 64.2799 48.8684 34.3665 23.3853
internal_count=1827 1589 1386 1100 796 490
is_linear=0
shrinkage=0.03


Tree=381
num_leaves=7
num_cat=0
split_feature=1 1 0 5 2 0
split_gain=0.227479 0.608905 0.712072 0.889238 1.80677 1.7474
threshold=3.1737812605570077e-05 1.2567886187753176e-05 2.5412047762074511e-05 83.527133941650405 6.2684084696229561e-05 4.3092209125461531e-06
decision_type=2 2 2 2 2 2
left_child=1 2 3 -1 5 -5
right_child=-2 -3 -4 4 -6 -7
leaf_value=-0.0042142475974649872 -0.0029748265695230857 0.007735062832693494 -0.0062479174761760998 0.0081471257173473723 0.014775275557945737 -0.0097627130684908164
leaf_weight=16.062599330674857 18.072612235788256 9.7986625910270941 14.024123378563671 9.8289690783713066 10.210356947965918 9.7826880402863008
leaf_count=294 322 245 319 245 242 160
internal_value=2.44948e-05 0.000802111 -0.000331842 0.00147634 0.00454138 -0.000786661
internal_weight=87.78 69.7074 59.9087 45.8846 29.822 19.6117
internal_count=1827 1505 1260 941 647 405
is_linear=0
shrinkage=0.03


Tree=382
num_leaves=7
num_cat=0
split_feature=0 5 5 7 1 2
split_gain=0.218295 1.15932 0.762454 0.735972 1.20333 1.47303
threshold=2.4114170855682464e-06 84.529914855957045 90.098037719726577 9.5000000000000018 3.1737812605570077e-05 0.00010303948511136697
decision_type=2 2 2 2 2 2
left_child=-1 -2 -3 4 5 -4
right_child=1 2 3 -5 -6 -7
leaf_value=-0.0035535444693885862 0.0098255093772678225 -0.0084213053908112501 -0.0041717673014706027 0.00653812437061664 -0.0088578425462209412 0.0099655562475647105
leaf_weight=13.061797749251125 10.63009084574878 10.13595576956868 14.807764172554018 13.748112678993492 13.363619106356053 12.015531078679485
leaf_count=248 241 219 279 310 220 310
internal_value=2.45359e-05 0.000650178 -0.000872111 0.000546601 -0.00150312 0.00216107
internal_weight=87.7629 74.7011 64.071 53.935 40.1869 26.8233
internal_count=1827 1579 1338 1119 809 589
is_linear=0
shrinkage=0.03


Tree=383
num_leaves=7
num_cat=0
split_feature=1 1 1 4 4 2
split_gain=0.230807 0.574975 0.877613 1.19173 0.826981 0.659918
threshold=3.5442761145532138e-05 8.9914587988459988e-06 4.9520333504915479e-06 121.50000000000001 136.50000000000003 6.0156451581860899e-05
decision_type=2 2 2 2 2 2
left_child=1 2 3 -1 -5 -6
right_child=-2 -3 -4 4 5 -7
leaf_value=-0.0099529319278282378 0.0032768949791025796 -0.0056493685746782383 0.0088107385266392637 0.0089030210144804296 0.002936505161899315 -0.0069126768480612744
leaf_weight=10.361499805003403 16.046421486418694 16.334422821411863 9.9794892023783159 10.035574013367293 14.259064079262318 10.729630024638025
leaf_count=186 301 385 238 207 328 182
internal_value=2.45129e-05 -0.000703372 0.000755847 -0.00101527 0.00162882 -0.00129253
internal_weight=87.7461 71.6997 55.3653 45.3858 35.0243 24.9887
internal_count=1827 1526 1141 903 717 510
is_linear=0
shrinkage=0.03


Tree=384
num_leaves=7
num_cat=0
split_feature=1 1 4 1 1 2
split_gain=0.217574 0.557627 0.913116 1.02606 0.939779 0.741304
threshold=3.5442761145532138e-05 6.7195956034993296e-06 121.50000000000001 1.850883847964724e-06 3.9998717511480217e-06 0.00015719753719167787
decision_type=2 2 2 2 2 2
left_child=1 2 -1 -4 -5 -3
right_child=-2 5 3 4 -6 -7
leaf_value=-0.0065249603300144053 0.0031872115837559248 0.0012694651682396067 -0.0020123417100935252 0.013001814954884767 0.0001936501101092182 -0.010112285983904092
leaf_weight=11.290194283938034 16.00366643210873 9.6053593275137263 18.535395640879869 12.342135562561454 8.8547482099384052 11.103685656562446
leaf_count=222 301 242 334 317 163 248
internal_value=2.43273e-05 -0.000681328 0.00100382 0.00314317 0.00765136 -0.00483315
internal_weight=87.7352 71.7315 51.0225 39.7323 21.1969 20.709
internal_count=1827 1526 1036 814 480 490
is_linear=0
shrinkage=0.03


Tree=385
num_leaves=9
num_cat=0
split_feature=2 6 0 7 4 9 2 1
split_gain=0.21833 0.89613 2.46729 1.82413 1.48643 2.8806 2.13813 0.149311
threshold=3.9580138036399155e-05 0.6904762089252473 5.9947954014205615e-06 4.5000000000000009 150.50000000000003 2.5000000000000004 9.4249302492244183e-05 1.3327276519703448e-05
decision_type=2 2 2 2 2 2 2 2
left_child=-1 4 -3 -4 5 6 -2 -5
right_child=1 2 3 7 -6 -7 -8 -9
leaf_value=0.0041043460604116557 0.015281672803099892 -0.017216293692269565 0.012977229271889502 -0.0019019645268893068 0.011197746390896348 -0.013945851359107839 -0.0036921757484303453 -0.0076921383197328646
leaf_weight=10.403418015688656 10.050746098160745 9.4483294864185137 7.6432843550574061 7.9203941137529936 12.167108583264051 10.562278809491543 11.417121503036467 8.1148749152198416
leaf_count=200 192 172 211 217 211 198 237 189
internal_value=2.41661e-05 -0.000524793 -0.0042552 0.000916593 0.00227124 -0.00111963 0.00519093 -0.00483216
internal_weight=87.7276 77.3241 33.1269 23.6786 44.1973 32.0301 21.4679 16.0353
internal_count=1827 1627 789 617 838 627 429 406
is_linear=0
shrinkage=0.03


Tree=386
num_leaves=7
num_cat=0
split_feature=4 0 2 2 4 6
split_gain=0.22754 0.469598 1.15244 0.938886 1.61379 0.692109
threshold=160.50000000000003 1.3737393601331862e-05 5.4152516895555898e-05 0.00015719753719167787 128.50000000000003 0.55000001192092907
decision_type=2 2 2 2 2 2
left_child=1 2 5 -3 -5 -1
right_child=-2 3 -4 4 -6 -7
leaf_value=-0.0028499174658144955 -0.0039605797320818627 0.0086944813976240418 -0.0090621035810770512 -0.011099190374331384 0.0050523455885987173 0.0073078182191733216
leaf_weight=12.521536957472563 11.240240274928508 15.32801883574575 12.880317591130732 8.7337460904382187 15.357593215070663 11.657450238708407
leaf_count=232 194 327 254 188 394 238
internal_value=2.49441e-05 0.000610706 -0.00181378 0.00289004 -0.000803012 0.00204745
internal_weight=87.7189 76.4787 37.0593 39.4194 24.0913 24.179
internal_count=1827 1633 724 909 582 470
is_linear=0
shrinkage=0.03


Tree=387
num_leaves=7
num_cat=0
split_feature=4 4 7 0 7 0
split_gain=0.217857 0.686976 0.750873 1.26939 1.09138 1.24492
threshold=119.50000000000001 133.50000000000003 13.500000000000002 0.00013704002776648852 1.0000000180025095e-35 8.5968786152079718e-06
decision_type=2 2 2 2 2 2
left_child=-1 -2 3 4 -3 -6
right_child=1 2 -4 -5 5 -7
leaf_value=0.0033023460450924635 -0.0057916662915605734 -0.0012161488851589084 -0.0062076903052824661 -0.0067528542781244765 0.018262701730423318 0.0034579330660774133
leaf_weight=15.108763037016613 17.726745760068297 13.514329921454189 10.512821826152502 9.9101415344048274 8.8579993436578679 12.087562921922652
leaf_count=339 358 217 175 260 258 220
internal_value=2.48344e-05 -0.000657157 0.00100125 0.0027093 0.00543047 0.00971896
internal_weight=87.7184 72.6096 54.8829 44.37 34.4599 20.9456
internal_count=1827 1488 1130 955 695 478
is_linear=0
shrinkage=0.03


Tree=388
num_leaves=7
num_cat=0
split_feature=1 5 0 1 0 2
split_gain=0.230282 0.523598 1.12528 1.08725 0.983543 0.595306
threshold=3.5442761145532138e-05 92.450141906738295 1.8392835045233372e-05 2.1895403961025299e-06 4.797241308551748e-05 6.0394006140995777e-05
decision_type=2 2 2 2 2 2
left_child=1 3 -3 -1 -4 -5
right_child=-2 2 4 5 -6 -7
leaf_value=-0.0024070113360387508 0.0032739022533996905 0.0036759929390097279 -0.014127875242052642 0.0021432254827953982 -0.0017010007477917632 0.014511271678408745
leaf_weight=20.892272370867431 16.041558587923646 13.531091689364983 10.292611709795894 6.929683266207574 12.936664205742998 7.0820518957916647
leaf_count=346 301 306 161 154 309 250
internal_value=2.47896e-05 -0.000702501 -0.00320121 0.00192911 -0.0072072 0.0083945
internal_weight=87.7059 71.6644 36.7604 34.904 23.2293 14.0117
internal_count=1827 1526 776 750 470 404
is_linear=0
shrinkage=0.03


Tree=389
num_leaves=7
num_cat=0
split_feature=1 1 4 1 1 7
split_gain=0.217083 0.497474 0.867774 0.970749 1.04339 0.680835
threshold=3.5442761145532138e-05 6.7195956034993296e-06 121.50000000000001 1.850883847964724e-06 4.0491204345016749e-06 5.5000000000000009
decision_type=2 2 2 2 2 2
left_child=1 2 -1 -4 -5 -3
right_child=-2 5 3 4 -6 -7
leaf_value=-0.006405871724943198 0.0031842901693775517 0.00014510211370848388 -0.001990581947438428 0.013023217393193736 -0.00056054200103919849 -0.010804812019345909
leaf_weight=11.317597214132546 15.998868315480648 11.828056263271721 18.526811783201993 12.358778970083224 8.651999752968548 8.998376527335493
leaf_count=222 301 263 334 319 161 227
internal_value=2.46188e-05 -0.000680599 0.000918747 0.00301541 0.00742958 -0.00458597
internal_weight=87.6805 71.6816 50.8552 39.5376 21.0108 20.8264
internal_count=1827 1526 1036 814 480 490
is_linear=0
shrinkage=0.03


Tree=390
num_leaves=7
num_cat=0
split_feature=0 0 4 4 5 0
split_gain=0.21442 0.575243 0.513745 1.37368 1.09649 0.837226
threshold=3.5743387343245563e-06 5.9947954014205615e-06 120.50000000000001 133.50000000000003 98.211532592773452 0.00011730100231943653
decision_type=2 2 2 2 2 2
left_child=-1 -2 -3 -4 -5 -6
right_child=1 2 3 4 5 -7
leaf_value=0.0030412675589055701 -0.0072280629800908483 0.0068697723010525125 -0.010105065349888817 0.010165191758977897 0.002822413962267721 -0.0076317588075888836
leaf_weight=17.074195170542225 10.379002901725469 9.3806719218846393 11.094100764952598 10.472058780957012 18.162366541102532 11.113179463660343
leaf_count=376 177 255 244 236 268 271
internal_value=2.44387e-05 -0.000705149 0.00041904 -0.000771168 0.00183405 -0.00114606
internal_weight=87.6756 70.6014 60.2224 50.8417 39.7476 29.2755
internal_count=1827 1451 1274 1019 775 539
is_linear=0
shrinkage=0.03


Tree=391
num_leaves=6
num_cat=0
split_feature=4 7 4 9 7
split_gain=0.21734 0.767405 0.68987 1.66854 0.419998
threshold=137.50000000000003 8.5000000000000018 145.50000000000003 2.5000000000000004 1.5000000000000002
decision_type=2 2 2 2 2
left_child=1 4 -2 -4 -1
right_child=2 -3 3 -5 -6
leaf_value=0.0012720083319209964 -0.0062623213875334762 -0.0054101944224604088 -0.0044146980110945306 0.0095914706886795712 0.008657231929941089
leaf_weight=17.707106682471935 16.671124295797199 10.171974653378127 18.844855817966167 12.891552702523766 11.387471820693461
leaf_count=318 350 247 308 312 292
internal_value=2.42931e-05 0.00168274 -0.00132098 0.00127471 0.00416255
internal_weight=87.6741 39.2666 48.4075 31.7364 29.0946
internal_count=1827 857 970 620 610
is_linear=0
shrinkage=0.03


Tree=392
num_leaves=7
num_cat=0
split_feature=4 0 0 2 4 0
split_gain=0.219948 0.488854 1.13042 0.903397 1.58319 0.82225
threshold=160.50000000000003 1.3737393601331862e-05 4.8726924433140093e-06 0.00015719753719167787 128.50000000000003 2.4114170855682464e-06
decision_type=2 2 2 2 2 2
left_child=1 2 5 -3 -5 -1
right_child=-2 3 -4 4 -6 -7
leaf_value=-0.0029011635881338884 -0.0038923647453821268 0.0086321063918786134 -0.0081168659759606639 -0.010857140012822737 0.0051118981225057539 0.008820084230328977
leaf_weight=11.61892210878432 11.249669995158909 15.283364416565744 15.311859795823691 8.7737383847124892 15.385976430494336 10.041557072661815
leaf_count=216 194 327 282 188 394 226
internal_value=2.40497e-05 0.000600614 -0.00187776 0.00292374 -0.000687349 0.00253268
internal_weight=87.6651 76.4154 36.9723 39.4431 24.1597 21.6605
internal_count=1827 1633 724 909 582 442
is_linear=0
shrinkage=0.03


Tree=393
num_leaves=7
num_cat=0
split_feature=1 5 0 1 0 2
split_gain=0.220931 0.484569 1.05721 1.02173 0.961455 0.572797
threshold=3.5442761145532138e-05 92.450141906738295 1.8392835045233372e-05 2.1895403961025299e-06 4.797241308551748e-05 6.0394006140995777e-05
decision_type=2 2 2 2 2 2
left_child=1 3 -3 -1 -4 -5
right_child=-2 2 4 5 -6 -7
leaf_value=-0.0023361030056657352 0.0032104597062334317 0.0036010063583437227 -0.013763462702977463 0.0020374139501221585 -0.0015132583158753155 0.014226285519193532
leaf_weight=20.920120574533939 16.007013555150479 13.492095842026172 10.361743927001955 6.9058155333623272 13.000940702622755 6.9740982335060835
leaf_count=346 301 306 161 154 309 250
internal_value=2.39751e-05 -0.000687856 -0.00308514 0.00185097 -0.00694643 0.00816183
internal_weight=87.6618 71.6548 36.8548 34.8 23.3627 13.8799
internal_count=1827 1526 776 750 470 404
is_linear=0
shrinkage=0.03


Tree=394
num_leaves=7
num_cat=0
split_feature=5 9 1 7 1 1
split_gain=0.218676 0.868289 0.932071 0.683925 0.982062 1.60094
threshold=94.570026397705092 2.5000000000000004 3.4847706729124188e-06 9.5000000000000018 2.6620037715474613e-05 5.2959799177187969e-06
decision_type=2 2 2 2 2 2
left_child=1 2 -1 4 5 -2
right_child=3 -3 -4 -5 -6 -7
leaf_value=-4.159839275898872e-05 -0.0045224575085776285 0.0037827653359439033 -0.011717550470024953 0.0080213204189085226 -0.0067171616016561695 0.012042521303973309
leaf_weight=14.291855250019582 10.815036594634877 16.552891333121806 10.805556279607115 10.881350596435366 14.083677791059015 10.206275198608635
leaf_count=259 222 374 267 238 231 236
internal_value=2.37998e-05 -0.00155085 -0.00506862 0.00144998 -0.000586914 0.00352018
internal_weight=87.6366 41.6503 25.0974 45.9863 35.105 21.0213
internal_count=1827 900 526 927 689 458
is_linear=0
shrinkage=0.03


Tree=395
num_leaves=7
num_cat=0
split_feature=1 5 0 1 0 2
split_gain=0.223105 0.472117 1.00501 1.00163 0.892891 0.558075
threshold=3.5442761145532138e-05 92.450141906738295 1.8392835045233372e-05 2.1895403961025299e-06 6.6092434281017645e-05 6.0394006140995777e-05
decision_type=2 2 2 2 2 2
left_child=1 3 -3 -1 -4 -5
right_child=-2 2 4 5 -6 -7
leaf_value=-0.0023242957262289946 0.0032250260411501959 0.0034817255029833114 -0.01219487037355969 0.0020452794101748569 -0.0004373573137595873 0.014097106674032337
leaf_weight=20.925125285983086 16.012980672996491 13.439823783002792 12.693273560144009 6.9057893590070289 10.724730398971586 6.9263726589269936
leaf_count=346 301 306 197 154 273 250
internal_value=2.37663e-05 -0.000692028 -0.00305741 0.00181631 -0.00681029 0.00808016
internal_weight=87.6281 71.6151 36.8578 34.7573 23.418 13.8322
internal_count=1827 1526 776 750 470 404
is_linear=0
shrinkage=0.03


Tree=396
num_leaves=7
num_cat=0
split_feature=5 4 4 0 4 2
split_gain=0.219028 0.704888 0.580375 1.36889 1.0009 1.291
threshold=87.609649658203139 130.50000000000003 137.50000000000003 0.00012501409946708011 158.50000000000003 9.5232720923377215e-05
decision_type=2 2 2 2 2 2
left_child=1 -1 3 -2 5 -4
right_child=2 -3 4 -5 -6 -7
leaf_value=0.0034394054691184906 -0.00083097198907418205 -0.0060682469639850483 -0.011985894271087637 0.014443959123087022 0.0062245940843599573 0.0016849145569781088
leaf_weight=12.013364234939219 14.211280836956577 16.877871090080589 11.519377734977754 8.4019618663005513 11.073934080544857 13.506318391533567
leaf_count=211 337 323 204 232 192 328
internal_value=2.35817e-05 -0.00211484 0.00107585 0.00484444 -0.00128484 -0.00460779
internal_weight=87.6041 28.8912 58.7129 22.6132 36.0996 25.0257
internal_count=1827 534 1293 569 724 532
is_linear=0
shrinkage=0.03


Tree=397
num_leaves=7
num_cat=0
split_feature=1 1 1 4 1 1
split_gain=0.226733 0.606332 0.565126 0.864616 0.917154 0.98561
threshold=5.6779192163958221e-05 1.9386717212910302e-05 6.7195956034993296e-06 121.50000000000001 1.850883847964724e-06 4.0491204345016749e-06
decision_type=2 2 2 2 2 2
left_child=1 2 3 -1 -5 -6
right_child=-2 -3 -4 4 5 -7
leaf_value=-0.0063682813629142403 -0.0037804578671505563 0.007021741576384374 -0.0060157809679872928 -0.0018091408213630291 0.012831560951145515 -0.00038969906848375179
leaf_weight=11.320213254773988 12.146448233164845 11.366043088026343 13.24608302535489 18.606526672374457 12.234443719265984 8.6712768608704192
leaf_count=222 238 203 350 334 319 161
internal_value=2.35234e-05 0.000635958 -0.000496732 0.00094144 0.00303567 0.00734765
internal_weight=87.591 75.4446 64.0785 50.8325 39.5122 20.9057
internal_count=1827 1589 1386 1036 814 480
is_linear=0
shrinkage=0.03


Tree=398
num_leaves=7
num_cat=0
split_feature=4 2 0 6 0 4
split_gain=0.22663 0.470216 1.09348 2.02782 0.967176 1.68039
threshold=160.50000000000003 3.9580138036399155e-05 1.3737393601331862e-05 0.77500000596046459 8.4083956608083113e-05 128.50000000000003
decision_type=2 2 2 2 2 2
left_child=1 -1 3 -3 -4 -6
right_child=-2 2 4 -5 5 -7
leaf_value=0.0065942889364552747 -0.0039567064851549101 0.0029023413363669271 0.0076525613844482272 -0.013614566884831475 -0.012588669366859614 0.0052275279914333148
leaf_weight=10.228957884944974 11.225684107746927 14.002176186535507 19.33116261777468 12.810041966848075 7.8382982481271055 12.150050103198735
leaf_count=196 194 286 389 242 175 345
internal_value=2.33573e-05 0.000608461 -0.0003174 -0.00498892 0.00286814 -0.00175898
internal_weight=87.5864 76.3607 66.1317 26.8122 39.3195 19.9883
internal_count=1827 1633 1437 528 909 520
is_linear=0
shrinkage=0.03


Tree=399
num_leaves=7
num_cat=0
split_feature=4 4 7 0 1 4
split_gain=0.220214 0.612518 0.735396 1.24959 1.43961 1.78057
threshold=119.50000000000001 133.50000000000003 13.500000000000002 0.00013704002776648852 7.7669533311564027e-06 143.50000000000003
decision_type=2 2 2 2 2 2
left_child=-1 -2 3 4 5 -3
right_child=1 2 -4 -5 -6 -7
leaf_value=0.003319086572349673 -0.0054914651994207994 0.011436160322674239 -0.0062265968580907721 -0.0067812522686859205 0.014965364948137742 -0.0051550911043953167
leaf_weight=15.101552207488565 17.829956750385463 9.6237985868938285 10.493992996867744 9.8969544973224384 9.9030051212757808 14.735166090074925
leaf_count=339 358 206 175 260 179 310
internal_value=2.3468e-05 -0.000663163 0.000912022 0.00260845 0.00532078 0.00139982
internal_weight=87.5844 72.4829 54.6529 44.1589 34.262 24.359
internal_count=1827 1488 1130 955 695 516
is_linear=0
shrinkage=0.03


end of trees

feature_importances:
Column_0=543
Column_1=528
Column_4=426
Column_2=334
Column_5=204
Column_7=185
Column_6=126
Column_9=53

parameters:
[boosting: gbdt]
[objective: binary]
[metric: binary_logloss]
[tree_learner: serial]
[device_type: cpu]
[data_sample_strategy: bagging]
[data: ]
[valid: ]
[num_iterations: 400]
[learning_rate: 0.03]
[num_leaves: 31]
[num_threads: 10]
[seed: 0]
[deterministic: 0]
[force_col_wise: 0]
[force_row_wise: 0]
[histogram_pool_size: -1]
[max_depth: -1]
[min_data_in_leaf: 200]
[min_sum_hessian_in_leaf: 0.001]
[bagging_fraction: 1]
[pos_bagging_fraction: 1]
[neg_bagging_fraction: 1]
[bagging_freq: 0]
[bagging_seed: 3]
[bagging_by_query: 0]
[feature_fraction: 1]
[feature_fraction_bynode: 1]
[feature_fraction_seed: 2]
[extra_trees: 0]
[extra_seed: 6]
[early_stopping_round: 0]
[early_stopping_min_delta: 0]
[first_metric_only: 0]
[max_delta_step: 0]
[lambda_l1: 0]
[lambda_l2: 0]
[linear_lambda: 0]
[min_gain_to_split: 0]
[drop_rate: 0.1]
[max_drop: 50]
[skip_drop: 0.5]
[xgboost_dart_mode: 0]
[uniform_drop: 0]
[drop_seed: 4]
[top_rate: 0.2]
[other_rate: 0.1]
[min_data_per_group: 100]
[max_cat_threshold: 32]
[cat_l2: 10]
[cat_smooth: 10]
[max_cat_to_onehot: 4]
[top_k: 20]
[monotone_constraints: ]
[monotone_constraints_method: basic]
[monotone_penalty: 0]
[feature_contri: ]
[forcedsplits_filename: ]
[refit_decay_rate: 0.9]
[cegb_tradeoff: 1]
[cegb_penalty_split: 0]
[cegb_penalty_feature_lazy: ]
[cegb_penalty_feature_coupled: ]
[path_smooth: 0]
[interaction_constraints: ]
[verbosity: -1]
[saved_feature_importance_type: 0]
[use_quantized_grad: 0]
[num_grad_quant_bins: 4]
[quant_train_renew_leaf: 0]
[stochastic_rounding: 1]
[linear_tree: 0]
[max_bin: 255]
[max_bin_by_feature: ]
[min_data_in_bin: 3]
[bin_construct_sample_cnt: 200000]
[data_random_seed: 1]
[is_enable_sparse: 1]
[enable_bundle: 1]
[use_missing: 1]
[zero_as_missing: 0]
[feature_pre_filter: 1]
[pre_partition: 0]
[two_round: 0]
[header: 0]
[label_column: ]
[weight_column: ]
[group_column: ]
[ignore_column: ]
[categorical_feature: ]
[forcedbins_filename: ]
[precise_float_parser: 0]
[parser_config_file: ]
[objective_seed: 5]
[num_class: 1]
[is_unbalance: 0]
[scale_pos_weight: 1]
[sigmoid: 1]
[boost_from_average: 1]
[reg_sqrt: 0]
[alpha: 0.9]
[fair_c: 1]
[poisson_max_delta_step: 0.7]
[tweedie_variance_power: 1.5]
[lambdarank_truncation_level: 30]
[lambdarank_norm: 1]
[label_gain: ]
[lambdarank_position_bias_regularization: 0]
[eval_at: ]
[multi_error_top_k: 1]
[auc_mu_weights: ]
[num_machines: 1]
[local_listen_port: 12400]
[time_out: 120]
[machine_list_filename: ]
[machines: ]
[gpu_platform_id: -1]
[gpu_device_id: -1]
[gpu_use_dp: 0]
[num_gpu: 1]

end of parameters

pandas_categorical:null
