tree
version=v4
num_class=1
num_tree_per_iteration=1
label_index=0
max_feature_idx=50
objective=binary sigmoid:1
feature_names=sc prk xrk a0 a3 a4 a5 a6 a7 a8 exp rev_margin n_claim s1_name_freq noaddr_s noaddr_r nm_ratio nm_tsort nm_tset nm_partial co_jw co_tset co_alias_tset bag_ratio ad_tset n_core_s n_core_r n_core_common n_extra_r n_missing_r n_extra_sk n_missing_sk sk_jacc nw_jacc aw_jacc legal_rel n_decoy_extra n_num_s n_num_r num_jacc unit_rel len_diff src_s3 house_rel num_rel sc_ratio sc_rank n_cands grp_size grp_house_eq grp_nm_tset_mean
feature_infos=[0:489.751953125] [1:100] [1:40] [0:1] [0:1] [0:1] [0:1] [0:1] [0:1] [0:1] [0:1] [-1:0] [1:336] [1:572] none [0:1] [0:100] [0:100] [0:100] [0:100] [0:1] [0:100] none [0:100] [0:100] [1:7] [0:15] [0:5] [0:14] [0:7] [0:10] [0:6] [0:1] [0:1] [0:1] [0:2] none [0:9] [0:18] [0:1] [0:2] [0:4294967296] none [0:5] [0:5] [0:1] [1:208] [49:211] [1:36] [0:33] [0:100]
tree_sizes=1814 1969 1967 2174 1960 2607 2070 1965 2067 2173 2068 1971 2174 3721 2299 2287 2731 2410 3074 2617 1981 2954 2299 2077 2755 2975 2515 2852 3166 2972 1854 2171 3849 1871 2533 2854 2648 2863 2750 3734 2723 2297 2526 1993 1757 1658 2420 3094 2208 2749 2844 3098 2967 3203 2753 3321 2302 2863 3214 2435 2652 2983 2315 3338 3442 3325 3568 3100 3004 2097 3637 3200 3222 2755 2876 3671 3114 3216 1776 3097 1892 2988 2106 3117 3327 2091 2998 3021 3996 2985 2776 3353 2564 2330 2887 2328 2998 2655 2567 3596 2918 3115 2437 1900 1472 3047 3574 3257 2354 3227 4045 1901 1792 1884 3232 3694 3679 3700 2246 3566 3818 3151 3362 4371 4853 3138 3122 4419 3055 2140 3242 2702 3052 2479 3159 4602 3250 3818 3734 2794 3825 4524 3388 3945 4049 4061 4050 2818 3825 3603 4539 4312 4187 3377 2828 1474 3763 3722 2603 3977 2827 1367 2948 1808 3066 4675 5460 2714 3399 3528 2496 3398 3637 2925 2935 3648 3765 2947 3287 3491 3801 4225 4328 3193 2625 3172 3757 4243 2242 4001 4201 3653 3887 2502 2498 4925 3432 4216 4058 3212 3884 3871 3636 3314 2284 1581 2864 2870 2762 3307 4598 1831 3427 3551 3876 2619 2265 2854 4292 2174 2731 2969 3456 4366 3297 4950 2401 3218 4511 3770 3653 3668 4479 3445 4032 3107 3636 3650 4257 2654 4381 3334 2974 3321 3438 2621 2423 3083 3775 3915 2727 1948 3659

Tree=0
num_leaves=16
num_cat=0
split_feature=0 30 17 44 46 23 46 17 24 23 24 16 0 19 24
split_gain=34705.5 8725.81 344.268 471.085 33.354 23.0681 39.9506 5.24342 10.4334 4.4648 1.91465 1.69962 1.4843 0.684242 0.669578
threshold=151.01722717285159 1.5000000000000002 91.393299102783217 4.5000000000000009 102.50000000000001 93.44086074829103 31.500000000000004 82.413585662841811 1.0000000180025095e-35 80.982517242431655 81.589473724365249 90.366767883300795 112.80730438232423 99.333332061767592 89.56778717041017
decision_type=2 2 2 2 2 2 2 2 2 2 2 2 2 2 2
left_child=2 -2 5 4 -4 7 -7 12 9 -9 -10 -8 13 -1 -14
right_child=1 -3 3 -5 -6 6 11 8 10 -11 -12 -13 14 -15 -16
leaf_value=-7.2845657214717567 2.0549230422305307 -7.2468104532330777 -5.9698751097245317 -7.2687490707601325 -7.1001020452645536 -6.9248537391239378 -7.2710898270092592 -7.246873088500478 -7.2748356447853366 -7.0666440227530032 -7.1974894833197807 -7.1977637773761733 -7.2503573130074805 -7.2423509211454844 -7.1977090563145163
leaf_weight=270.28711866529193 0.2526996546657746 0.31245484366081655 0.2167025528615335 2.0914316148264334 0.35277159768156707 0.24981988652143572 2.6141095330240209 0.31461466976907004 3.9546416042139754 0.14542829128913581 0.14398840721696604 0.14758811739739019 0.4470840044086789 1.3491713756229717 0.14686817536130548
leaf_count=375429 351 434 301 2905 490 347 3631 437 5493 202 200 205 621 1874 204
internal_value=-7.23459 0.190389 -7.27559 -6.79324 -6.13803 -7.28173 -7.16028 -7.28331 -7.23096 -7.11368 -7.26531 -7.25834 -7.2842 -7.28438 -7.22217
internal_weight=283.026 0.565154 282.461 2.66091 0.569474 279.8 3.01152 276.789 4.55867 0.460043 4.09863 2.7617 272.23 271.636 0.593952
internal_count=393124 785 392339 3696 791 388643 4183 384460 6332 639 5693 3836 378128 377303 825
is_linear=0
shrinkage=1


Tree=1
num_leaves=17
num_cat=0
split_feature=17 0 0 11 19 20 11 46 44 0 38 8 45 34 17 17
split_gain=198.196 268.159 139.654 281.566 94.3091 51.1786 109.204 23.1465 11.6173 8.92691 6.25715 5.2653 3.56137 1.12603 0.612569 1.01097
threshold=91.393299102783217 151.01722717285159 151.01722717285159 -0.09810765832662581 87.411972045898452 0.93003022670745861 -1.0000000180025095e-35 43.500000000000007 4.5000000000000009 112.80730438232423 1.5000000000000002 1.0000000180025095e-35 0.99900004267692577 0.7947368621826173 86.616912841796889 87.138130187988295
decision_type=2 2 2 10 2 2 10 2 2 2 2 2 2 2 2 2
left_child=1 5 3 8 13 9 11 -8 10 14 -2 -7 -11 -3 -1 -16
right_child=2 4 -4 -5 -6 6 7 -9 -10 12 -12 -13 -14 -15 15 -17
leaf_value=-0.049650299199878664 0.17820986101682712 -0.35527276206317704 0.032143197844858168 0.9138209866009247 -0.079883104143065278 -0.040521814529250043 0.53080966183762879 -0.0082525083792211826 -0.032146764366953108 -0.01538835529550908 -0.014169412022165387 0.078878018641002079 0.12369147259820197 -0.19244712402872194 0.029671910842156909 -0.027251962604655379
leaf_weight=259.49369491927791 0.53347081609536107 7.7050242023542541 13.689888179302216 0.50438358820974816 7.8529763726983211 4.2593918377533555 0.37736026878701423 0.19751122687011957 1.7971049211919308 0.44414157257415254 0.39443732623476535 0.16384495637612406 0.15143504459410906 4.8680081212660298 0.25503535516327147 1.1961483419290742
leaf_count=378619 412 434 136 433 80 6065 464 283 2582 622 287 227 207 99 365 1711
internal_value=-0.0497065 -0.0596088 0.112199 0.363726 -0.230054 -0.0457358 0.100017 0.457964 0.0439202 -0.0488915 0.131501 -0.0223701 0.0753331 -0.311054 -0.0494616 -0.00922414
internal_weight=303.884 286.965 16.9193 3.2294 20.426 266.539 4.99811 0.574871 2.72501 261.54 0.927908 4.42324 0.595577 12.573 260.945 1.45118
internal_count=393026 389176 3850 3714 613 388563 7039 747 3281 381524 699 6292 829 533 380695 2076
is_linear=0
shrinkage=0.05


Tree=2
num_leaves=17
num_cat=0
split_feature=17 0 44 21 0 24 24 46 17 2 50 44 24 44 34 19
split_gain=153.355 164.95 108.487 99.1357 56.4833 216.997 37.0411 29.7197 52.7529 6.73469 15.6847 11.5301 3.22524 1.39143 0.650331 1.31375
threshold=91.393299102783217 151.01722717285159 2.5000000000000004 71.937500000000014 151.01722717285159 73.713615417480483 1.0000000180025095e-35 2.5000000000000004 75.905715942382827 1.5000000000000002 86.375549316406264 4.5000000000000009 95.940452575683608 3.5000000000000004 0.91287881135940563 60.158729553222663
decision_type=2 2 2 2 2 2 2 2 2 8 2 2 2 2 2 2
left_child=1 7 3 -3 5 6 -2 8 12 10 -9 -12 -1 -14 -11 -16
right_child=4 2 -4 -5 -6 -7 -8 9 -10 14 11 -13 13 -15 15 -17
leaf_value=-0.03697599521049174 0.27038876921482213 -0.21069242514795264 -0.30146631810445707 0.039049324996408591 0.034239173679384054 0.81224254027900322 -0.038978393157801779 -0.040304334239676998 0.3676965730925541 -0.049828780368056144 0.20988842528235666 -0.019830903451486134 0.077961744443051012 -0.012020766090159696 -0.028036564370033608 0.038404050398018606
leaf_weight=2.8318441460141912 0.24833596800454127 6.7032042932114582 9.8898738612770085 7.6687181947636418 15.218037962913513 0.21769993379712094 3.5067590237013064 4.1427520157885729 0.19701614161021996 244.30742674408248 0.34668119135312714 0.65646894049132243 0.17217735201120365 0.31622739310842007 1.2746131837484416 0.13112071133218695
leaf_count=4298 114 353 211 71 155 110 3462 6299 217 373967 481 904 245 473 1952 199
internal_value=-0.0491531 -0.0586279 -0.180804 -0.0835614 0.0845052 0.231447 0.0340413 -0.0463127 0.0827969 -0.0484445 0.00691979 0.124705 -0.0153054 0.0507677 -0.0496273 -0.00845178
internal_weight=297.829 278.638 24.2618 14.3719 19.1908 3.97279 3.75509 254.376 3.51727 250.859 5.1459 1.00315 3.32025 0.488405 245.713 1.40573
internal_count=393511 389670 635 424 3841 3686 3576 389035 5233 383802 7684 1385 5016 718 376118 2151
is_linear=0
shrinkage=0.05


Tree=3
num_leaves=19
num_cat=0
split_feature=17 0 2 0 19 13 0 28 19 46 24 24 6 23 2 18 17 17
split_gain=185.271 100.354 271.706 93.2154 62.1416 27.4515 22.6106 26.1949 12.2239 17.359 9.00767 7.15104 4.66006 2.48935 2.58253 0.885956 0.739718 0.873639
threshold=90.521114349365249 151.01722717285159 1.5000000000000002 151.01722717285159 87.585617065429702 59.500000000000007 94.899288177490249 1.5000000000000002 99.333332061767592 42.500000000000007 76.528015136718764 95.940452575683608 1.0000000180025095e-35 99.090908050537124 1.5000000000000002 88.067794799804702 86.616912841796889 87.138130187988295
decision_type=2 2 8 2 2 2 2 2 2 2 2 2 2 2 8 2 2 2
left_child=3 2 5 6 11 -2 8 -8 13 12 -4 -5 -10 16 15 -15 -1 -18
right_child=1 -3 10 4 -6 -7 7 -9 9 -11 -12 -13 -14 14 -16 -17 17 -19
leaf_value=-0.049606989332356188 0.80834721677753218 0.029773311202830534 -0.037971018348965269 -0.23354879020477659 -0.032214539303722076 0.088890870565164107 0.27005757332915187 -0.028911343193880314 -0.0085125099763813366 -0.033624681106540197 0.11827491795464069 -0.12869540932377074 0.21055593370006909 -0.0076823896594540135 -0.027119180749660545 0.078652621568829642 0.028319282145577496 -0.024950880556388513
leaf_weight=234.84892064478481 0.8054709832067608 14.44324041903019 3.1342291168402885 9.7645835024013703 9.1045111715793592 0.43939438968664035 0.24974300013855 1.3687812701682558 0.20494587719440405 2.0492746864911169 0.18815593584440637 8.0780396648042352 0.34319929609773681 0.18134748062584427 1.183381371665746 0.16586220840690657 0.27669926348607876 0.9947465494624339
leaf_count=378003 367 150 3398 420 81 289 344 2083 253 3144 73 113 335 231 1752 190 399 1509
internal_value=-0.0457996 0.101484 0.282176 -0.056553 -0.143409 0.707123 -0.0463254 0.102736 -0.0477513 0.0472646 -0.0038062 -0.195427 0.176057 -0.0489835 0.00925121 0.0613286 -0.0493984 -0.00599419
internal_weight=287.825 19.0105 4.56725 268.814 26.9471 1.24487 241.867 1.61852 240.248 2.59742 3.32239 17.8426 0.548145 237.651 1.53059 0.34721 236.12 1.27145
internal_count=393134 4277 4127 388857 614 656 388243 2427 385816 3732 3471 533 588 382084 2173 421 379911 1908
is_linear=0
shrinkage=0.05


Tree=4
num_leaves=17
num_cat=0
split_feature=23 0 44 0 46 44 46 17 34 44 0 27 47 34 17 17
split_gain=171.485 107.37 104.429 294.266 118.821 13.832 13.3406 25.9246 9.78627 9.11861 4.61603 2.44429 2.30641 0.322866 0.0627081 1.31919
threshold=92.940196990966811 151.01722717285159 4.5000000000000009 151.01722717285159 47.500000000000007 1.5000000000000002 2.5000000000000004 63.944444656372077 0.69397994875907909 4.5000000000000009 19.587402343750004 3.5000000000000004 204.50000000000003 0.62202382087707531 86.616912841796889 87.138130187988295
decision_type=2 2 2 2 2 2 2 2 2 2 2 2 2 2 2 2
left_child=1 6 3 4 -2 -3 7 -1 13 -9 -6 12 14 -4 -8 -16
right_child=2 5 8 -5 10 -7 11 9 -10 -11 -12 -13 -14 -15 15 -17
leaf_value=-0.03674151469621343 0.80233894392294391 -0.10780465520083826 -0.040731482101264975 0.041984794830914482 0.1434647026172205 -0.20432683202139673 -0.049581438028432567 0.26788925432985472 -0.17229385256076116 -0.011038056340498764 -0.014049749038755811 0.037075599555862947 0.03340817864877673 0.0054809029731847838 0.027767998645523817 -0.035312252702682997
leaf_weight=2.7647007263731207 1.0521221224917163 12.685196708043806 4.3683297811658113 16.839210137724876 1.0669519694638436 10.680856029415734 222.18283117003739 0.25795307767111797 1.6336267996812237 0.28293267905246466 0.38714290311327193 0.14835919562028621 0.1988514648983245 0.16984511056216423 0.28574454371118863 2.3855131814489141
leaf_count=4499 194 359 5587 171 1036 196 375580 243 17 337 161 215 334 15 404 2904
internal_value=-0.0457558 -0.0583078 0.0756683 0.131357 0.548609 -0.158501 -0.0474166 0.0428537 -0.0928645 0.20951 0.112891 -0.0489252 -0.0491457 -0.0383246 -0.0493663 -0.0228389
internal_weight=277.39 251.873 25.5172 19.3454 2.50622 23.3661 228.507 3.30559 6.1718 0.540886 1.45409 225.201 225.053 4.53817 224.854 2.67126
internal_count=392252 385071 7181 1562 1391 555 384516 5079 5619 580 1197 379437 379222 5602 378888 3308
is_linear=0
shrinkage=0.05


Tree=5
num_leaves=23
num_cat=0
split_feature=23 44 45 45 13 23 20 2 50 47 24 44 13 25 16 11 46 2 24 34 13 24
split_gain=159.811 98.0838 35.0672 21.2527 50.8068 16.9617 8.67197 23.5833 8.42478 9.67185 6.92662 6.55349 6.2822 5.3445 5.79134 5.59276 2.97049 2.40093 2.03138 1.92601 0.632769 0.33064
threshold=92.940196990966811 4.5000000000000009 0.96937936544418346 0.96937936544418346 1.5000000000000002 85.912700653076186 0.93003022670745861 2.5000000000000004 25.649407386779789 103.50000000000001 84.943626403808608 4.5000000000000009 62.500000000000007 3.5000000000000004 87.298336029052749 -1.0000000180025095e-35 10.500000000000002 5.5000000000000009 99.704143524169936 0.76696833968162548 49.500000000000007 82.070419311523452
decision_type=2 2 2 2 2 2 2 8 2 2 2 2 2 2 2 10 2 8 2 2 2 2
left_child=2 3 6 4 -2 8 -1 11 19 17 21 -8 20 14 15 -11 -17 -10 -15 -4 -6 -3
right_child=1 10 5 -5 12 -7 7 -9 9 13 -12 -13 -14 18 -16 16 -18 -19 -20 -21 -22 -23
leaf_value=-0.049709277018861492 0.45776434490002266 -0.04041227017145696 -0.034756571156962533 0.090792380531388855 0.015736894494720124 0.019436356523924381 0.24415146142244581 -0.050744634023827923 0.050089648008347955 -0.032708040906521844 -0.14854878014916092 -0.0094527744599615295 -0.024526430212698846 -0.054432474748087614 -0.0020598734130156844 -0.1486259906590274 -0.024038772702005252 -0.038301168466630349 0.022631172616606611 0.044755033786068044 0.1210737870793584 0.0059783634596860917
leaf_weight=210.24292548731319 0.59489546332043319 4.1923484618891953 0.46551051031565893 17.625637931050733 0.51630057708825949 2.2264255075133397 0.18949897662969251 2.1746636793832295 0.65038438528427156 1.8883771704277226 2.1813085643225349 0.2329012073460035 0.95184841199079517 0.98787731007905566 0.84762831940315564 20.987472953769604 0.92494146147509937 0.48285732025397021 0.75491135183256119 0.63944148612790741 1.0419711085851302 0.15837936406023789
leaf_count=369927 47 5627 483 209 197 90 129 2801 43 3311 50 333 574 1109 30 5082 1643 571 98 262 495 14
internal_value=-0.0433306 0.0696637 -0.0562045 0.121689 0.232229 -0.105787 -0.0485553 0.0327118 -0.115853 -0.121127 -0.0896821 0.195981 0.063593 -0.127083 -0.133048 -0.137441 -0.144646 0.012128 -0.0249707 0.0106592 0.105966 -0.0379218
internal_weight=270.959 27.2627 243.696 20.7307 3.10502 30.8558 212.84 2.59706 28.6294 27.5245 6.53204 0.4224 2.51012 26.3912 24.6484 23.8008 21.9124 1.13324 1.74279 1.10495 1.55827 4.35073
internal_count=393125 7213 385912 1522 1313 12722 373190 3263 12632 11887 5691 462 1266 11273 10066 10036 6725 614 1207 745 692 5641
is_linear=0
shrinkage=0.05


Tree=6
num_leaves=18
num_cat=0
split_feature=17 44 0 2 0 46 19 30 19 46 13 17 2 34 13 24 24
split_gain=158.971 79.8731 106.511 50.8304 46.9886 24.0656 18.918 17.1273 9.67094 11.3131 5.17836 2.24063 7.63723 0.974075 0.661775 0.294349 0.220578
threshold=89.022754669189467 4.5000000000000009 151.01722717285159 3.5000000000000004 151.01722717285159 1.5000000000000002 73.286384582519545 1.5000000000000002 99.333332061767592 42.500000000000007 2.5000000000000004 82.413585662841811 1.5000000000000002 0.53452381491661083 47.500000000000007 52.504825592041023 90.397785186767592
decision_type=2 2 2 8 2 2 2 2 2 2 2 2 8 2 2 2 2
left_child=4 2 3 -2 5 7 -6 13 11 -10 -3 -7 -13 15 -5 -1 -12
right_child=1 10 -4 14 6 8 -8 -9 9 -11 16 12 -14 -15 -16 -17 -18
leaf_value=0.036882489459032594 0.38601610277081544 -0.14906742630824141 0.048578062484250228 0.025982969796695489 -0.15503046680512297 -0.049531425172253118 -0.066253161197179861 -0.024972307127008785 0.14143163576130266 -0.031474493196124997 -0.036144803961031147 0.096908589257694966 -0.038722754029375674 0.25372253030410979 -0.021117826628701479 -0.0070895379802462149 0.0042046668768848244
leaf_weight=0.1508596030762408 3.4546480336575813 1.6255572747613758 14.18105187267065 0.31454783678054787 14.174719734452085 200.88519494023058 14.241506488528101 0.99667501292424276 0.56686467223335002 1.6962341360631397 2.5981786797638056 0.36123014951590393 3.4241372392862104 0.15232552360976115 0.725534807308577 0.16499891981948167 0.15968735562637437
leaf_count=188 432 509 161 232 476 374862 129 1828 535 2884 3420 439 5851 195 450 227 24
internal_value=-0.0423568 0.0805589 0.12476 0.312533 -0.0546138 -0.045968 -0.114302 0.112257 -0.0476225 0.0419055 -0.0959546 -0.0488114 -0.00823341 0.222423 -0.00111941 0.025981 -0.0333113
internal_weight=259.874 23.0592 18.6758 4.49473 236.815 208.399 28.4162 1.46486 206.934 2.2631 4.38342 204.671 3.78537 0.468184 1.04008 0.315859 2.75787
internal_count=392842 5228 1275 1114 387614 387009 605 2438 384571 3419 3953 381152 6290 610 682 415 3444
is_linear=0
shrinkage=0.05


Tree=7
num_leaves=17
num_cat=0
split_feature=17 0 0 0 24 8 28 43 2 50 45 47 46 46 46 1
split_gain=143.647 44.2495 37.8164 27.9025 73.079 43.4158 25.0232 22.8334 16.5456 27.5422 13.7716 2.35761 1.70756 0.855855 0.106974 0.134862
threshold=90.521114349365249 151.01722717285159 101.58581161499025 151.01722717285159 88.32251358032228 1.0000000180025095e-35 1.5000000000000002 1.5000000000000002 1.5000000000000002 86.375549316406264 0.40350656211376196 204.50000000000003 152.50000000000003 130.50000000000003 2.5000000000000004 1.5000000000000002
decision_type=2 2 2 2 2 2 2 2 8 2 2 2 2 2 2 10
left_child=1 2 8 4 5 12 -4 -3 9 -1 13 14 -2 -11 15 -10
right_child=3 7 6 -5 -6 -7 -8 -9 11 10 -12 -13 -14 -15 -16 -17
leaf_value=-0.038435799642672436 -0.041467790056607778 -0.063268079872641381 0.31460277553281796 0.030065355243617971 0.36340163205165499 0.22170039362464086 -0.021958047218350572 -0.15007737500204105 -0.028848618882053159 -0.019357426787053933 0.27854929808812701 0.034815757000117319 0.029924112794207577 0.037385574362904267 -0.049505322392722692 -0.0038951433802268836
leaf_weight=3.3155263221124178 4.6507714714389294 18.5664767226408 0.23412718169856706 13.033262971963268 1.7586712573538532 1.3805011790245769 0.78225489554461092 15.776329772474126 1.362031957920407 0.63083989062579326 0.3695175006869249 0.17896434589056198 0.25105364783667017 0.14428709138883278 191.20984485049848 1.1681762920925394
leaf_count=6241 3611 361 204 154 54 147 1417 257 2492 896 308 318 378 196 374073 2112
internal_value=-0.042904 -0.0542335 -0.0447865 0.0795175 0.147481 0.0454346 0.173144 -0.106264 -0.0467658 0.0415405 0.183102 -0.0489996 -0.0333606 0.00631559 -0.0492554 -0.0216947
internal_weight=254.813 233.738 199.396 21.0743 8.041 6.28233 1.01638 34.3428 198.379 4.46017 1.14464 193.919 4.90183 0.775127 193.74 2.53021
internal_count=393219 388875 388257 4344 4190 4136 1621 618 386636 7641 1400 378995 3989 1092 378677 4604
is_linear=0
shrinkage=0.05


Tree=8
num_leaves=18
num_cat=0
split_feature=23 44 0 24 24 0 20 44 44 45 0 34 24 19 1 46 0
split_gain=124.34 71.4225 57.8882 39.7539 33.6289 26.2298 30.8944 28.0086 15.2506 13.6111 4.69623 3.3846 1.8437 0.699598 1.27913 0.610494 0.4062
threshold=95.742755889892592 4.5000000000000009 151.01722717285159 61.733762741088874 1.0000000180025095e-35 151.01722717285159 0.93003022670745861 4.5000000000000009 2.5000000000000004 0.47561036050319677 112.80730438232423 0.69397994875907909 93.492378234863295 99.333332061767592 14.500000000000002 129.50000000000003 151.01722717285159
decision_type=2 2 2 2 2 2 2 2 2 2 2 2 2 2 8 2 2
left_child=5 2 3 4 -2 6 10 9 -7 15 13 16 -12 -1 -15 -8 -3
right_child=1 11 -4 -5 -6 8 7 -9 -10 -11 12 -13 -14 14 -16 -17 -18
leaf_value=-0.049216858555634353 0.22146216797950757 -0.039079996914409519 0.045567896154960541 0.37290705583467826 -0.035089227453514206 -0.057603836880458927 -0.015065659905087445 -0.031454580009689412 -0.13382771530109333 0.31975416341312579 -0.014740049366348011 -0.12122510107656009 0.082328839699945089 0.038936300665741864 -0.027056909230747522 0.035035097061561681 0.0083141996917918213
leaf_weight=184.53176206076751 1.378215147356973 3.5614709202782246 14.60594280809164 1.9232576286885885 2.264348286902532 16.379277565923989 0.42843505786731761 1.6929215239360929 14.179601462747085 0.34943118784576654 0.41760248609352757 2.3177736845100299 0.13348653353750706 0.12417997079319198 1.1753452272969298 0.17589169082930312 0.15519131720066059
leaf_count=378841 140 5144 169 103 997 390 436 2940 205 70 659 21 165 143 1971 258 1
internal_value=-0.0409148 0.060373 0.104544 0.228798 0.0887745 -0.0532217 -0.0458219 0.100491 -0.0960923 0.230921 -0.0484248 -0.0811515 0.0466918 -0.0489553 -0.00656079 0.0122651 -0.0357579
internal_weight=245.794 26.2062 20.1718 5.56582 3.64256 219.588 189.029 2.64668 30.5589 0.953758 186.382 6.03444 0.551089 185.831 1.29953 0.604327 3.71666
internal_count=392653 6575 1409 1240 1137 386078 385483 3704 595 764 381779 5166 824 380955 2114 694 5145
is_linear=0
shrinkage=0.05


Tree=9
num_leaves=19
num_cat=0
split_feature=17 44 0 24 24 0 2 46 20 46 9 24 46 0 0 17 2 24
split_gain=126.831 74.4344 32.7443 30.0109 26.8146 21.5605 14.6407 11.3401 21.4772 10.6167 5.05756 4.62555 1.17438 1.14066 0.418954 0.408219 1.34501 0.364772
threshold=85.215545654296889 4.5000000000000009 151.01722717285159 87.821357727050795 1.0000000180025095e-35 151.01722717285159 3.5000000000000004 2.5000000000000004 0.82545602321624767 47.500000000000007 1.0000000180025095e-35 84.943626403808608 128.50000000000003 32.308105468750007 151.01722717285159 82.413585662841811 1.5000000000000002 39.374158859252937
decision_type=2 2 2 2 2 2 8 2 2 2 2 2 2 2 2 2 8 2
left_child=5 2 3 4 9 7 -7 8 -1 -2 15 14 -6 -12 -3 -9 -17 -14
right_child=1 11 -4 -5 12 6 -8 10 -10 -11 13 -13 17 -15 -16 16 -18 -19
leaf_value=-0.035348839316618225 0.24507809866195318 -0.040181320031897588 0.046674223321186294 0.27275959024907565 -0.036820697350326198 -0.042220353260478356 -0.12160310248128746 -0.049450072919053289 0.20040192554105871 0.022932265368615867 -0.010429684894165937 -0.12915458353893888 -0.0091065235025711826 0.0749651318319383 0.0082641763817579584 0.034948031669937089 -0.030832971608529859 0.035501090270882239
leaf_weight=2.4081909497326701 1.0147005767794364 4.074085571570321 15.264699459075928 3.2273328343289904 2.6555927827721466 10.611798513869873 17.780322846054332 173.47975026568747 0.39756069006398309 1.0446457837242631 0.26316039386438106 2.5088650851685088 0.22239111043745641 0.19995683996239677 0.1543971151113509 0.17701313825091225 1.6064081713557243 0.16943421663017944
leaf_count=4685 24 6500 175 41 1121 69 495 374567 441 432 350 122 265 106 1 197 3207 186
internal_value=-0.0398883 0.0542852 0.095477 0.170287 0.0714667 -0.0538893 -0.094379 -0.0469603 0.0419361 0.17672 -0.048609 -0.0836888 -0.025749 0.0524774 -0.0371701 -0.0491723 -0.0140938 0.0218307
internal_weight=237.26 30.3361 23.5988 8.3341 5.10676 206.924 28.3921 178.532 2.80575 2.05935 175.726 6.73735 3.04742 0.463117 4.22848 175.263 1.78342 0.391825
internal_count=392984 8867 2244 2069 2028 384117 564 383553 5126 456 378427 6623 1572 456 6501 377971 3404 451
is_linear=0
shrinkage=0.05


Tree=10
num_leaves=18
num_cat=0
split_feature=17 44 19 0 30 0 24 13 46 23 46 44 43 13 34 24 50
split_gain=114.691 45.1402 20.5364 31.5541 14.24 12.8087 21.3878 22.1024 11.5406 22.9179 5.00578 4.69677 2.07735 1.55481 1.21733 0.981045 0.242842
threshold=89.022754669189467 4.5000000000000009 99.333332061767592 151.01722717285159 1.0000000180025095e-35 151.01722717285159 93.492378234863295 1.5000000000000002 2.5000000000000004 76.63120269775392 31.500000000000004 2.5000000000000004 2.5000000000000004 2.5000000000000004 0.87228259444236766 1.0000000180025095e-35 52.175390243530281
decision_type=2 2 2 2 2 2 2 2 2 2 2 2 2 2 2 2 2
left_child=2 5 3 8 10 6 7 -2 9 -1 -4 -5 -3 -6 -14 -9 -15
right_child=1 12 4 11 13 -7 -8 15 -10 -11 -12 -13 14 16 -16 -17 -18
leaf_value=-0.035561321631934428 0.18763026601609845 -0.10949662861760778 0.071578803806761668 -0.074780698708209983 -0.094672218336253708 0.050922193721992463 0.21520146374732263 0.0095401333844945743 -0.049427678114611351 0.2108808174019573 -0.02606968835952744 -0.12794292914477831 -0.042216053993957482 0.012038493660836862 0.018762972301364037 -0.034920828076731941 -0.01795293894660711
leaf_weight=2.4582022243121169 0.87478647701209755 1.6314531701209478 5.6188919352716749 15.116727076776444 1.2693804410810119 12.547509506344795 3.5253499372047372 1.452278020558879 167.20598594893818 0.34130984888179217 1.0879884643654802 14.347220001815002 2.4065395967627414 0.29438015026971687 0.44472852558828879 2.2198798916069791 0.55966128886211663
leaf_count=4854 157 643 360 371 64 159 27 157 378606 270 2020 195 3370 27 4 810 1029
internal_value=-0.0409947 0.0582937 -0.0531815 -0.0564821 0.0195389 0.0891059 0.136303 0.0473632 -0.0476836 0.0420786 0.054411 -0.104018 -0.073839 -0.0727617 -0.0303026 -0.0190588 -0.00669786
internal_weight=233.402 25.1025 208.3 199.469 8.8303 20.6198 8.07229 4.54694 170.005 2.79951 6.70688 29.4639 4.48272 2.12342 2.85127 3.67216 0.854041
internal_count=393123 5327 387796 384296 3500 1310 1151 1124 383730 5124 2380 566 4017 1120 3374 967 1056
is_linear=0
shrinkage=0.05


Tree=11
num_leaves=17
num_cat=0
split_feature=19 17 44 0 0 13 0 44 30 24 24 20 24 13 9 17
split_gain=115.727 36.2163 33.839 18.5571 15.3951 28.4888 13.663 10.8812 9.22273 6.67853 4.34631 3.09197 8.39059 2.68242 1.17723 0.0220922
threshold=97.366596221923842 90.521114349365249 4.5000000000000009 151.01722717285159 151.01722717285159 4.5000000000000009 94.899288177490249 4.5000000000000009 1.5000000000000002 94.146202087402358 82.554244995117202 0.93003022670745861 1.0000000180025095e-35 70.500000000000014 1.0000000180025095e-35 99.367088317871108
decision_type=2 2 2 2 2 2 2 2 2 2 2 2 2 2 2 2
left_child=1 3 4 6 5 -2 11 -3 10 -5 -8 -1 -13 -7 -4 -16
right_child=2 7 14 9 -6 13 8 -9 -10 -11 -12 12 -14 -15 15 -17
leaf_value=-0.04939235834600321 0.23808993324294148 0.079430991727947514 -0.06122335059893539 -0.11611309172847478 0.051469375192207456 0.0568211071675781 -0.0091458993954959007 -0.05625747741156345 -0.024107607820009456 -0.061544054319598578 0.19466135529379996 0.11666005834139043 -0.036096952250290019 -0.02282181371153735 -0.004661348729181434 0.0039457596210648203
leaf_weight=158.09807225366239 3.3253660040791191 6.109695594321237 3.4192973464960223 14.511471411438835 11.572584308683872 3.0451145436964002 0.2235730885004148 1.0994447953708002 0.93019007914699614 16.560980470705545 0.22583869859226979 0.19996244882349801 2.5875487100274768 0.81652630597818632 0.47330964414868493 0.5165153137058951
leaf_count=376988 254 458 4645 433 139 590 279 1289 1986 142 141 224 4694 425 273 198
internal_value=-0.0378621 -0.0501227 0.0659478 -0.0542803 0.0944008 0.148799 -0.0469594 0.0544053 0.0760213 -0.0898546 0.156914 -0.0484771 0.00276913 0.0387506 -0.0501834 -0.000444162
internal_weight=223.715 200.547 23.1687 193.338 18.7596 7.18701 162.265 7.20914 1.3796 31.0725 0.449412 160.886 2.78751 3.86164 4.40912 0.989825
internal_count=393158 386634 6524 384887 1408 1269 384312 1747 2406 575 420 381906 4918 1015 5116 471
is_linear=0
shrinkage=0.05


Tree=12
num_leaves=19
num_cat=0
split_feature=23 0 24 13 17 0 46 28 24 39 34 20 2 24 46 17 24 47
split_gain=109.383 30.7997 49.6859 31.0573 10.2591 9.35747 11.8121 12.7773 11.4062 5.62203 5.59816 4.68007 4.23806 3.24785 1.97178 1.94734 0.748408 0.0362097
threshold=92.940196990966811 151.01722717285159 82.554244995117202 1.5000000000000002 92.40384674072267 151.01722717285159 2.5000000000000004 1.5000000000000002 95.940452575683608 0.46428571641445165 0.7379862666130067 0.93003022670745861 2.5000000000000004 1.0000000180025095e-35 162.50000000000003 87.138130187988295 45.657136917114265 148.50000000000003
decision_type=2 2 2 2 2 2 2 2 2 2 2 2 8 2 2 2 2 2
left_child=4 2 3 -2 5 6 7 10 -7 17 16 -8 15 -5 -15 -13 -1 -6
right_child=1 -3 -4 13 9 8 11 -9 -10 -11 -12 12 -14 14 -16 -17 -18 -19
leaf_value=0.037292905613417159 0.19229193471375114 0.0052489402259318771 0.2287327712568466 0.034359444138533445 -0.038542382362649313 -0.10724823819006152 -0.049361750158663668 -0.032314405172116666 -0.045225506206954535 0.090219696491703583 0.20868821352874001 0.10970592537735238 -0.027602666415843153 -0.042693384021310544 0.034999468407591328 -0.01050688856406443 -0.017119986370176567 -0.0033584005212086774
leaf_weight=0.14543857023818363 1.2151370448118557 16.119456514716148 4.2491813758970229 1.328105069347657 0.52524723048554678 15.956593191956925 150.67946345364908 1.824720640433952 17.750721570126188 1.2114135751617139 0.15959565251250751 0.25220424489816529 1.230897980829468 5.6238019339798484 0.17641076244763088 0.2425531760964077 0.5197700411954429 0.29502321442123502
leaf_count=182 143 187 80 157 339 438 376515 4056 145 20 120 362 2589 6344 335 50 737 256
internal_value=-0.037334 0.0523304 0.107778 0.02829 -0.0510299 -0.0522949 -0.046503 0.0458726 -0.0768304 0.044984 0.141764 -0.0483975 0.0230184 -0.0198844 -0.0355311 0.0831699 0.0100277 -0.0346849
internal_weight=219.506 28.7121 12.5926 8.34345 190.794 188.762 155.055 2.64952 33.7073 2.03168 0.824804 152.405 1.72566 7.12832 5.80021 0.494757 0.665209 0.82027
internal_count=393055 7246 7059 6979 385809 385194 384611 5095 583 615 1039 379516 3001 6836 6679 412 919 595
is_linear=0
shrinkage=0.05


Tree=13
num_leaves=33
num_cat=0
split_feature=17 19 28 39 21 45 38 1 50 21 20 17 27 29 39 24 24 50 1 41 34 29 1 24 23 50 50 50 43 17 17 17
split_gain=96.8833 25.1534 19.4056 6.83142 60.1945 10.2261 9.84669 6.37276 6.12828 4.55806 2.97732 2.71459 2.48096 2.43918 2.25178 1.9435 12.0395 1.69822 1.22001 1.20465 0.673496 0.672226 1.41978 0.511403 0.490217 0.482203 0.499778 0.445632 0.153349 0.048727 1.18806 0.0473954
threshold=95.040985107421889 96.34091949462892 1.0000000180025095e-35 0.77500000596046459 46.065429687500007 0.95534300804138195 1.0000000180025095e-35 29.500000000000004 25.649407386779789 92.450141906738295 0.89542675018310558 85.215545654296889 3.5000000000000004 3.5000000000000004 0.90000000596046459 61.733762741088874 1.0000000180025095e-35 23.531040191650394 2.5000000000000004 9.5000000000000018 0.95619046688079845 1.0000000180025095e-35 2.5000000000000004 99.704143524169936 76.63120269775392 78.580017089843764 41.379547119140632 40.817773818969734 2.5000000000000004 82.413585662841811 83.424911499023452 18.301435470581058
decision_type=2 2 2 2 2 2 2 8 2 2 2 2 2 2 2 2 2 2 10 2 2 2 8 2 2 2 2 2 2 2 2 2
left_child=1 3 7 5 8 12 10 19 23 11 -7 17 21 18 28 16 -2 -8 -10 -3 -15 22 -1 -5 -6 26 27 -19 -4 -24 -31 -23
right_child=15 2 14 4 24 6 9 -9 13 -11 -12 -13 -14 20 -16 -17 -18 25 -20 -21 -22 31 29 -25 -26 -27 -28 -29 -30 30 -32 -33
leaf_value=0.033863073165234112 0.11644727120155679 0.084430349844854258 -0.097168136882860565 -0.007590742360347626 0.047848089072120181 -0.02650457908426649 -0.0017774323472932779 -0.029290167396143159 -0.10788140347357821 -0.12639657851636396 0.083882280176413332 0.019209378738106173 0.037798551233602783 -0.027807150692707502 0.014918452030119997 0.091992666065249973 -0.034833578575034989 -0.044458588429964772 -0.030747749717649844 0.030300748555212299 0.020974215326552626 -0.016432409307542129 -0.035656466705159096 0.053113125643721726 0.11398960705729844 -0.018523119934386541 -0.088328373768616061 0.0060882746336524927 -0.025012015282835306 0.032969049116799536 -0.02897060740076586 -0.050310427639182947
leaf_weight=0.18216134904650871 1.3306598351336991 5.1622500903031288 1.8789990470395421 0.17890542669920506 2.8923974321805863 0.43503140017856168 0.87389491702197197 1.4082527255523025 8.7095113104078283 7.866864502138923 0.41223424096824601 0.47565100611245803 0.13872217046446067 0.44687459967099208 0.34465258929412801 11.455841857125051 2.2530278152553365 3.2099614170074342 1.5955280973867054 3.2103505126724485 0.41826586476236116 1.3135342129098706 2.4815706478839274 0.21231073286617175 3.4345355376135558 1.0797334279923223 8.8245991070943983 0.23863858132972371 0.99583291093586002 0.20512862954637956 1.357578906783601 136.81833622309932
leaf_count=32 48 217 255 466 436 457 418 2529 896 171 21 26 196 552 5 265 2123 6992 4217 310 3 2876 6005 6 63 325 4093 178 1696 364 2026 354827
internal_value=-0.0374059 -0.0468421 0.0191219 -0.051586 -0.0206791 -0.0547744 -0.0860579 0.0535505 -0.086163 -0.0925638 0.0435381 -0.0675642 -0.0490697 -0.0934882 -0.0733755 0.0812948 0.0344885 -0.0715364 -0.099715 0.0691225 -0.00562234 -0.0494174 -0.0215591 0.0398506 0.0944099 -0.0756599 -0.0789123 -0.0403785 -0.085079 -0.0302737 -0.0111478 -0.0501087
internal_weight=211.842 196.802 13.0003 183.802 17.8883 165.914 23.4166 9.78085 11.5614 22.5693 0.847266 14.7025 142.497 11.1702 3.21948 15.0395 3.58369 14.2268 10.305 8.3726 0.86514 142.358 4.22644 0.391216 6.32693 13.3529 12.2732 3.4486 2.87483 4.04428 1.56271 138.132
internal_count=393094 390658 5012 385646 6639 379007 12681 3056 6140 12203 478 12032 366326 5668 1956 2436 2171 12006 5113 527 555 366130 8427 472 499 11588 11263 7170 1951 8395 2390 357703
is_linear=0
shrinkage=0.05


Tree=14
num_leaves=20
num_cat=0
split_feature=23 44 0 13 24 0 0 44 33 34 46 24 19 46 34 1 34 29 2
split_gain=108.201 73.2447 28.0877 19.8836 28.2054 5.44487 13.6938 13.4786 6.11696 1.38019 1.32933 1.0951 1.0306 1.1152 0.816198 0.532095 0.418045 0.340441 1.30316
threshold=83.910789489746108 4.5000000000000009 151.01722717285159 2.5000000000000004 87.821357727050795 151.01722717285159 94.899288177490249 1.0000000180025095e-35 0.58571431040763866 0.70710784196853649 16.500000000000004 61.298427581787116 99.333332061767592 13.500000000000002 0.92582416534423839 39.500000000000007 0.65301004052162182 1.0000000180025095e-35 1.5000000000000002
decision_type=2 2 2 2 2 2 2 2 2 2 2 2 2 2 2 10 2 2 8
left_child=5 2 3 14 10 6 12 -8 -7 16 -5 15 17 -14 -2 -12 -3 18 -1
right_child=1 9 -4 4 -6 8 7 -9 -10 -11 11 -13 13 -15 -16 -17 -18 -19 -20
leaf_value=0.032465637388828066 0.23244655370393186 -0.0462786142705639 0.036144956007456479 0.030071938892586494 0.19298465438792514 -0.089907766437224645 0.19374712961536608 -0.026618829450672916 -0.037699842338018562 -0.097587503174400181 -0.037256895618679196 0.025895121044439813 0.040928348339111853 -0.022766813385416557 0.074606256342417562 0.0032589849035535405 0.0064649901183878727 -0.049645339491229956 -0.031643775566085906
leaf_weight=0.21237475375528325 3.5960824273643102 6.2793947052850836 16.087144296616316 0.84696514211827878 1.7387499264441428 18.897488686801811 0.22426772690960106 1.1365411029837558 10.988920240095466 3.5221614055335522 2.6963324256648784 0.31485520326532412 0.099708667083176716 0.83517536628642119 1.3917203098535535 0.8442791890411171 0.15599780320189882 133.06659772002604 1.7220039773965254
leaf_count=389 1153 12110 207 106 29 512 94 2295 57 42 2018 127 121 1785 6 287 20 367646 4563
internal_value=-0.0349116 0.0410698 0.0824382 0.139449 0.0653691 -0.0520856 -0.0471378 0.0763832 -0.0725536 -0.0703362 -0.00738514 -0.0201124 -0.0489231 0.0016684 0.20822 -0.0290057 -0.0443025 -0.0492831 -0.01594
internal_weight=204.657 37.4737 27.5161 11.429 6.44118 167.183 137.297 1.36081 29.8864 9.95755 4.70243 3.85547 135.936 0.934884 4.9878 3.54061 6.43539 135.001 1.93438
internal_count=393567 16105 3933 3726 2567 377462 376893 2389 569 12172 2538 2432 374504 1906 1159 2305 12130 372598 4952
is_linear=0
shrinkage=0.05


Tree=15
num_leaves=20
num_cat=0
split_feature=23 44 0 39 21 0 50 21 0 44 31 8 34 46 34 0 17 0 23
split_gain=91.8102 47.8113 19.0282 10.1794 46.5636 11.3958 5.48821 5.09102 11.3476 4.50332 2.02679 0.917084 0.869937 0.813679 0.644193 0.574019 0.376955 0.331859 0.18524
threshold=93.44086074829103 4.5000000000000009 151.01722717285159 0.90000000596046459 46.065429687500007 151.01722717285159 24.245754241943363 89.512962341308608 38.766113281250007 4.5000000000000009 3.5000000000000004 1.0000000180025095e-35 0.69397994875907909 143.50000000000003 0.95619046688079845 151.01722717285159 93.419914245605483 151.01722717285159 76.63120269775392
decision_type=2 2 2 2 2 2 2 2 2 2 2 2 2 2 2 2 2 2 2
left_child=3 2 16 5 6 7 -5 -1 11 -10 15 -9 17 -13 -12 -8 -2 -3 -6
right_child=1 12 -4 4 18 -7 10 8 9 -11 14 13 -14 -15 -16 -17 -18 -19 -20
leaf_value=-0.049233144302899344 0.17559822922263771 -0.037408903180349555 0.035312033914441536 0.044018981738836387 0.048977071091709241 -0.089571982234220568 -0.032086653538213682 -0.041289159056452397 0.14448617657611726 -0.01428386924822129 -0.0259326778352864 -0.017992964659052976 -0.091957949194077987 0.038488009720760871 0.021829384820661678 -0.095387486052036119 0.094251838347118477 0.0072803276807703937 0.10773057538034839
leaf_weight=126.47108996665338 2.6332590767706314 2.9606076221971303 12.274240635335445 0.3352893410774439 3.3681230902075177 18.87066769219382 1.789456187427273 4.7235888698778572 0.52291435512597662 0.39932553435210139 0.40358698567433826 0.55451866835937824 2.7402282033872325 0.13004400764475577 0.42965183881460689 7.4533138504484668 7.0549704965087585 0.13826996088027943 2.9997173977608327
leaf_count=365737 863 5512 180 332 407 259 5119 11763 153 629 451 981 21 276 3 233 481 1 52
internal_value=-0.0349385 0.0479874 0.08126 -0.0488272 -0.0111044 -0.0529003 -0.073809 -0.0470589 -0.00283029 0.104072 -0.0813502 -0.034456 -0.070743 0.0092147 -0.00283125 -0.0874612 0.130722 -0.0341252 0.0875195
internal_weight=196.253 27.8016 21.9625 168.451 16.7791 151.672 10.4113 132.801 6.33039 0.92224 10.076 5.40815 5.83911 0.684563 0.833239 9.24277 9.68823 3.09888 6.36784
internal_count=393453 7058 1524 386395 6597 379798 6138 379539 13802 782 5806 13020 5534 1257 454 5352 1344 5513 459
is_linear=0
shrinkage=0.05


Tree=16
num_leaves=24
num_cat=0
split_feature=23 39 8 17 24 30 1 17 0 46 16 39 19 21 2 45 39 0 46 0 38 37 41
split_gain=89.906 29.6374 29.8417 14.2947 12.3654 4.91238 5.91873 3.48949 4.61839 6.61791 6.06102 2.59842 1.9171 2.91126 2.65088 1.61486 1.58408 1.30775 1.14646 0.792614 0.489456 0.155013 0.109972
threshold=85.215545654296889 0.61250001192092907 1.0000000180025095e-35 95.040985107421889 93.492378234863295 1.0000000180025095e-35 15.500000000000002 87.895435333251967 151.01722717285159 1.5000000000000002 76.028167724609389 0.46428571641445165 99.333332061767592 92.450141906738295 4.5000000000000009 0.34840443730354315 0.46428571641445165 151.01722717285159 86.500000000000014 101.58581161499025 1.5000000000000002 1.0000000180025095e-35 9.5000000000000018
decision_type=2 2 2 2 2 2 8 2 2 2 2 2 2 2 8 2 2 2 2 2 2 2 2
left_child=5 2 3 12 -5 6 22 8 9 10 -7 -9 13 14 19 18 20 -15 -4 -2 21 -14 -1
right_child=1 -3 15 4 -6 7 -8 11 -10 -11 -12 -13 16 17 -16 -17 -18 -19 -20 -21 -22 -23 -24
leaf_value=0.076879325868070184 -0.012165691348992485 0.088630929402859882 -0.015298118787676385 -0.036979581476429296 0.092499969584628972 -0.024332013335216413 -0.036600728475183052 -0.03784153491177436 -0.07330682977910162 -0.049605221976551844 0.12860258792483478 0.043777633862583848 0.0091957528138306485 -0.036010100752363383 -0.044886188809962285 0.14114642515327411 0.027338281819764998 -0.10537612412741933 0.052152528440705573 0.048520750816740565 -0.051193950266145018 -0.01363899249979016 0.013841210571436599
leaf_weight=0.66073626661091001 0.31710111317807443 14.47677648931858 0.39149746947805331 2.7382257997232946 2.8687097287038341 0.94684456576942355 2.7200167272239923 0.79561104078311373 27.551301346182299 120.5987075571029 0.11963586910860613 1.1806259975710416 0.27386856151861128 2.5554978622822091 1.9561872985505031 2.0081892448361032 0.67126306414138515 3.7417611554265022 0.94405995894339867 0.598979985807091 0.92656926930067118 1.3585343004087915 0.63010503217810765
leaf_count=208 582 198 88 2243 34 2264 7575 1136 537 367119 75 48 22 4743 3133 62 22 19 626 7 743 1371 323
internal_value=-0.0346971 0.0359464 -0.00214376 -0.0290745 0.0332404 -0.0511302 0.00281061 -0.0525702 -0.053445 -0.0483863 0.0467546 0.00924455 -0.0576299 -0.0687184 -0.0183695 0.116189 -0.0173496 -0.0860189 0.034296 0.0321282 -0.0334598 -0.00777003 0.0655824
internal_weight=191.031 35.8272 21.3504 18.0067 5.60694 155.204 4.01086 151.193 149.216 121.665 1.06648 1.97624 12.3998 9.16953 2.87227 3.34375 3.23024 6.29726 1.33556 0.916081 2.55897 1.6324 1.29084
internal_count=393178 13893 13695 12919 2277 379285 8106 371179 369995 369458 2339 1184 10642 8484 3722 776 2158 4762 714 589 2136 1393 531
is_linear=0
shrinkage=0.05


Tree=17
num_leaves=21
num_cat=0
split_feature=23 39 8 13 17 24 49 37 28 0 0 39 20 39 34 0 13 0 17 16
split_gain=77.6586 17.8341 29.9776 10.117 8.63567 9.16168 5.76443 5.18214 4.76377 3.23092 9.39067 8.17744 4.9554 3.88109 2.97804 2.65821 2.44574 2.1146 1.2013 0.122953
threshold=85.215545654296889 0.61250001192092907 1.0000000180025095e-35 2.5000000000000004 95.040985107421889 95.940452575683608 1.0000000180025095e-35 1.0000000180025095e-35 1.0000000180025095e-35 151.01722717285159 94.899288177490249 0.90000000596046459 0.93003022670745861 0.90000000596046459 0.83771929144859325 151.01722717285159 53.500000000000007 94.899288177490249 80.217391967773452 83.910789489746108
decision_type=2 2 2 2 2 2 2 2 2 2 2 2 2 2 2 2 2 2 2 2
left_child=8 2 4 -4 6 -6 7 19 14 10 12 -12 -10 -11 -1 17 -5 -9 -14 -2
right_child=1 -3 3 16 5 -7 -8 15 9 13 11 -13 18 -15 -16 -17 -18 -19 -20 -21
leaf_value=-0.028151333426382548 0.0016926847323056474 0.073913335708044384 0.16963223719500867 -0.027823459955575575 -0.036964642590555936 0.074417724905221402 0.036911376887230257 -0.041722346075502709 -0.049590286694412587 -0.083844348153931728 -0.025275424028986568 0.14615067413902275 -0.011113636871341329 -0.041026706200030648 0.055978284420906244 -0.094014840456215942 0.051851678790708504 0.040213935054708543 0.074104171678869929 0.03548774970233131
leaf_weight=1.2829628574836527 0.45472609694116428 13.547433747298781 2.0005835541815027 1.0212171094608491 2.7103390725387717 2.8177394471131265 1.0942690031952214 4.9550248550076486 116.46025529058534 17.475932043977082 1.0206630155444134 0.26053354516625393 0.2855221263889679 12.316522535627884 1.0361500860890371 5.1448240429162979 0.93862904011621129 0.10537165979621921 0.20856103842379525 0.52013916592113674
leaf_count=3224 311 191 295 184 2220 35 133 9977 372121 251 2303 90 687 299 9 28 279 18 386 142
internal_value=-0.0350091 0.0310514 0.00229479 0.111539 -0.0266478 0.0225114 -0.0488159 -0.0595482 -0.0506266 -0.051748 -0.0471039 0.0583706 -0.0487444 -0.0680503 0.0149774 -0.0697631 0.0149616 -0.0336622 0.0503805 0.0285633
internal_weight=185.657 35.3103 21.7629 3.96043 17.8024 5.52808 12.2744 11.1801 150.347 148.028 118.236 1.2812 116.954 29.7925 2.31911 10.2052 1.95985 5.0604 0.494083 0.974865
internal_count=393183 13813 13622 758 12864 2255 10609 10476 379370 376137 375587 2393 373194 550 3233 10023 463 9995 1073 453
is_linear=0
shrinkage=0.05


Tree=18
num_leaves=27
num_cat=0
split_feature=23 0 13 33 39 8 46 13 39 46 28 0 0 49 29 43 34 17 19 19 21 17 17 17 17 17
split_gain=81.1549 17.4837 27.8137 10.008 24.1667 15.7352 12.7626 4.54577 11.7193 4.21793 4.05635 4.61925 6.68367 4.52303 3.44873 3.89861 2.49327 1.66366 1.63931 1.82233 0.923488 0.600756 0.464453 0.316748 0.173473 0.0141851
threshold=93.44086074829103 151.01722717285159 54.500000000000007 0.64583334326744091 0.90000000596046459 1.0000000180025095e-35 77.500000000000014 1.5000000000000002 0.15476191043853763 16.500000000000004 1.0000000180025095e-35 151.01722717285159 94.899288177490249 1.0000000180025095e-35 1.0000000180025095e-35 1.5000000000000002 0.83771929144859325 82.413585662841811 94.641147613525405 93.127067565917983 87.585617065429702 83.424911499023452 75.905715942382827 85.215545654296889 85.86789703369142 93.419914245605483
decision_type=2 2 2 2 2 2 2 2 2 2 2 2 2 2 2 2 2 2 2 2 2 2 2 2 2 2
left_child=3 2 7 10 5 14 -7 -2 18 -4 16 12 17 -14 -5 -16 -1 -12 19 -9 23 -19 -22 -17 -25 -24
right_child=1 -3 9 4 -6 6 -8 8 -10 -11 11 -13 13 -15 15 20 -18 21 -20 -21 22 -23 25 24 -26 -27
leaf_value=-0.026286614394840355 0.17198223988758962 0.0054678369705955191 0.043982125132784836 -0.085869595552161962 0.078091069841963012 0.20148392422709061 -0.024276535934156889 -0.018487646409830551 0.13545107220985722 -0.039117446893732088 -0.049553915560541756 -0.076135515484892682 -0.022003248491256414 0.11048010995246567 0.02819114869142321 -0.057299343324092727 0.055272584327303476 0.038938385096764477 -0.031801172197155135 0.067525361249798369 0.016226147071559935 -0.013295118734400918 -0.022291677392503984 0.007843956032583246 -0.018602805116280059 -0.0014089899069769276
leaf_weight=1.107403925678226 4.1989893165591621 14.364568024873734 1.362976764066844 5.7366216891096 4.5326791392290025 0.19228833375382304 0.92897957362583838 0.57162972952937718 2.1182001981069334 3.4650115963595454 107.48227821633918 20.161158033351967 0.78511403477750608 0.24599725432926789 1.4931310788961134 5.7242855021613632 0.76718674274161447 0.12434008804848318 1.6042645167035516 0.25067260308424011 0.55116616256418627 0.36181491956813261 0.79634400538634487 0.30646120154415246 0.59133669809671119 0.23456390024512075
leaf_count=3006 130 200 223 2036 56 110 2031 708 147 4565 361314 499 1875 474 622 9149 6 334 1029 56 340 944 1525 311 1341 203
internal_value=-0.032156 0.0450076 0.08361 -0.0465279 -0.0137633 -0.0419281 0.0911709 0.132298 0.0712277 -0.0121365 -0.0516567 -0.0527255 -0.0477426 0.0484363 -0.056557 -0.0328104 0.0147083 -0.0490972 -0.00800284 0.0303991 -0.0457691 0.0172758 -0.00643419 -0.0530895 -0.0101989 -0.0205736
internal_weight=180.059 27.9363 13.5717 152.123 21.0879 16.5552 1.12127 8.74376 4.54477 4.82799 131.035 129.161 109 1.03111 15.4339 9.69729 1.87459 107.968 2.42657 0.822302 8.20416 0.486155 1.58207 6.62208 0.897798 1.03091
internal_count=393234 7058 6858 386176 17724 17668 2141 2070 1940 4788 368452 365440 364941 2349 15527 13491 3012 362592 1793 764 12869 1278 2068 10801 1652 1728
is_linear=0
shrinkage=0.05


Tree=19
num_leaves=23
num_cat=0
split_feature=23 44 24 44 23 2 17 17 38 44 13 37 15 47 1 46 20 33 1 47 16 43
split_gain=75.0015 31.3138 10.4442 38.6558 4.57474 4.55596 9.75033 4.0537 3.93117 3.92616 13.8633 4.13534 3.03295 2.25059 2.23933 2.1267 2.07768 0.654227 0.602505 0.587723 0.639744 0.0423539
threshold=91.06858062744142 4.5000000000000009 95.940452575683608 1.5000000000000002 61.257406234741218 2.5000000000000004 80.217391967773452 87.138130187988295 1.0000000180025095e-35 1.5000000000000002 1.5000000000000002 1.5000000000000002 1.0000000180025095e-35 105.50000000000001 12.500000000000002 8.5000000000000018 0.33191312849521643 0.64583334326744091 39.500000000000007 94.500000000000014 99.367088317871108 3.5000000000000004
decision_type=2 2 2 2 2 8 2 2 2 2 2 2 2 2 8 2 2 2 10 2 2 2
left_child=2 9 5 4 -4 6 13 12 -5 -2 -11 14 -8 17 -12 -7 -10 -1 -16 -3 -21 -22
right_child=1 19 3 8 -6 15 7 -9 16 10 11 -13 -14 -15 18 -17 -18 -19 -20 20 21 -23
leaf_value=-0.010840303375325789 0.087492421783758267 0.0057994257927152784 0.016327899839843799 0.014468369352107447 0.09359620274293079 -0.072025733366593445 -0.0079552716251978725 -0.003799040324802007 0.016643267948645877 0.10188592049729575 0.050884663588334482 -0.053454580913657693 0.17201448530897789 -0.048702294879445107 -0.028792444583747447 -0.049801769174405632 -0.077137662361468518 0.048952686947616827 0.014280370463965722 -0.066626534555874306 0.0021444562888309066 -0.013375604264224057
leaf_weight=0.27669231459731136 12.598169120174139 0.18852881214115669 3.6108207455399697 1.0727911420835869 4.800559375755256 18.962571345175093 0.18901400445611194 0.69809472109773196 0.28386755762039584 3.6978986181202327 1.6689027351094412 2.2812542305036914 0.12590526152052917 4.7218552913691383 1.2321758839243555 98.08671956571925 11.447930312388051 0.13159755361266434 0.52460935880662862 4.3292687576613389 0.2619764963747 0.74849974300013855
leaf_count=908 245 71 375 128 87 20197 403 254 118 96 45 638 142 12493 562 341837 8672 39 116 4667 226 1196
internal_value=-0.0318323 0.0426703 -0.0462319 -0.013083 0.0656859 -0.0517895 -0.00830872 0.0883064 -0.0658366 0.0689604 0.038113 -0.0122395 0.140095 -0.0386797 0.0210834 -0.0539818 -0.0737395 0.0295074 -0.0154157 -0.0565018 -0.0592692 -0.0102866
internal_weight=171.94 27.5313 144.408 21.216 8.41138 123.192 6.14316 1.01301 12.8046 22.003 9.40484 5.70694 0.314919 5.13015 3.42569 117.049 11.7318 0.40829 1.75679 5.52827 5.33974 1.01048
internal_count=393515 7862 385653 9380 462 376273 14239 799 8918 1702 1457 1361 545 13440 723 362034 8790 947 678 6160 6089 1422
is_linear=0
shrinkage=0.05


Tree=20
num_leaves=17
num_cat=0
split_feature=20 0 24 8 24 39 28 16 27 46 43 46 16 41 43 41
split_gain=73.4604 23.6387 23.9168 24.6585 6.23789 17.0673 7.23835 3.34408 2.79518 2.11089 1.36835 1.03707 1.94573 0.476297 0.415867 0.647616
threshold=0.93003022670745861 151.01722717285159 82.554244995117202 1.0000000180025095e-35 95.940452575683608 0.90000000596046459 1.0000000180025095e-35 19.560019493103031 3.5000000000000004 166.50000000000003 4.5000000000000009 8.5000000000000018 87.939392089843764 2.5000000000000004 1.5000000000000002 1.5000000000000002
decision_type=2 2 2 2 2 2 2 2 2 2 2 2 2 2 2 2
left_child=4 2 3 9 8 6 -6 -8 11 -2 13 12 -1 14 -9 -16
right_child=1 -3 -4 -5 5 -7 7 10 -10 -11 -12 -13 -14 -15 15 -17
leaf_value=-0.069395847320752727 -0.043056527703502046 -0.0067621814404763524 0.14924565231951409 0.11428279198586454 0.055592285806607723 0.047317495045059436 0.024671911741430394 0.0036043876352597967 0.042469086868257927 0.038038477533870074 0.010524872659175776 -0.049162543597555036 0.013703087738408785 -0.076546634496714852 -0.048504488119356669 0.0087594475592097498
leaf_weight=18.868827780388532 5.9726378372870403 16.143515054136515 5.9104931780311736 3.4778385483368766 0.69948839605786162 5.6727144397736984 0.57320183997217 0.68843806834774746 0.080690587376010536 0.135815942485351 0.29244251803902521 96.336121244406968 0.41859122226014633 8.8102577626123075 0.87613576096191514 0.3087888563022716
leaf_count=20246 9190 208 136 332 19 128 288 75 114 327 219 352536 80 7720 585 323
internal_value=-0.0318187 0.0358502 0.0779599 0.024062 -0.0479888 -0.0191191 -0.0511367 -0.0615157 -0.0522583 -0.0361559 -0.0677009 -0.052688 -0.0670058 -0.0705597 -0.0255627 -0.0364025
internal_weight=165.266 31.6403 15.4968 9.58629 133.626 17.9215 12.2488 11.5493 115.704 6.10845 10.9761 115.624 19.2874 10.6836 1.87336 1.18492
internal_count=392526 10193 9985 9849 382333 9357 9229 9210 372976 9517 8922 372862 20326 8703 983 908
is_linear=0
shrinkage=0.05


Tree=21
num_leaves=26
num_cat=0
split_feature=19 44 17 44 39 21 50 0 50 1 0 39 46 34 38 38 50 19 39 19 46 47 50 9 16
split_gain=66.5184 21.6185 15.53 16.251 3.20062 26.3491 4.80861 4.38552 3.09278 4.61008 2.81557 5.04855 2.5179 1.77195 1.62384 1.56791 1.6034 1.30952 1.15502 1.01635 0.917037 0.611193 0.198974 0.107432 0.0520317
threshold=96.34091949462892 4.5000000000000009 89.022754669189467 4.5000000000000009 0.90000000596046459 46.065429687500007 25.649407386779789 151.01722717285159 84.213130950927749 15.500000000000002 151.01722717285159 0.46428571641445165 47.500000000000007 0.95619046688079845 1.5000000000000002 1.0000000180025095e-35 87.516765594482436 81.892700195312514 0.61250001192092907 77.581478118896499 102.50000000000001 119.50000000000001 96.169029235839858 1.0000000180025095e-35 99.367088317871108
decision_type=2 2 2 2 2 2 2 2 2 8 2 2 2 2 2 2 2 2 2 2 2 2 2 2 2
left_child=2 10 4 18 7 6 -6 8 -1 14 11 12 -2 -8 -10 16 17 19 22 -11 -14 23 -4 -3 -23
right_child=1 21 3 -5 5 -7 13 -9 9 15 -12 -13 20 -15 -16 -17 -18 -19 -20 -21 -22 24 -24 -25 -26
leaf_value=-0.049468630187883979 0.070593872304116137 -0.010561013542965011 0.0059342738085221549 -0.075452633662321744 0.043611319040867985 0.07964812478381067 -0.075442442383009928 -0.076050512563249878 0.084093477820992191 -0.0072789372182421475 0.040692935096493327 0.14004679466424527 0.024085804138123109 0.0029402478168710344 -0.011959522304112766 -0.041351450000377168 -0.023695940738433161 -0.01264173927505792 0.080207828380925175 0.090621573730358146 -0.022538487217383295 -0.057912923829276569 0.03441477774615441 0.0097080800296397846 -0.013056148920393014
leaf_weight=90.859279288881226 4.4452514043659939 0.2675766441388977 1.5469820493017308 2.213100724213291 0.3541477622493393 3.5451241356277015 9.5069567225873435 18.345825316013361 0.48420829052338277 0.17032575281336881 9.2864343151450157 2.6879175348731223 1.5991180510609413 0.69535565393744114 0.31299675937043503 4.7720632812561234 0.89837629970861599 0.33813496941002086 3.1293435182597023 0.066681045485893264 0.8157696671260054 2.9965074764768365 1.2366914693557189 0.35016207720036618 0.78191233696998086
leaf_count=354212 219 615 354 1550 448 460 5646 262 632 630 156 89 354 21 764 16989 2463 1061 42 225 777 3628 146 68 1262
internal_value=-0.0320722 0.0448255 -0.0452015 0.0198177 -0.0493748 -0.0242769 -0.0630495 -0.0521864 -0.0469907 -0.0128473 0.0676168 0.0874625 0.051663 -0.0703146 0.0607106 -0.0293196 0.0106106 0.0452208 0.0612316 0.0712572 0.00634784 -0.0472547 0.0243387 -0.000172718 -0.0533051
internal_weight=161.706 23.2306 138.476 8.12612 130.349 14.1016 10.5565 116.248 97.9021 7.04279 18.8345 9.54806 6.86014 10.2023 0.797205 6.24558 1.47352 0.575142 5.91302 0.237007 2.41489 4.39616 2.78367 0.617739 3.77842
internal_count=393073 7168 385905 2092 383813 6575 6115 377238 376976 22764 1595 1439 1350 5667 1396 21368 4379 1916 542 855 1131 5573 500 683 4890
is_linear=0
shrinkage=0.05


Tree=22
num_leaves=20
num_cat=0
split_feature=19 17 44 39 21 44 13 50 0 50 8 18 31 24 47 47 43 50 47
split_gain=59.1938 17.2136 16.8395 6.85934 33.0817 5.15961 8.16413 4.78716 3.8501 6.37229 6.54912 3.7018 2.00493 1.1114 0.406884 0.401278 0.371127 0.388437 0.224762
threshold=97.366596221923842 95.040985107421889 4.5000000000000009 0.77500000596046459 46.065429687500007 1.5000000000000002 1.5000000000000002 25.001457214355472 151.01722717285159 91.304347991943374 1.0000000180025095e-35 93.127067565917983 3.5000000000000004 99.704143524169936 144.50000000000003 94.500000000000014 2.5000000000000004 47.619503021240241 150.50000000000003
decision_type=2 2 2 2 2 2 2 2 2 2 2 2 2 2 2 2 2 2 2
left_child=1 3 5 8 7 -2 -7 -5 9 -1 13 -12 -9 -11 -8 -4 -17 -18 -16
right_child=2 -3 15 4 -6 6 14 12 -10 10 11 -13 -14 -15 18 16 17 -19 -20
leaf_value=-0.048932165310657534 0.086122020249217321 0.057999780962017557 0.005727766334789052 0.043829406446421137 0.080630598161932493 0.070610128704797506 -0.031113423835065754 -0.075910101220904802 -0.072974836248135444 -0.035308462606040876 0.13428294335118826 -0.013759199407160853 0.0027673237102204423 0.0243715608886933 0.013961884680649767 -0.062882257642884617 0.010841854853954364 -0.026243434020757614 -0.012087050292175161
leaf_weight=91.512580284514115 9.9594358299509675 3.1739770995918652 0.18816743005299885 0.34413225087337096 5.0530223528039633 3.9594603627338065 2.5151108884892897 9.7240570418980461 20.324437180275709 2.3901452949066879 0.35467910754960019 0.36865744151873514 0.80133365829533509 0.24881240903050628 0.61457054887432583 1.4213163384993097 0.31821900643990408 2.0293109496269608 0.70313297360553406
leaf_count=371771 195 442 82 405 480 185 560 5336 282 6542 388 299 436 21 121 567 50 4442 334
internal_value=-0.0321852 -0.044563 0.0429776 -0.0474659 -0.0154887 0.063281 0.0276126 -0.0632011 -0.0517144 -0.0464462 0.0169208 0.0946296 -0.0701997 -0.0245305 -0.0222253 -0.0424973 -0.0456013 -0.0194793 0.000844195
internal_weight=156.005 134.296 21.7087 131.122 15.9225 17.7517 7.79227 10.8695 115.199 94.8749 3.36229 0.723337 10.5254 2.63896 3.83281 3.95701 3.76885 2.34753 1.3177
internal_count=392938 386402 6536 385960 6657 1395 1200 6177 379303 379021 7250 687 5772 6563 1015 5141 5059 4492 455
is_linear=0
shrinkage=0.05


Tree=23
num_leaves=18
num_cat=0
split_feature=44 2 0 38 2 33 0 19 16 31 50 47 1 50 17 34 50
split_gain=49.3288 69.0132 15.3921 7.3378 16.722 6.15371 3.69888 2.90055 4.90002 2.2818 1.35252 1.2314 1.08128 1.7116 0.599147 0.214689 0.131791
threshold=1.5000000000000002 21.500000000000004 151.01722717285159 1.0000000180025095e-35 1.5000000000000002 0.58571431040763866 151.01722717285159 80.982517242431655 91.820003509521499 3.5000000000000004 23.531040191650394 128.50000000000003 2.5000000000000004 95.099250793457045 99.367088317871108 0.95619046688079845 22.752144813537601
decision_type=2 8 2 2 8 2 2 2 2 2 2 2 8 2 2 2 2
left_child=1 2 -1 4 7 9 12 -2 11 10 16 -9 13 -5 -6 -11 -3
right_child=3 5 -4 6 14 -7 -8 8 -10 15 -12 -13 -14 -15 -16 -17 -18
leaf_value=0.16066440573909149 -0.022074713090802976 -0.0086569665434373493 0.05157531613617497 -0.031066870376481943 -0.048092868980402687 0.033837922398300184 -0.076382475717256385 0.030205781655351802 0.0044782845914142942 -0.0085455890792473285 -0.067130128337699144 0.12808189858445621 -0.049331611621082919 0.036646319143572768 -0.0015142063630273913 0.023100385096194147 0.015052497474106691
leaf_weight=4.8810419988731164 0.77882173717080405 0.20931374083738497 10.77370597422123 1.5481237833009793 16.027424678079118 1.3224752229289141 18.531356630603113 1.3477359138487375 2.4865927502396517 0.20607887816731896 13.313951451960746 1.0919980898324864 71.710938414355041 0.49861952156061295 0.78855603939155017 0.44499761404586025 0.2896868994430406
leaf_count=897 2513 781 178 4178 63046 388 210 149 90 840 19637 418 299493 99 150 3 173
internal_value=-0.0333282 0.0216334 0.093193 -0.0484365 -0.0215294 -0.0506533 -0.0547014 0.04701 0.0598138 -0.0600671 -0.0642649 0.0985141 -0.0483053 -0.00795713 -0.0461162 0.0139747 0.00596666
internal_weight=146.251 31.4413 15.6547 114.81 22.5211 15.7865 92.289 5.70515 4.92633 14.464 13.813 2.43973 73.7577 2.04674 16.816 0.651076 0.499001
internal_count=393243 22897 1075 370346 66366 21822 303980 3170 657 21434 20591 567 303770 4277 63196 843 954
is_linear=0
shrinkage=0.05


Tree=24
num_leaves=24
num_cat=0
split_feature=23 44 1 0 17 16 28 43 50 1 17 44 46 24 41 16 47 16 44 23 47 43 33
split_gain=59.3894 35.2668 10.1076 9.6311 7.80694 8.26188 5.56252 3.56029 3.11166 4.11334 2.54659 11.3173 2.35138 2.34271 0.812374 0.62825 0.676424 0.374059 0.35851 0.347182 0.0553311 0.0686497 0.0239205
threshold=83.910789489746108 4.5000000000000009 46.500000000000007 151.01722717285159 93.419914245605483 91.010101318359389 1.0000000180025095e-35 1.0000000180025095e-35 23.531040191650394 1.5000000000000002 75.905715942382827 1.5000000000000002 143.50000000000003 95.940452575683608 2.5000000000000004 99.367088317871108 94.500000000000014 76.339714050292983 2.5000000000000004 82.972846984863295 119.50000000000001 3.5000000000000004 0.73214286565780651
decision_type=2 2 8 2 2 2 2 2 2 8 2 2 2 2 2 2 2 2 2 2 2 2 2
left_child=6 2 3 4 5 -2 13 -4 9 -8 19 -12 14 -1 18 16 -3 -14 -13 -10 -17 -22 -21
right_child=1 15 7 -5 -6 -7 8 -9 10 -11 11 12 17 -15 -16 20 -18 -19 -20 22 21 -23 -24
leaf_value=-0.023925069975281869 0.20991490767610788 0.0055224145011109182 0.056632895858280408 0.031442177525310831 0.055363414924798543 0.045992707568810479 0.062854085754432312 -0.038127425008325652 -0.053398486625235803 -0.033522812006399061 0.070837918416559245 0.014113455631528909 0.044807938357613687 0.054399103693291241 -0.063178520163641311 0.0040866462557668714 -0.063907667449168523 -0.0071332654151213329 -0.021191834253979389 -0.010577196469339309 0.0030302106588470938 -0.01655696285440859 0.00096539994124071648
leaf_weight=0.91673186742991597 2.0107156689191505 0.20810945441189499 0.36226014696876463 10.211641456931829 6.5965549842221662 1.9966906159534117 0.74443560583676971 3.0434087031317176 97.818266312187916 2.0330845727148699 1.6526867424981881 0.24338921191520047 0.054750564988353179 1.1975350470165722 5.4892050270937034 0.20018048229394469 7.0180841697583674 0.16633265785640106 1.2781447395027496 0.26821829564869304 0.25981325042084791 0.49438365182140842 0.45910991379059851
leaf_count=3055 420 124 96 197 103 41 96 3088 350818 8968 284 44 215 22 9059 145 10558 631 3146 1168 218 1075 28
internal_value=-0.0307213 0.0282657 0.0581213 0.0707251 0.102585 0.153736 -0.0478368 -0.0174811 -0.0494088 0.00210916 -0.050748 -0.0216354 -0.0488065 0.0236608 -0.0550146 -0.0568337 -0.0614799 0.0318909 -0.0121868 -0.0531289 -0.00819711 -0.0119285 -0.00695037
internal_weight=144.724 32.4018 24.2213 20.8156 10.604 4.00741 112.322 3.40567 110.208 2.77752 107.43 8.88451 7.23182 2.11427 7.01074 8.18057 7.22619 0.221083 1.52153 98.5456 0.954377 0.754197 0.727328
internal_count=393599 16065 3945 761 564 461 377534 3184 374457 9064 365393 13379 13095 3077 12249 12120 10682 846 3190 352014 1438 1293 1196
is_linear=0
shrinkage=0.05


Tree=25
num_leaves=26
num_cat=0
split_feature=28 44 33 44 7 18 45 0 17 0 17 2 23 40 44 1 47 45 47 17 40 23 47 47 47
split_gain=52.813 25.0917 10.9182 15.9444 6.03637 5.43304 4.52549 3.89276 8.30424 4.05279 2.32644 3.02572 2.10177 2.12406 2.01713 2.00899 1.73472 0.977861 0.548979 0.556469 0.316144 0.0668155 0.0583917 0.0214667 0.0583339
threshold=1.0000000180025095e-35 4.5000000000000009 0.64583334326744091 4.5000000000000009 1.0000000180025095e-35 99.367088317871108 0.70489299297332775 151.01722717285159 91.393299102783217 38.310058593750007 75.905715942382827 1.5000000000000002 82.807880401611342 1.5000000000000002 2.5000000000000004 2.5000000000000004 107.50000000000001 0.38868248462677008 94.500000000000014 99.367088317871108 1.0000000180025095e-35 96.424011230468764 119.50000000000001 151.50000000000003 152.50000000000003
decision_type=2 2 2 2 2 2 2 2 2 2 2 10 2 2 2 10 2 2 2 2 2 2 2 2 2
left_child=1 4 10 5 14 6 16 8 9 17 20 12 13 -12 -1 -15 -4 -6 -3 -20 -2 -13 -21 -24 -25
right_child=2 18 3 -5 7 -7 -8 -9 -10 -11 11 21 -14 15 -16 -17 -18 -19 19 22 -22 -23 23 24 -26
leaf_value=0.027806431906077234 -0.018424207872764789 0.0062482936799805634 0.042680829206514552 -0.063100819655500795 -0.013834272042607294 -0.031385107532426369 0.064631695801911887 0.036507173559025025 0.054573451851502412 0.20934717195675942 -0.015008891666475333 -0.038868587576549971 -0.017342519857574713 0.12690035521171958 -0.037632899230321704 -0.0085370499749914657 -0.034072864063871208 0.051725503148863775 -0.060636911733695592 0.0041288915941065877 -0.052581043635871266 0.00079306762157180699 -0.015110337549635554 0.0078377808968572559 -0.0079440829815655891
leaf_weight=1.3209679108113113 2.0720282823604057 0.19131060178915404 0.078869487639169011 6.501298406161367 0.381747789244402 2.0668489797681096 6.6445488503668457 7.8738359212875357 7.7177004316472448 1.0827079286100341 0.25141371894278564 1.9432836545020111 0.58972710062516853 0.12985791941537106 1.4298645151720848 0.20583243556029629 1.6892360047058899 0.4629373187199235 4.653335687253275 0.19838582980446506 91.505391647649958 0.069239572971127816 0.43229812002391554 0.15462504411698319 0.18875978529104032
leaf_count=99 973 81 211 11476 500 260 351 156 369 24 107 6019 332 203 1234 907 4358 109 6598 139 356707 80 855 12 507
internal_value=-0.0295068 0.0337017 -0.0441713 -0.00673464 0.0594917 0.0306846 0.0476483 0.0697815 0.0909639 0.168261 -0.0506046 -0.00640203 0.0398437 0.0720197 -0.00717308 0.0996377 -0.0164672 0.0306587 -0.051688 -0.0543032 -0.0520275 -0.0376938 -0.00865644 -0.0124101 -0.000293221
internal_weight=139.836 26.0885 113.748 16.9808 20.2698 10.4795 8.41265 17.5189 9.64509 1.92739 96.7668 3.18935 1.17683 0.587104 2.75083 0.33569 1.76811 0.844685 5.81872 5.6274 93.5774 2.01252 0.974069 0.775683 0.343385
internal_count=392667 10683 381984 16656 2491 5180 4920 1158 1002 633 365328 7648 1549 1217 1333 1110 4569 609 8192 8111 357680 6099 1513 1374 519
is_linear=0
shrinkage=0.05


Tree=26
num_leaves=22
num_cat=0
split_feature=2 39 43 24 41 17 18 43 39 50 17 49 21 50 8 0 50 17 17 17 17
split_gain=55.6479 24.4172 22.2599 10.6648 8.68497 7.3305 7.13117 4.32997 6.61049 4.04577 3.8844 3.46651 1.87984 0.759432 0.755608 0.738298 0.498703 0.0712637 0.0703315 0.0773498 0.0415429
threshold=2.5000000000000004 0.77500000596046459 4.5000000000000009 93.492378234863295 2.5000000000000004 95.040985107421889 87.007671356201186 1.5000000000000002 0.61250001192092907 23.531040191650394 91.393299102783217 1.0000000180025095e-35 56.966489791870124 44.002834320068366 1.0000000180025095e-35 86.127441406250014 97.68778228759767 18.301435470581058 60.107526779174812 59.67530822753907 81.28433990478517
decision_type=8 2 2 2 2 2 2 2 2 2 2 2 2 2 2 2 2 2 2 2 2
left_child=1 2 5 -2 13 7 -4 -1 18 -6 14 -11 17 20 -8 16 -7 -13 19 -9 -5
right_child=3 -3 6 4 9 15 10 8 -10 11 -12 12 -14 -15 -16 -17 -18 -19 -20 -21 -22
leaf_value=0.0066286502704470899 -0.052077457845449288 0.086249482269755762 -0.029247191856598673 -0.0071133044558589894 0.052176332770487749 0.020686189338765936 0.038142918783448485 -0.023378081862658662 0.045639791557970134 -0.056583053193766532 0.041540222081963292 -0.0034476205847246144 0.034042384088133947 0.081336522429039326 0.15682508410651261 0.043755880796644372 -0.02037441233902185 -0.03484674732383141 -0.075968279890908416 0.0028471010724320542 0.0063891654171335122
leaf_weight=2.533105194001112 85.741056654223939 10.559922886517596 1.4071368973818623 0.16582248235499664 0.67217863223049601 0.3367557872552418 1.0672677793481851 0.87763326674757713 0.63961340068635841 4.9054680850713339 5.515589150658343 0.4767726553254763 1.7268892898937336 1.8246161375463996 0.90633126656757657 1.7708729523583313 0.67586239233787637 0.61401711560029071 9.3790991517525963 0.097279335663188249 0.12289901822805405
leaf_count=320 363899 169 5974 816 794 75 186 4226 8 9536 188 5 39 598 438 32 525 531 4592 96 1
internal_value=-0.0266522 0.0260796 -0.00145702 -0.0463141 0.00114869 -0.0356005 0.0584125 -0.0503212 -0.0629019 -0.0229269 0.0763879 -0.0346955 0.00824983 0.0734344 0.127056 0.030329 -0.00322581 -0.0293356 -0.0730362 -0.0206447 -0.000867885
internal_weight=132.016 35.7665 25.2065 96.2497 10.5087 16.3102 8.89633 13.5267 10.9936 8.39533 7.48919 7.72315 2.81768 2.11334 1.9736 2.78349 1.01262 1.09079 10.354 0.974913 0.288722
internal_count=393048 16829 16660 376219 12320 9874 6786 9242 8922 10905 812 10111 575 1415 624 632 600 536 8914 4322 817
is_linear=0
shrinkage=0.05


Tree=27
num_leaves=25
num_cat=0
split_feature=23 44 13 24 44 0 24 0 13 28 34 16 20 0 16 46 47 41 16 16 17 46 46 41
split_gain=49.2229 30.2032 9.51979 6.05775 20.7681 5.16461 4.62968 4.395 3.91966 2.18982 1.89878 1.68252 1.21211 1.10738 1.13073 0.913972 0.674544 0.455973 0.222215 0.120682 0.0684419 0.18175 0.0848462 0.0271741
threshold=83.910789489746108 4.5000000000000009 54.500000000000007 99.704143524169936 1.5000000000000002 151.01722717285159 93.492378234863295 38.766113281250007 1.5000000000000002 1.0000000180025095e-35 0.91987180709838878 87.939392089843764 0.93003022670745861 9.1186523437500018 99.367088317871108 118.50000000000001 94.500000000000014 2.5000000000000004 99.367088317871108 68.614070892333999 87.895435333251967 10.500000000000002 1.5000000000000002 1.5000000000000002
decision_type=2 2 2 2 2 2 2 2 2 2 2 2 2 2 2 2 2 2 2 2 2 2 2 2
left_child=3 2 5 10 -5 7 -4 8 11 -6 12 19 20 14 -10 -14 -3 23 -18 -2 21 -1 -22 -11
right_child=1 16 6 4 9 -7 -8 -9 13 17 -12 -13 15 -15 -16 -17 18 -19 -20 -21 22 -23 -24 -25
leaf_value=-0.064261354781486119 0.010885930479856899 0.0059896783455038391 -0.0415303146749888 0.064734427860857188 0.019074476899872773 0.032456456053691518 0.041645053147697557 0.11871749827713324 -0.017298065180321832 -0.020012899123311279 0.011622891412334553 0.09357019651331315 -0.021536648995531003 -0.029547922740969026 0.047387199241765821 0.038996487499652399 -0.064804876473426087 -0.067618193576358052 -0.012089245033400501 -0.010579308425500521 0.0056790947886103775 -0.049309659169811199 -0.014793796687430395 -0.0020266171465610603
leaf_weight=17.698277627347125 0.36429503356340132 0.21246250813419365 3.0438758589880299 4.4947449227474854 0.46116156359494098 8.1249121688306332 1.877447123872116 5.7829407941171667 0.5255811712559082 0.80088188879744648 0.83520344255521095 1.6111364654789213 0.45507527720474072 1.2602497548505196 0.48154070717282593 0.12358156785194296 6.2491838175337762 7.1548254810222716 0.74434299851418462 0.26328578082029708 0.13996012750430864 64.873692938621389 0.41904213011730462 0.51931075654283632
leaf_count=25816 328 131 1494 367 14 170 34 121 883 585 57 112 573 292 80 397 10599 7116 1413 406 7 340839 1146 311
internal_value=-0.0296866 0.025127 0.0524402 -0.0468545 -0.0143417 0.0682117 -0.00812521 0.0910704 0.040472 -0.0566278 -0.0517915 0.0758978 -0.052554 -0.00702988 0.0218305 0.00790437 -0.0589335 -0.0623254 -0.0614085 0.000913584 -0.0530638 -0.053245 -0.00931306 -0.0168606
internal_weight=128.517 30.5413 23.3353 97.9758 13.4309 18.4139 4.92132 10.289 4.50609 8.93618 84.5448 2.23872 83.7096 2.26737 1.00712 0.578657 7.20599 8.47502 6.99353 0.627581 83.131 82.572 0.559002 1.32019
internal_count=393291 16063 3920 377228 8393 2392 1528 2222 2101 8026 368835 846 368778 1255 963 970 12143 8012 12012 734 367808 366655 1153 896
is_linear=0
shrinkage=0.05


Tree=28
num_leaves=28
num_cat=0
split_feature=23 44 2 24 44 0 17 13 13 24 0 28 20 0 17 47 39 23 41 17 47 47 17 17 47 47 47
split_gain=45.9564 35.7878 9.06735 7.26919 18.0703 4.87132 9.23394 7.25322 2.90055 5.32615 2.2916 1.88738 1.67006 0.738158 0.652711 0.723424 0.631279 0.479998 0.440039 0.969508 0.248168 1.35455 0.512612 0.285228 0.0516157 0.0224781 0.0524061
threshold=81.557067871093764 4.5000000000000009 6.5000000000000009 95.940452575683608 1.5000000000000002 151.01722717285159 89.825496673583999 60.500000000000007 1.5000000000000002 49.763011932373054 19.441894531250004 1.0000000180025095e-35 0.33191312849521643 20.195800781250004 99.367088317871108 94.500000000000014 0.46428571641445165 61.257406234741218 2.5000000000000004 85.215545654296889 104.50000000000001 103.50000000000001 62.115564346313484 87.895435333251967 119.50000000000001 151.50000000000003 152.50000000000003
decision_type=2 2 8 2 2 2 2 2 2 2 2 2 2 2 2 2 2 2 2 2 2 2 2 2 2 2 2
left_child=3 2 5 20 17 6 7 10 -8 13 -2 -6 -13 -10 15 -3 -4 -5 19 -14 21 23 -23 -1 -16 -26 -27
right_child=1 14 16 4 11 -7 8 -9 9 -11 -12 12 18 -15 24 -17 -18 -19 -20 -21 -22 22 -24 -25 25 26 -28
leaf_value=-0.037614839044941617 0.018816929308610272 0.0057130149156641207 -0.039100656552344917 0.025360827958078404 0.018914512607780251 0.02891523070288159 0.076460320492292788 -0.014790205199446663 0.0052283140163563949 0.066127493980413871 0.19244593976821628 0.01903552915731388 -0.03531742280995067 -0.034504778222304626 0.0039259374163857271 -0.064905995481606596 0.0096651805173185203 0.075139578609078161 -0.064859693571937535 0.021241825168303075 -0.052176605040288704 -0.009512141508198322 0.04571548369645434 0.0061206314279050444 -0.014392239696142221 0.0076111891957787517 -0.0074044940744108223
leaf_weight=3.0347888901633269 0.45267141272780076 0.21711439160571533 1.940655296784825 2.329122546951111 0.45433088587014836 8.7543677960202331 4.9396720177319349 0.41510315565392364 1.6371372326102576 2.4048321798909456 2.0192860203096643 0.27453983572195184 0.90578273652499575 1.7438929891213772 0.19541880505858067 7.9232618155219825 0.42036609609203868 2.5173670333897462 7.2621148422222177 0.41937227905145846 73.578379038235653 0.2348788635481468 0.044753472146112472 0.12997606411227014 0.40350032354763243 0.15081723022740334 0.17373036783828866
leaf_count=16684 980 164 3086 350 13 193 55 417 340 81 209 112 969 73 150 14311 169 64 7785 6 344033 1285 225 7 851 12 504
internal_value=-0.0269384 0.0223905 0.0531197 -0.0452634 -0.0113795 0.0628202 0.0811538 0.151131 0.051035 0.0212594 0.175228 -0.0505292 -0.0556464 -0.0184636 -0.058393 -0.0626035 -0.0301258 0.0596465 -0.0597705 -0.0159806 -0.0512681 -0.0244885 0.0281449 -0.0347803 -0.00802622 -0.0116497 5.14954e-05
internal_weight=124.977 33.7918 24.728 91.1854 14.1626 22.367 13.6126 2.88706 10.7255 5.78586 2.47196 9.31614 8.86181 3.38103 9.06384 8.14038 2.36102 4.84649 8.58727 1.32516 77.0228 3.4444 0.279632 3.16476 0.923467 0.728048 0.324548
internal_count=393128 21595 5603 371533 9299 2348 2155 1606 549 494 1189 8885 8872 413 15992 14475 3255 414 8760 975 362234 18201 1510 16691 1517 1367 516
is_linear=0
shrinkage=0.05


Tree=29
num_leaves=26
num_cat=0
split_feature=17 43 43 13 33 39 43 0 7 17 39 47 37 8 19 32 50 50 46 49 46 17 34 47 27
split_gain=55.024 11.9323 14.0343 12.1835 5.96747 7.56082 5.90656 5.24032 2.9135 1.97644 2.21242 1.29702 1.02697 0.891544 0.836083 0.801468 0.606874 0.601993 0.7952 0.59006 0.329053 1.9237 0.302805 0.147469 0.130915
threshold=85.215545654296889 1.0000000180025095e-35 2.5000000000000004 1.5000000000000002 0.64583334326744091 0.90000000596046459 4.5000000000000009 94.899288177490249 1.0000000180025095e-35 69.00656890869142 0.61250001192092907 96.500000000000014 1.0000000180025095e-35 1.0000000180025095e-35 93.127067565917983 0.70833334326744091 99.655174255371108 23.531040191650394 1.5000000000000002 1.5000000000000002 143.50000000000003 82.413585662841811 0.68990385532379161 105.50000000000001 1.5000000000000002
decision_type=2 2 2 2 2 2 2 2 2 2 2 2 2 2 2 2 2 2 2 2 2 2 2 2 2
left_child=4 -2 15 13 16 6 9 11 -8 10 19 -5 -13 -4 -10 24 17 18 -1 -6 -19 -22 -18 -11 -3
right_child=1 2 3 7 5 -7 8 -9 14 23 -12 12 -14 -15 -16 -17 22 20 -20 -21 21 -23 -24 -25 -26
leaf_value=0.014856797080956241 0.076726074094235541 0.0063233936625240522 0.040817614275851351 0.024599478753789709 -0.039931343579075775 0.054290631530498581 -0.019441965386985713 0.052706430510969175 0.10187010682260703 -0.0010887949146539942 0.042748921043348292 0.011817780673339027 -0.042893647350025585 0.11452157447906366 0.0018723141027523092 -0.06772793138465226 -0.023534664972592535 -0.052452836561006494 -0.030873242567975592 0.011427550572688037 -0.034299562393698822 0.046269697806581918 0.006922237509121138 -0.06106679247084873 -0.016019738936364165
leaf_weight=0.74986019137941129 9.5525614236394194 0.41334174550138492 2.4412482220068341 0.31325530496542331 1.4897646650788341 2.4084660088410592 0.63586432956799466 1.7599097131169399 0.30716810071317013 0.14126866668811988 0.61530716378183559 0.5708678926603169 4.7148871311947005 2.3359457601472968 0.29422415880253538 3.5952326618862571 0.88265597244026028 77.386407245618102 1.6133678591577334 0.24306272603280366 2.1832912298414153 0.038724895406630711 0.81732748923241161 5.9130038612347562 0.57671949743235018
leaf_count=95 246 500 947 47 2453 47 2917 28 351 207 7 289 5842 108 130 529 2814 345298 8951 10 12377 129 15 8322 249
internal_value=-0.0280831 0.0350449 0.00824745 0.0360612 -0.0455942 -0.011552 -0.0315592 -0.00583781 0.0463872 -0.0467497 -0.00482712 -0.0294382 -0.0360447 0.0904421 0.0846667 -0.0586446 -0.0503017 -0.0509499 -0.0162599 -0.0311818 -0.0517652 -0.0189707 -0.0117511 -0.06002 -0.00820152
internal_weight=121.994 26.274 16.7214 12.1361 95.7198 12.0481 9.63966 7.35892 1.23726 8.40241 2.34813 5.59901 5.28576 4.77719 0.601392 4.58529 83.6716 81.9717 2.36323 1.73283 79.6084 2.22202 1.69998 6.05427 0.990061
internal_count=392908 8785 8539 7261 384123 14444 14397 6206 3398 10999 2470 6178 6131 1055 481 1278 369679 366850 9046 2463 357804 12506 2829 8529 749
is_linear=0
shrinkage=0.05


Tree=30
num_leaves=16
num_cat=0
split_feature=2 44 0 24 44 20 20 17 23 13 20 0 49 13 16
split_gain=51.7698 32.1381 9.93533 8.91032 6.94646 8.31163 6.85782 15.7656 2.76713 2.08364 1.43078 0.695612 0.484841 0.40619 0.371765
threshold=2.5000000000000004 4.5000000000000009 151.01722717285159 93.492378234863295 1.5000000000000002 0.46713979542255407 0.8582085669040681 89.825496673583999 93.44086074829103 54.500000000000007 0.33191312849521643 112.80730438232423 2.5000000000000004 66.500000000000014 99.367088317871108
decision_type=8 2 2 2 2 2 2 2 2 2 2 2 2 2 2
left_child=1 2 6 -2 5 -5 11 9 10 -8 -6 -1 -7 -11 -3
right_child=3 14 -4 4 8 12 7 -9 -10 13 -12 -13 -14 -15 -16
leaf_value=-0.027638951763678921 -0.051776798926498946 -0.062465314147476796 0.017948957287570077 -0.036963854920271252 0.018241486234432735 0.094398173860673229 0.19478837505552049 0.050948213090291822 0.029676495318904053 0.034903958849179767 -0.054311558603933247 0.02089292474395266 0.02885925717075994 -0.010310412149314479 -0.0039734651366446754
leaf_weight=1.2253403755312309 72.164981020128835 6.9987405637220936 12.882169251122832 1.9205600412169568 0.28323169310169749 1.6113144465816733 2.3809392541006686 9.8877000360807852 0.67021280084736634 0.1773032448691082 5.3119762291589723 0.24951076507568348 1.7500857112463561 0.25626823349739425 0.42747561671421852
leaf_count=5714 363466 8677 223 130 162 391 909 328 7 216 11519 1 63 264 471
internal_value=-0.024248 0.0267679 0.0518612 -0.0453319 -0.00413836 0.0346888 0.0794631 0.0905997 -0.0371402 0.180025 -0.0484299 -0.0143039 0.0747165 0.0196292 -0.0599695
internal_weight=118.198 34.4854 27.0592 83.7124 11.5474 5.28196 14.1771 12.7022 6.26542 2.81451 5.59521 1.47485 3.3614 0.433571 7.42622
internal_count=392541 16803 7655 375738 12272 584 7432 1717 11688 1389 11681 5715 454 480 9148
is_linear=0
shrinkage=0.05


Tree=31
num_leaves=19
num_cat=0
split_feature=2 44 0 13 19 17 24 18 18 18 49 33 44 47 2 49 46 18
split_gain=48.2433 34.8727 9.12481 7.56954 6.99028 7.3788 6.52289 6.57911 1.9189 1.64294 1.53856 1.52877 1.11236 0.769171 0.467794 0.459192 0.435672 0.319922
threshold=2.5000000000000004 4.5000000000000009 151.01722717285159 62.500000000000007 76.028167724609389 89.825496673583999 93.492378234863295 88.067794799804702 23.629112243652347 83.75235748291017 1.5000000000000002 0.64583334326744091 3.5000000000000004 94.500000000000014 12.500000000000002 5.5000000000000009 6.5000000000000009 69.804355621337905
decision_type=8 2 2 2 2 2 2 2 2 2 2 2 2 2 10 2 2 2
left_child=1 2 3 4 -1 9 -2 8 10 17 12 14 -8 -3 15 -10 -5 -6
right_child=6 13 -4 16 5 -7 7 -9 11 -11 -12 -13 -14 -15 -16 -17 -18 -19
leaf_value=-0.02334779711285697 -0.051531210759690138 0.0069866864289427127 0.01808596163238602 0.011483401614980474 0.031072156078556002 0.063721083164523282 0.046431775703952516 0.058156853864105684 -0.055715151655827945 0.17492984775833262 -0.028210413721538426 0.01102928955889964 -0.017540360129073947 -0.062481570581020086 0.0060033555221083116 0.0059329148272847755 -0.027085359630896422 -0.00932102948366763
leaf_weight=0.87544129518209857 68.951467699585919 0.21839721449214167 11.81522893298461 0.43401632970199067 0.20854652939306051 8.4796081041567941 1.225070141430477 1.9277017077838525 4.7190878934488865 2.643972875768668 0.97209998451580748 0.81880141398869444 0.36336104781366874 8.060527050693052 0.15040629096620239 0.12740124628180627 1.1323550168599466 0.22893237220705487
leaf_count=4762 364329 198 216 5 200 221 159 154 11008 630 7 66 775 9010 109 37 754 853
internal_value=-0.0248263 0.024409 0.0527363 0.078819 0.0910803 0.100914 -0.0460484 -0.00804609 -0.0278596 0.162574 0.00667495 -0.041813 0.030675 -0.0600935 -0.0508671 -0.053357 -0.0160882 0.0181549
internal_weight=113.352 34.097 25.8181 14.0029 12.4365 11.5611 79.2554 10.3039 8.37623 3.08145 2.56053 5.8157 1.58843 8.27892 4.9969 4.84649 1.56637 0.437479
internal_count=393493 16849 7641 7425 6666 1904 376644 12315 12161 1683 941 11220 934 9208 11154 11045 759 1053
is_linear=0
shrinkage=0.05


Tree=32
num_leaves=34
num_cat=0
split_feature=33 44 44 15 13 18 43 24 44 50 50 50 20 37 46 17 46 47 47 2 17 17 19 16 31 17 23 16 19 16 23 31 19
split_gain=35.6224 29.825 10.0695 14.9266 6.67169 3.50876 3.18328 4.46916 1.86105 1.83826 1.75687 2.02059 1.61168 3.03402 1.28165 0.913502 0.825064 0.714372 0.713406 0.661438 0.481166 1.5533 0.373523 0.341678 0.255097 0.318125 0.228029 0.213889 0.157082 0.0754507 0.0353697 0.0127637 0.0152244
threshold=0.64583334326744091 4.5000000000000009 1.5000000000000002 1.0000000180025095e-35 5.5000000000000009 96.49015045166017 4.5000000000000009 92.921337127685561 2.5000000000000004 96.169029235839858 23.531040191650394 22.752144813537601 0.93003022670745861 2.5000000000000004 76.500000000000014 95.040985107421889 1.5000000000000002 94.500000000000014 148.50000000000003 1.5000000000000002 75.905715942382827 76.339714050292983 78.830558776855483 89.699382781982436 3.5000000000000004 22.378716468811039 58.123168945312507 99.367088317871108 71.516754150390639 87.298336029052749 95.346321105957045 1.5000000000000002 78.629974365234389
decision_type=2 2 2 2 2 2 2 2 2 2 2 2 2 2 2 2 2 2 2 8 2 2 2 2 2 2 2 2 2 2 2 2 2
left_child=5 2 -2 6 -5 10 18 -8 -7 14 11 -1 20 22 -6 26 -13 -3 -4 -15 24 28 31 -20 -12 -26 -10 -19 -22 -24 -23 32 -14
right_child=1 17 3 4 9 8 7 -9 15 -11 12 16 13 19 -16 -17 -18 27 23 -21 21 30 29 -25 25 -27 -28 -29 -30 -31 -32 -33 -34
leaf_value=-0.031443592530023393 0.072375896365281051 0.0071647635765427764 -0.065011124378897805 0.10969540051848642 0.064563675805471468 0.049326404384175335 -0.03678755086245078 0.049592190113540331 0.003581032977393807 -0.031300151928642141 -0.052662039506033514 0.056635141136965633 -0.0051209619494194678 0.071300095322308063 -0.013976444472888497 0.023496016490171967 -0.010671058965784247 -0.06128260906794139 -0.023910900122194156 -0.0065793564728805808 0.045647527473486126 -0.032364371603137071 -0.04455505371471169 0.010323613355448107 0.0026022310629370991 -0.029799465240769037 -0.036585969352726642 -0.010423494062181654 -0.002943220410913145 -0.00016704442104444557 0.0004293753307476952 0.0068212867939290382 0.0033985817474726054
leaf_weight=1.3914972707025293 12.500699243260897 0.21297383015917049 3.2053012717660732 2.918336799921236 0.27913630387047272 0.66163827532727681 2.2916482083819574 1.7505938070680711 0.22145788223133411 1.2626258386153495 63.429221195523496 0.44080380935338315 0.11405495651706488 0.2190776666975579 0.38643963943468407 0.24476877493725613 0.27127395497518592 8.8029860710739705 0.54402735058101803 0.15141427013440989 0.045034557435427724 1.6222860432790183 1.0695673062728017 0.58744942265911959 0.8765940519242571 1.4746428845137414 1.285890458479116 0.68016742102918293 0.062534894212149084 0.10829299344914023 0.058098109424463362 0.1326754041510867 0.073809793160762638
leaf_count=7266 543 147 836 907 38 47 2303 30 392 121 338157 19 513 92 1175 7 1738 14333 403 621 100 6128 2087 145 145 10094 2671 1420 393 142 18 6 16
internal_value=-0.0269359 0.0140341 0.0419337 0.0100949 0.0722156 -0.0464849 -0.0297052 0.0030376 0.00935987 -0.00259965 -0.0484722 -0.00230798 -0.0498181 -0.00257219 0.0379498 -0.0181716 0.0397378 -0.0569903 -0.0550748 0.0578951 -0.0510683 -0.0142895 -0.0347119 -0.00963223 -0.051839 -0.0205475 -0.0316101 -0.0589771 0.0402467 -0.0424246 -0.0314934 0.00429423 -0.0017305
internal_weight=109.377 35.4224 25.7263 13.2256 4.84654 73.9546 8.37902 4.04224 2.41376 1.9282 71.5409 2.10358 69.4373 1.86889 0.665576 1.75212 0.712078 9.69613 4.33678 0.370492 67.5684 1.78795 1.4984 1.13148 65.7805 2.35124 1.50735 9.48315 0.107569 1.17786 1.68038 0.32054 0.187865
internal_count=393053 22401 6501 5958 2241 370652 3717 2333 3117 1334 367535 9023 358512 3477 1213 3070 1757 15900 1384 713 355035 6639 2764 548 348396 10239 3063 15753 493 2229 6146 535 529
is_linear=0
shrinkage=0.05


Tree=33
num_leaves=16
num_cat=0
split_feature=23 44 44 33 18 13 34 44 24 0 17 0 24 28 16
split_gain=40.1069 26.4459 7.01186 22.7736 5.64607 3.66008 3.63764 3.12313 3.03469 2.44373 4.12668 2.17158 1.64227 0.922274 0.128881
threshold=83.910789489746108 4.5000000000000009 1.5000000000000002 0.47222222387790685 86.319076538085952 62.500000000000007 0.5962963104248048 1.0000000180025095e-35 99.704143524169936 151.01722717285159 89.022754669189467 101.58581161499025 61.733762741088874 1.0000000180025095e-35 99.367088317871108
decision_type=2 2 2 2 2 2 2 2 2 2 2 2 2 2 2
left_child=2 4 3 8 7 9 -5 -2 -1 10 -6 -7 -12 -4 -3
right_child=1 14 13 6 5 11 -8 -9 -10 -11 12 -13 -14 -15 -16
leaf_value=-0.058261935576177051 0.038594322414154003 -0.055356616602432962 -0.0025180678729890198 -0.019700866021069921 0.12899319526238318 -0.030908212999646613 0.090290665979319257 -0.058031088405638948 0.011407498467237162 0.031067093476675196 0.025290338025624859 0.038697890368507626 0.073488514456102161 -0.052051736012014176 -0.0098786280011115783
leaf_weight=9.9283948657048278 0.49631005540141515 6.8269724940764709 1.0601247071754176 0.51881100098762445 2.7141054258681896 1.4798353287478669 3.7041155102087941 1.1839908732217734 1.4801588011177962 5.9997692126780739 5.0550892005849146 1.0444677229970691 4.4006040246167686 61.01999497878387 0.66056195201235812
leaf_count=20083 6 10676 3021 1879 789 680 166 1775 306 161 468 18 57 351603 1394
internal_value=-0.0250215 0.023666 -0.0437933 -0.0128432 0.0504854 0.0575759 0.0755928 -0.0257398 -0.0490321 0.0650288 0.0781418 0.000700652 0.0526046 -0.0512592 -0.0529811
internal_weight=107.573 29.8617 77.7116 15.6315 22.3742 20.6939 4.22293 1.6803 11.4086 18.1696 12.1698 2.5243 9.45569 62.0801 7.48753
internal_count=393082 16024 377058 22434 3954 2173 2045 1781 20389 1475 1314 698 525 354624 12070
is_linear=0
shrinkage=0.05


Tree=34
num_leaves=22
num_cat=0
split_feature=19 44 33 44 49 13 24 39 17 48 0 50 0 46 8 18 9 19 46 33 45
split_gain=34.8181 12.5042 23.3286 10.6151 3.83926 4.45399 3.3404 3.23032 2.36293 1.58557 1.40907 4.21555 3.16293 2.69479 1.4291 1.07867 1.02273 0.99958 0.615188 0.341706 0.333926
threshold=97.366596221923842 1.5000000000000002 0.47222222387790685 4.5000000000000009 1.0000000180025095e-35 2.5000000000000004 99.704143524169936 0.61250001192092907 99.367088317871108 2.5000000000000004 151.01722717285159 86.963428497314467 38.766113281250007 134.50000000000003 1.0000000180025095e-35 86.319076538085952 1.0000000180025095e-35 91.734970092773452 144.50000000000003 0.81666666269302379 0.70011422038078319
decision_type=2 2 2 2 2 2 2 2 2 2 2 2 2 2 2 2 2 2 2 2 2
left_child=1 2 6 4 5 -2 -1 15 10 20 11 -3 13 -13 -15 -4 -5 -14 -16 -18 -7
right_child=3 8 7 16 -6 9 -8 -9 -10 -11 -12 12 17 14 18 -17 19 -19 -20 -21 -22
leaf_value=-0.056795275285315139 0.056205623892220939 -0.049010529408120847 -0.037388881341136646 -0.048084296734389013 0.078392450955777182 -0.035810754273695178 0.0089038738366149419 0.080767061583870634 0.019266401977430209 0.022155901384379246 -0.066040071786321181 -0.038761330869242924 0.07185331029131381 -0.014939424793358949 0.078236477512080627 0.021990427314814546 -0.015073864104267041 -0.009339459084895382 -0.0054191073614583991 0.017610379061914278 -0.00049476794204045488
leaf_weight=9.1576488001574052 4.4574660238577071 46.349227586048073 0.37384790022042469 2.64841136321047 6.4517056843469609 2.0402548922575083 2.0846889693493713 5.4032721664298151 0.75065951219585159 1.7182604374102082 16.30723888682769 3.2914652543404364 0.58907061196805433 0.42589257166400774 0.16713183328101877 0.76024837157456204 0.55248104505881224 0.22648970350564923 0.12126922121387906 0.6692652894416824 0.89464458476868447
leaf_count=20098 230 345930 1401 4707 189 663 304 471 128 270 221 13540 664 2374 220 301 278 372 296 207 37
internal_value=-0.02633 -0.0399326 -0.00239223 0.0328827 0.0507967 0.0254341 -0.0448804 0.0669352 -0.0495394 -0.00877133 -0.050575 -0.0444752 5.4338e-05 -0.0204582 0.0372947 -0.00593133 -0.0347908 0.0565805 0.0661564 0.00269811 -0.027907
internal_weight=105.441 86.0082 17.7797 19.4325 15.5623 9.11063 11.2423 6.53737 68.2284 4.65316 67.4778 51.1705 4.82132 4.00576 0.714294 1.1341 3.87016 0.81556 0.288401 1.22175 2.9349
internal_count=392901 386320 22575 6581 1389 1200 20402 2173 363745 970 363617 363396 17466 16430 2890 1702 5192 1036 516 485 700
is_linear=0
shrinkage=0.05


Tree=35
num_leaves=25
num_cat=0
split_feature=20 39 8 43 34 47 48 43 24 35 33 33 20 17 23 17 43 43 7 50 47 47 24 47
split_gain=37.7199 17.9077 16.7844 6.32204 6.1679 5.1535 5.18067 4.8645 6.64248 2.25702 1.83813 3.5521 1.58171 0.962538 0.982326 0.937512 0.627406 0.977534 0.420784 0.419938 0.349895 0.223479 0.0590611 0.0119076
threshold=0.91633436083793651 0.77500000596046459 1.0000000180025095e-35 1.5000000000000002 0.83771929144859325 134.50000000000003 1.5000000000000002 2.5000000000000004 88.669517517089858 1.5000000000000002 0.64583334326744091 0.6904762089252473 0.8582085669040681 89.825496673583999 15.535444736480715 15.535444736480715 1.5000000000000002 4.5000000000000009 1.0000000180025095e-35 88.270568847656264 138.50000000000003 83.500000000000014 99.704143524169936 115.50000000000001
decision_type=2 2 2 2 2 2 2 2 2 2 2 2 2 2 2 2 2 2 2 2 2 2 2 2
left_child=4 2 3 20 10 6 16 23 -9 -4 -1 12 -12 14 -7 -16 -6 -18 22 -17 -2 -13 -14 -5
right_child=1 -3 9 7 5 13 -8 8 -10 -11 11 21 18 -15 15 19 17 -19 -20 -21 -22 -23 -24 -25
leaf_value=-0.052002594631512911 0.010257456285549263 0.087553931336336113 0.10026353588760635 -0.018559416409488504 0.012062791450659983 0.015610229824647034 0.080279432139313864 -0.044805338399732497 0.029603262693845941 0.020512384667872943 -0.014645568212808564 0.0044510351264456975 -0.0060212166753437516 0.015661501922577415 0.013623889499876552 -0.053497610931858723 -0.040407575657002308 0.017716712318198068 0.08337464779043513 4.6078354290925483e-06 0.052326363736789984 -0.040129327131325318 0.010460176473589716 -0.070353249971588802
leaf_weight=55.150397121306014 1.3975000795399055 6.9341146452352396 2.7188765509490613 0.89898016498773259 0.95628517564182258 0.25403456751519105 1.6662042383104561 5.3535192367780819 4.7450586130726151 1.9975769872835369 0.41414997367974038 0.10144657644559663 0.1368425512482645 0.33810343377990637 0.22889451157243446 4.5495338392574922 1.4384670079707573 0.36791549810732238 0.23770508132292889 0.3925285960867767 1.3397097050692535 2.9320066848376882 0.18712180526927114 4.9279306566968444
leaf_count=356910 151 164 279 77 40 90 295 10542 109 258 2901 36 823 6 33 5105 1924 81 432 7 259 11429 3 1265
internal_value=-0.0233638 0.0226468 0.000594101 -0.0213537 -0.0435109 -0.00681413 0.0300877 -0.0334934 -0.0103256 0.0759833 -0.0496146 -0.0129423 0.0445661 -0.0354284 -0.0405545 -0.0453962 -0.0134743 -0.0264745 0.069647 -0.0499625 0.0393397 -0.0379045 0.00420882 -0.0662515
internal_weight=99.6649 30.3133 23.3792 18.6627 69.3516 10.192 4.42887 15.9255 10.0986 4.71645 59.1597 4.00927 0.975819 5.76309 5.42499 5.17096 2.76267 1.80638 0.561669 4.94206 2.73721 3.03345 0.323964 5.82691
internal_count=393219 13104 12940 12403 380115 7581 2340 11993 10651 537 372534 15624 4159 5241 5235 5145 2045 2005 1258 5112 410 11465 826 1342
is_linear=0
shrinkage=0.05


Tree=36
num_leaves=23
num_cat=0
split_feature=18 44 8 2 37 34 41 16 16 21 0 0 44 37 2 0 47 23 18 47 47 47
split_gain=34.6789 27.4737 14.1357 3.83227 3.36498 2.86316 7.04929 4.07861 2.47598 2.11692 1.98099 1.57048 1.45278 1.32522 1.40863 1.20792 0.83761 0.488128 0.439764 0.284241 0.0242519 0.0475407
threshold=85.215545654296889 1.5000000000000002 1.0000000180025095e-35 1.5000000000000002 1.0000000180025095e-35 0.88562092185020458 4.5000000000000009 20.761494636535648 95.101959228515639 88.117645263671889 86.127441406250014 151.01722717285159 4.5000000000000009 4.5000000000000009 1.5000000000000002 75.821289062500014 139.50000000000003 58.123168945312507 88.273490905761733 94.500000000000014 127.50000000000001 126.50000000000001
decision_type=2 2 2 10 2 2 2 2 2 2 2 2 2 2 8 2 2 2 2 2 2 2
left_child=5 11 4 -4 15 13 16 -8 9 12 -10 -2 18 -1 -15 -3 -7 -11 -6 -19 21 -9
right_child=1 2 3 -5 8 6 7 20 10 17 -12 -13 -14 14 -16 -17 -18 19 -20 -21 -22 -23
leaf_value=-0.051650818397128088 0.098011861006384843 -0.020623018669306367 0.064414267519039989 -0.02472936427857407 0.037866337429288625 0.072294999198631263 0.034967068635960025 -0.012443516323215893 -0.029488041366076356 0.0030927756297238623 0.03689226065979781 0.045004462987817045 -0.030279588023991312 0.037021643472935628 -0.027627272606895292 0.036444252954807688 0.0010144447843299968 -0.0063621023140214162 -0.0093253638366357743 -0.061598806811860751 -0.062390681567074051 0.0039943791583042093
leaf_weight=53.676300508708664 5.3006725657469342 0.69024792338314656 4.7885529716004376 0.95200378632580385 0.76106154032822915 1.0479569993585744 0.73791374136635557 0.26150447330655868 1.4024182753128109 0.21653547997266365 1.1146279160748234 5.9212376587092876 1.3822143055949709 0.40445894722506515 1.1130279901626636 1.4237140832847215 0.55205033465244913 0.48742672691878297 0.22891564018937061 11.222705347347071 3.6809393333096523 0.098786678434407804
leaf_count=351115 470 1267 383 2968 836 321 146 685 2010 505 23 184 9176 124 7676 19 354 174 1089 10911 2079 86
internal_value=-0.0242183 0.0146034 -0.0152033 0.0481553 -0.0358692 -0.0467201 -0.0125969 -0.0419761 -0.0431267 -0.0506909 0.00203887 0.0760133 -0.00501383 -0.0503696 -0.002535 0.0171718 0.0575504 -0.0586853 0.0277515 -0.0599811 -0.0601749 -0.00831335
internal_weight=97.4653 35.8923 24.6704 5.74056 18.9299 61.5729 6.37915 4.77914 16.8159 14.2989 2.51705 11.2219 2.37219 55.1938 1.51749 2.11396 1.60001 11.9267 0.989977 11.7101 4.04123 0.360291
internal_count=392601 30015 29361 3351 26010 362586 3671 2996 24724 22691 2033 654 11101 358915 7800 1286 675 11590 1925 11085 2850 771
is_linear=0
shrinkage=0.05


Tree=37
num_leaves=25
num_cat=0
split_feature=23 43 43 24 13 43 39 50 7 20 39 17 17 13 23 28 43 48 39 46 50 50 17 17
split_gain=30.0661 13.5881 11.8855 6.42281 6.24166 4.62984 4.40779 3.06623 2.80517 2.65479 1.41447 1.29904 1.15366 1.08003 1.03255 1.08916 0.86606 0.546619 0.538991 0.249725 0.145293 0.113032 0.0834927 0.00934299
threshold=81.557067871093764 1.0000000180025095e-35 4.5000000000000009 95.940452575683608 2.5000000000000004 1.5000000000000002 0.61250001192092907 99.655174255371108 1.0000000180025095e-35 0.53469792008399974 0.61250001192092907 83.424911499023452 99.367088317871108 53.500000000000007 15.535444736480715 1.0000000180025095e-35 1.5000000000000002 3.5000000000000004 0.46428571641445165 1.5000000000000002 83.020465850830092 99.655174255371108 87.895435333251967 89.022754669189467
decision_type=2 2 2 2 2 2 2 2 2 2 2 2 2 2 2 2 2 2 2 2 2 2 2 2
left_child=3 -2 6 22 11 9 12 8 -6 17 14 19 16 -10 -7 -16 -3 -5 20 -4 -14 -18 -1 -24
right_child=1 2 4 5 7 10 -8 -9 13 -11 -12 -13 18 -15 15 -17 21 -19 -20 -21 -22 -23 23 -25
leaf_value=-0.05077224248685535 0.064478763548074358 0.0045905330499273252 0.017113917569203937 -0.032470806003890879 -0.025717415687918768 0.014485495590847048 0.037032689962749735 -0.036569897034008279 0.0050155737292781576 0.042876043873887826 0.0062900506291415003 0.079274766819445522 0.0050398801010228152 0.078334048745805129 0.013096250906652515 -0.054368922677263655 -0.063634875975259797 0.0057464159954811848 0.01959726971617691 -0.013333504230938729 -0.024218705095015433 -0.026691628613201231 0.0012426833582740839 -0.0066533641053620031
leaf_weight=50.513603276544018 9.1897582309975423 0.45717947055527197 0.3547284603700972 1.1559191466440082 0.94539998124673741 0.2645973283870261 1.0328134462324676 2.6456327639170922 0.89164262415579287 3.6256210284500412 1.4021517969849808 3.9046673281409312 0.16016391392622686 0.84260612622165354 0.28221862262580533 5.2869951827597106 6.2071259312069724 1.2024680380600328 0.48415688273962576 0.36236757623555604 1.0196604684315387 2.4993227059094352 0.16233970751636562 0.1532694119377993
leaf_count=361381 355 445 7 357 1351 171 33 502 293 376 50 249 24 347 10 8309 11951 56 18 1257 1604 3146 352 553
internal_value=-0.0232701 0.016792 -0.00524947 -0.0426186 0.0332794 -0.0105919 -0.0376378 -0.00466771 0.0282081 0.0201861 -0.0354053 0.0700556 -0.0472893 0.0562591 -0.0448808 -0.049477 -0.0536558 -0.0170761 -0.00524818 0.00292329 -0.0197569 -0.0568722 -0.0505832 -0.00473446
internal_weight=95.0464 30.9972 21.8075 64.0492 9.94704 13.22 11.8604 5.32528 2.67965 5.98401 7.23596 4.62176 10.8276 1.73425 5.83381 5.56921 9.16363 2.35839 1.66398 0.717096 1.17982 8.70645 50.8292 0.315609
internal_count=393197 21582 21227 371615 4006 9329 17221 2493 1991 789 8540 1513 17188 640 8490 8319 15542 413 1646 1264 1628 15097 362286 905
is_linear=0
shrinkage=0.05


Tree=38
num_leaves=24
num_cat=0
split_feature=18 44 44 43 45 18 34 13 21 19 33 47 49 19 50 50 47 33 34 16 33 33 0
split_gain=25.0718 21.2203 6.03793 8.93847 3.96729 3.17791 3.10411 2.8328 2.82152 2.47519 1.97252 2.40968 2.12455 1.02939 1.00473 0.903631 0.651667 0.648214 0.327588 0.121034 0.0542088 0.0393538 0.00246492
threshold=86.526824951171889 4.5000000000000009 1.5000000000000002 4.5000000000000009 0.52084001898765575 91.715686798095717 0.95619046688079845 1.5000000000000002 91.596042633056655 37.590579986572273 0.58571431040763866 105.50000000000001 2.5000000000000004 73.499401092529311 23.531040191650394 22.752144813537601 94.500000000000014 0.92857143282890331 0.9372549057006837 99.367088317871108 0.73214286565780651 0.92857143282890331 151.01722717285159
decision_type=2 2 2 2 2 2 2 2 2 2 2 2 2 2 2 2 2 2 2 2 2 2 2
left_child=6 2 22 21 5 8 10 -7 -5 -8 14 -12 18 20 15 -1 -3 -6 -13 -18 -11 -4 -2
right_child=1 16 3 4 17 7 9 -9 -10 13 11 12 -14 -15 -16 -17 19 -19 -20 -21 -22 -23 -24
leaf_value=-0.023139307673185786 0.082539138052549504 0.0072559713119652904 -0.050601158871462076 -0.015631411752083102 0.083305091380439636 0.030248421329379122 0.039598740584710385 -0.038986801506607577 0.10242787013701178 -0.044912319342339663 0.048972849779302247 -0.04328772284653068 0.030009135765169115 0.0062105441122450684 -0.052456870150063742 0.032329716505232725 -0.054668702740062136 0.023225591595608275 0.0060802260830801081 -0.0092169550365809559 -0.003703262832307637 -0.008770106033209055 0.04295710833436138
leaf_weight=0.86124644733172206 3.8864205692152609 0.23824035444704605 2.8362851641213633 0.45380343543365587 2.6003028256018297 1.474755461043969 1.1997296971185267 2.8973616046860116 0.30848903004516615 1.6985696098126939 0.35029971691255823 3.4969589676038599 0.59154966400092224 1.3714187229052184 46.818095344086032 0.21456555846816627 8.0541928363127191 1.6947582626016808 0.11741895228624333 0.61034954059869129 0.27971177548170079 0.54518577747512598 4.739527078345418
leaf_count=7143 400 244 1493 2474 509 426 590 1562 413 1471 411 13736 16 55 341440 1711 17307 36 1 1441 2 103 171
internal_value=-0.0257211 0.0107878 0.0373905 0.0136885 0.0380387 0.00557715 -0.045005 -0.0143497 0.0631568 -0.00434347 -0.0483847 -0.0133148 -0.0269132 -0.0255674 -0.0513804 -0.00183128 -0.0505756 0.0684621 -0.0407138 -0.052752 -0.0422855 -0.0473978 0.0675128
internal_weight=87.3392 30.3397 21.4369 12.8109 9.42947 5.13441 56.9996 4.37212 0.762292 4.54943 52.4501 4.55623 4.20593 3.3497 47.8939 1.07581 8.90278 4.29506 3.61438 8.66454 1.97828 3.38147 8.62595
internal_count=393155 26579 7587 7016 5420 4875 366576 1988 2887 2118 364458 14164 13753 1528 350294 8854 18992 545 13737 18748 1473 1596 571
is_linear=0
shrinkage=0.05


Tree=39
num_leaves=33
num_cat=0
split_feature=19 44 39 20 50 13 21 16 0 17 31 0 16 46 33 47 46 46 16 17 47 47 49 17 17 47 0 47 48 0 50 47
split_gain=23.412 15.0788 8.72903 17.1224 3.44119 2.74269 2.27622 2.43751 1.98346 1.87994 1.50421 1.45005 1.05299 1.01215 0.606673 0.700634 0.58603 1.38942 0.504606 0.421508 0.604833 1.09923 0.426806 0.281216 0.257339 0.231305 0.175397 0.130751 0.115559 0.108016 0.0778167 0.0138123
threshold=91.010101318359389 4.5000000000000009 0.90000000596046459 0.69854772090911876 23.531040191650394 61.500000000000007 91.596042633056655 91.010101318359389 112.80730438232423 99.367088317871108 3.5000000000000004 112.80730438232423 19.560019493103031 1.5000000000000002 0.81666666269302379 94.500000000000014 143.50000000000003 144.50000000000003 91.820003509521499 18.301435470581058 105.50000000000001 103.50000000000001 16.500000000000004 92.40384674072267 76.63120269775392 147.50000000000003 69.914230346679702 151.50000000000003 1.5000000000000002 151.01722717285159 48.529546737670906 104.50000000000001
decision_type=2 2 2 2 2 2 2 2 2 2 2 2 2 2 2 2 2 2 2 2 2 2 2 2 2 2 2 2 2 2 2 2
left_child=2 5 9 4 -4 6 25 8 -8 12 -6 -7 13 -1 15 -3 18 24 19 28 21 -21 -22 -16 -18 -2 -9 30 -14 -27 -25 -23
right_child=1 14 3 -5 10 11 7 26 -10 -11 -12 -13 16 -15 23 -17 17 -19 -20 20 22 31 -24 27 -26 29 -28 -29 -30 -31 -32 -33
leaf_value=0.028469788122346532 -0.021488237728359182 0.0080043689597880906 0.047599381100882701 0.080212607225743124 -0.056000224087059763 -0.030707565132917353 0.10274485297518388 0.017206423603329853 0.026391392487096085 0.01541150403167087 0.0094280775233341035 0.028838315757578344 -0.01394101732537939 -0.026440128669079573 -0.023002988225284928 -0.055337857449703688 -0.0045613552190519897 -0.029178563581727681 0.0052938244895265746 -0.033546601910806079 -0.053194593773746447 0.022199491683808519 0.0057486498069908437 0.0063673933696435196 0.047631083256034906 -0.0073080631874347371 0.039602796656935592 0.015478465068093595 0.0072654462273352097 0.014644204457309485 -0.012560840001703233 0.0022434419352251808
leaf_weight=0.49708610067318548 0.62502613473771329 0.22054426385147863 0.24010376725345661 3.4960871161310934 6.433711001816846 1.4604159987138694 3.0391285802979846 4.1656323669594695 2.22535006608814 0.74634218687424336 0.69827568328037148 0.7843933943659066 0.28866086287598491 0.92404085935231706 0.44640472547325749 4.5795530517789302 0.10037257611838768 1.4007926021295132 0.22188674034987244 1.9188994833875761 46.334030005078603 0.34138031068505359 0.12259185850416443 0.13394719682401046 0.02420425989839714 0.17105547224491602 4.7445761421695352 0.50399299449054524 0.40362853507394902 0.36187097989022732 0.33512682959553786 0.36028975221415749
leaf_count=54 1029 150 294 197 5645 1080 541 331 50 114 442 21 791 4385 24 8722 945 12331 159 16172 333713 1403 61 7 78 767 117 466 311 5 998 1720
internal_value=-0.0236794 0.0181612 -0.0391455 0.00163404 -0.0407604 0.0413876 0.0485513 0.053807 0.0798344 -0.0472801 -0.0492227 -0.00742555 -0.0484333 -0.00340757 -0.0441208 -0.0515493 -0.0495868 -0.0104091 -0.0505546 -0.050903 -0.0514516 -0.0179777 -0.0529212 -0.00807703 0.0389167 -0.0109055 0.031925 0.00695844 -0.00458979 0.00742721 -0.00650071 0.0192926
internal_weight=88.3494 23.797 64.5524 10.8682 7.37209 17.5774 15.3326 14.1747 5.26448 53.6842 7.13199 2.24481 52.9379 1.42113 6.21957 4.8001 51.5167 1.52537 49.9914 49.7695 49.0772 2.62057 46.4566 1.41947 0.124577 1.15795 8.91021 0.973067 0.692289 0.532926 0.469074 0.70167
internal_count=393123 14308 378815 6578 6381 3941 2840 1039 591 372237 6087 1101 372123 4439 10367 8872 367684 13354 354330 354171 353069 19295 333774 1495 1023 1801 448 1471 1102 772 1005 3123
is_linear=0
shrinkage=0.05


Tree=40
num_leaves=24
num_cat=0
split_feature=2 0 24 20 18 41 47 35 13 19 39 16 38 0 13 33 34 20 20 20 18 18 47
split_gain=26.647 14.2202 8.04117 5.1174 5.7207 5.07036 2.99865 2.94042 3.12688 2.49494 2.37892 1.90603 1.72485 0.792378 0.743853 0.625212 0.527827 0.491018 0.467674 0.435831 0.133933 0.225326 0.110102
threshold=2.5000000000000004 151.01722717285159 95.940452575683608 0.8582085669040681 91.715686798095717 10.500000000000002 144.50000000000003 1.0000000180025095e-35 1.5000000000000002 77.581478118896499 0.46428571641445165 23.606810569763187 1.5000000000000002 58.483886718750007 41.500000000000007 0.64583334326744091 0.93095237016677868 0.89542675018310558 0.39724378287792211 0.95259785652160656 83.75235748291017 69.804355621337905 165.50000000000003
decision_type=8 2 2 2 2 2 2 2 2 2 2 2 2 2 2 2 2 2 2 2 2 2 2
left_child=1 3 -2 16 9 6 10 12 -9 -5 19 18 -6 -10 -14 -13 -1 -8 -7 -4 21 -11 -20
right_child=2 -3 5 4 7 11 17 8 13 20 -12 15 14 -15 -16 -17 -18 -19 22 -21 -22 -23 -24
leaf_value=-0.030711907835360056 -0.050317159071228405 -0.016992268539622279 -0.019241848855911944 -0.008545584957628553 0.067820161595755282 0.031587315560532035 -0.02875646664522238 0.045447932776523176 -0.037540950596265665 0.029538632324572895 0.098298409378824392 -0.050271804264093049 0.027750294054933358 0.012414238397746035 -0.01675441349974971 -0.00056984218416530907 0.014219403001947135 0.013511876645124314 -0.016794988393029463 0.020714135813509796 0.14666999439317857 -0.0070610001277550023 0.0051811406030772521
leaf_weight=1.5519781157490804 46.825332433945732 16.742565884120268 0.50999515214789282 0.20600238951010297 5.3696683295856928 0.68008240715425905 0.6829210473824785 1.5152579444693399 2.1330264532662118 0.2168125095340655 1.237380582892001 2.901868665034272 0.96733768773992757 0.52034756004286453 0.8868602481961716 0.78279295309039287 0.22719924151897419 0.39669416354809073 0.28939499334774155 0.24968588352203369 1.3743076989630933 0.16429570390755543 0.38284289214061573
leaf_count=11151 367168 256 1920 1453 512 134 1155 97 960 161 174 5384 66 59 440 54 1 17 434 1 778 809 32
internal_value=-0.021682 0.0144115 -0.0425068 0.0480548 0.0582558 0.0031434 0.0459293 0.03797 0.00301249 0.123473 0.0723248 -0.02627 0.0553235 -0.0270278 0.00805164 -0.0420884 -0.0219223 -0.0141963 0.0164002 -0.00180086 0.136445 0.0200722 -0.00866544
internal_weight=86.8147 31.8757 54.939 15.1331 13.3539 8.11366 3.07668 11.3925 4.16863 1.96142 1.99706 5.03698 7.22387 2.65337 1.8542 3.68466 1.77918 1.07962 1.35232 0.759681 1.75542 0.381108 0.672238
internal_count=393216 16743 376473 16487 5335 9305 3267 2134 1116 3201 2095 6038 1018 1019 506 5438 11152 1172 600 1921 1748 970 466
is_linear=0
shrinkage=0.05


Tree=41
num_leaves=20
num_cat=0
split_feature=2 44 44 38 20 18 13 34 44 20 16 16 19 20 16 47 50 46 19
split_gain=31.4673 21.5686 7.85336 11.9205 4.40667 6.13249 3.80913 3.4156 4.88764 6.18035 1.8433 1.55029 1.33727 1.16659 0.634148 0.672265 0.138616 0.0770252 0.0724421
threshold=4.5000000000000009 4.5000000000000009 1.5000000000000002 1.5000000000000002 0.8582085669040681 93.127067565917983 2.5000000000000004 0.70294117927551281 1.5000000000000002 0.53469792008399974 89.699382781982436 91.820003509521499 77.581478118896499 0.33191312849521643 99.367088317871108 94.500000000000014 52.45958328247071 27.500000000000004 76.817703247070327
decision_type=8 2 2 2 2 2 2 2 2 2 2 2 2 2 2 2 2 2 2
left_child=1 2 -1 4 -4 11 -7 -2 9 -9 -5 12 18 -10 15 -3 -16 -8 -6
right_child=7 14 3 10 5 6 17 8 13 -11 -12 -13 -14 -15 16 -17 -18 -19 -20
leaf_value=0.068654789700157912 -0.050950785502946565 0.0072584432671134866 -0.028736453936917636 -0.065727777025256728 -0.0053807300635318805 0.052480066863187916 -0.0024625728017445038 -0.02497700915194672 0.017053728849520122 0.082901835792431086 0.0026239061739265004 -0.00040993159400313324 0.13692171751748436 -0.048055883501202823 0.012353401051642315 -0.054031838228244367 -0.010941285539533087 -0.018084991357840301 0.013980693434409431
leaf_weight=11.247204154031351 40.617221685574805 0.23860945191699645 1.329907387451384 3.0923125035114944 0.12054454463941366 3.8907798911532154 1.5873602557694542 2.1984268733376653 0.27989995037933102 1.4137483618360418 1.2014392086566656 0.2710560883861034 1.4818720393304827 4.9435145718434796 0.28066060887067656 7.8422434714393603 0.27988575045310427 1.8733382084683396 0.24802348316006828
leaf_count=410 337656 395 10572 1308 835 73 46 400 259 329 154 12 712 21590 7 16901 766 380 60
internal_value=-0.0195608 0.0164726 0.0387556 0.0135989 0.0408459 0.0524257 0.0237482 -0.0448738 -0.0145977 0.0260651 -0.0497194 0.112356 0.123223 -0.0423873 -0.0484323 -0.0516221 0.00116428 -0.0130777 0.00834367
internal_weight=84.438 34.9852 26.3438 15.0966 10.8029 9.47297 7.35148 49.4528 8.83559 3.61218 4.29375 2.1215 1.85044 5.22341 8.6414 8.08085 0.560546 3.4607 0.368568
internal_count=392865 32631 14562 14152 12690 2118 499 360234 22578 729 1462 1619 1607 21849 18069 17296 773 426 895
is_linear=0
shrinkage=0.05


Tree=42
num_leaves=22
num_cat=0
split_feature=2 44 43 24 44 13 33 13 13 8 48 20 47 33 24 24 47 1 47 1 16
split_gain=25.9217 25.5826 17.9746 5.34637 4.44226 4.23971 3.52271 3.29708 2.69798 2.31795 1.92254 1.04858 0.910789 0.810385 0.680908 0.620977 0.293263 0.281268 0.228539 0.1801 0.0566561
threshold=4.5000000000000009 2.5000000000000004 4.5000000000000009 95.940452575683608 1.5000000000000002 1.5000000000000002 0.64583334326744091 53.500000000000007 62.500000000000007 1.0000000180025095e-35 2.5000000000000004 0.33191312849521643 103.50000000000001 0.81666666269302379 99.704143524169936 99.704143524169936 151.50000000000003 1.5000000000000002 137.50000000000003 1.5000000000000002 85.880397796630874
decision_type=8 2 2 2 2 2 2 2 2 2 2 2 2 2 2 2 2 8 2 8 2
left_child=1 18 12 19 10 6 17 14 9 -9 -5 -6 20 -14 -7 -10 -15 -4 -1 -2 -3
right_child=3 2 5 4 11 7 -8 8 15 -11 -12 -13 13 16 -16 -17 -18 -19 -20 -21 -22
leaf_value=0.049535102559031964 -0.013627625797895775 -0.0050336492233482083 0.011122254158627998 0.063535777909880201 0.017522502459490916 -0.038958657469898419 0.078249555204953775 -0.012967389987318903 -0.025717063859350166 0.10036785726699987 -0.0043388729012839057 -0.044546885118958268 -0.062139361239178251 -0.025798625131864678 0.012208485393973192 0.019649462694004426 0.0048881988410442376 -0.022139251574045483 0.093452089314550846 -0.050503205828341627 0.011830726902072916
leaf_weight=5.584474783157928 1.2248365707346227 0.11185624411882678 0.24203624027722948 1.5532735402994142 0.26765531188721103 2.6077399940040782 3.9799624339939328 0.34145166768576052 1.0235973767339599 0.61814285584114259 1.5617495861552013 2.9252031960550084 10.057918126249204 1.1936949071896368 0.30560849420726288 0.31494554877281178 0.78436778267496254 0.79130159422493318 4.6989813425316243 38.330962072242983 0.27161120924574789
leaf_count=223 1899 891 17 299 120 4385 305 177 1348 654 110 8719 17118 655 8 3 265 6241 311 348932 48
internal_value=-0.019137 0.0144785 -0.0155438 -0.0430652 -0.000209906 0.0318968 0.0605052 -0.000934045 0.0360238 0.0740023 0.0367213 -0.0364055 -0.0540675 -0.0563827 -0.0318431 -0.0112048 -0.0160749 -0.0127101 0.0761065 -0.0497255 0.00682878
internal_weight=78.7914 32.9277 22.6442 45.8637 6.30788 10.2248 5.0133 5.21149 2.29814 0.959595 3.11502 3.19286 12.4194 12.036 2.91335 1.33854 1.97806 1.03334 10.2835 39.5558 0.383467
internal_count=392728 32649 32115 360079 9248 13138 6563 6575 2182 831 409 8839 18977 18038 4393 1351 920 6258 534 350831 939
is_linear=0
shrinkage=0.05


Tree=43
num_leaves=17
num_cat=0
split_feature=2 44 38 20 32 34 48 28 13 37 23 16 2 17 2 2
split_gain=22.459 20.4112 16.9253 3.69977 5.26299 2.46005 2.79015 1.70285 1.67907 1.67631 1.19364 1.07219 0.309799 0.28621 0.188397 0.0631633
threshold=4.5000000000000009 1.5000000000000002 1.0000000180025095e-35 0.8582085669040681 0.81666666269302379 0.88562092185020458 3.5000000000000004 1.0000000180025095e-35 4.5000000000000009 1.0000000180025095e-35 22.431865692138675 95.101959228515639 3.5000000000000004 77.003208160400405 1.5000000000000002 1.5000000000000002
decision_type=8 2 2 2 2 2 2 2 2 2 2 2 10 2 10 10
left_child=1 -1 3 -3 7 -2 10 -5 -6 14 -7 12 -11 -12 -4 -13
right_child=5 2 9 4 8 6 -8 -9 -10 11 13 15 -14 -15 -16 -17
leaf_value=0.063197258690023586 -0.049355876315217581 -0.027800669266551288 0.016990800129903779 0.0076562103592319177 0.03958651993118803 0.015923413471127617 0.041334297788445877 0.12117228982081958 -0.010405589932886461 -0.059493235427264458 -0.04545565552752328 0.0043168524249858195 -0.010395210352046659 -0.00024474773816075812 -0.0099298195321927685 -0.010482191848670797
leaf_weight=10.36591212001076 40.397885583169227 1.2313358194369373 0.66755111595557437 0.54725310100184277 2.3091006039758213 0.62821883186552385 1.0526297209999027 1.4255037232214816 2.7532213056838373 11.831239155510042 2.4614522455740375 0.80376177238940794 0.81634670556377464 0.40153231756266894 0.24557069214642979 0.26146011626406107
leaf_count=408 355936 10341 209 106 54 153 177 1473 373 13714 3330 346 4458 16 642 585
internal_value=-0.0228272 0.00823826 -0.0182513 0.0362231 0.0494944 -0.0454955 -0.00846252 0.102851 0.015166 -0.0493874 -0.0293371 -0.0535377 -0.0573181 -0.0408196 0.00834486 -0.0026323
internal_weight=78.2 33.2583 22.8923 8.26641 7.03508 44.9417 4.54383 1.97276 5.06232 14.6259 3.4912 13.7128 12.6476 2.86298 0.913122 1.06522
internal_count=392321 32709 32301 12347 2006 359612 3676 1579 427 19954 3499 19103 18172 3346 851 931
is_linear=0
shrinkage=0.05


Tree=44
num_leaves=15
num_cat=0
split_feature=2 44 43 24 44 33 17 33 0 17 8 0 25 1
split_gain=27.767 17.6685 17.1508 4.04204 4.1309 3.8578 3.95332 1.6084 0.997443 0.712348 0.490987 0.407781 0.180096 0.0395652
threshold=3.5000000000000004 2.5000000000000004 4.5000000000000009 95.940452575683608 1.5000000000000002 0.64583334326744091 87.138130187988295 0.81666666269302379 151.01722717285159 89.825496673583999 1.0000000180025095e-35 151.01722717285159 2.5000000000000004 1.5000000000000002
decision_type=8 2 2 2 2 2 2 2 2 2 2 2 2 8
left_child=1 8 7 13 -5 11 10 -3 -1 -6 -7 -4 -9 -2
right_child=3 2 5 4 9 6 -8 12 -10 -11 -12 -13 -14 -15
leaf_value=0.082824394804401069 -0.017447330729557432 -0.062745530159797877 -0.029812361028514384 0.030657359872235321 -0.045029104091849126 0.020513205831091091 0.022538715422372641 -0.016543194220282536 0.037474277397789718 0.011900840129925382 0.11900188234866434 0.011083055872660156 0.0064426143419626606 -0.050390031809287576
leaf_weight=5.7007185073453019 1.4529393275633982 8.1465913891843211 1.4597585855517534 3.1283770660556902 3.0982367131382493 0.66373278831451865 5.6892620481085032 0.57788469926890762 5.0893998090177774 0.21718966966727737 1.0215440200408921 0.23652413487434376 1.0238889517568166 36.233456672182001
leaf_count=311 1922 13495 9010 411 8870 161 317 663 182 13 502 2 131 357379
internal_value=-0.0187376 0.0183619 -0.0111576 -0.0434849 -0.00584234 0.0363264 0.0508044 -0.0546103 0.0664267 -0.0394062 0.102297 -0.0221144 -0.00502124 -0.0496038
internal_weight=73.7395 29.6093 18.8192 44.1302 6.4438 9.07082 7.37454 9.74837 10.7901 3.31543 1.68528 1.69628 1.60177 37.6864
internal_count=393369 24774 24281 368595 9294 9992 980 14289 493 8883 663 9012 794 359301
is_linear=0
shrinkage=0.05


Tree=45
num_leaves=14
num_cat=0
split_feature=2 0 1 34 8 18 16 12 17 16 49 46 40
split_gain=19.1204 10.8983 5.42795 4.58031 7.13433 4.24116 2.92319 2.66582 5.17582 2.73889 1.65071 0.741058 0.303434
threshold=2.5000000000000004 151.01722717285159 1.5000000000000002 0.52277433872222911 1.0000000180025095e-35 74.601570129394545 20.761494636535648 1.5000000000000002 89.022754669189467 62.115564346313484 4.5000000000000009 134.50000000000003 1.0000000180025095e-35
decision_type=8 2 8 2 2 2 2 2 2 2 2 2 2
left_child=1 3 5 4 10 6 -2 8 9 -6 -1 -9 -4
right_child=2 -3 12 -5 7 -7 -8 11 -10 -11 -12 -13 -14
leaf_value=-0.040165510634552662 0.024444048393201884 -0.019361636991647488 0.0023897080272745831 0.080596142374628504 -0.0088099646407678745 0.037213238544043348 -0.050126223897268424 -0.025500412024392172 0.017859375504896451 0.1451739234972966 0.032090830628125636 0.023358981993505341 -0.050076282556274304
leaf_weight=3.5294108662710628 1.1574548675416725 14.234965057316003 0.18799400104762654 4.0288665255720852 0.21023776844958753 2.9311131488193496 3.4788167468241227 0.94056350089522289 3.0130487984279171 0.98303223781840643 0.18283461034297932 0.34467861532903044 36.827829912400375
leaf_count=10874 73 245 916 194 1321 287 2114 3168 57 598 1 402 373023
internal_value=-0.0221727 0.0104393 -0.0420532 0.0416055 0.0183118 -0.00297405 -0.0304757 0.0509613 0.0670134 0.126397 -0.0305519 -0.00790938 -0.049754
internal_weight=72.0508 27.4676 44.5832 13.2327 9.20381 7.56738 4.63627 5.49156 4.20632 1.19327 3.71225 1.28524 37.0158
internal_count=393273 16860 376413 16615 16421 2474 2187 5546 1976 1919 10875 3570 373939
is_linear=0
shrinkage=0.05


Tree=46
num_leaves=21
num_cat=0
split_feature=33 44 44 38 13 1 0 17 48 8 47 17 47 33 1 18 16 49 17 47
split_gain=22.1033 14.656 5.84599 8.47079 4.36605 4.11413 9.12977 4.44297 2.163 1.56093 0.626352 0.564316 0.508865 0.424754 0.389624 0.255662 0.226503 0.162574 0.0927639 0.0249094
threshold=0.64583334326744091 4.5000000000000009 1.5000000000000002 1.5000000000000002 6.5000000000000009 3.5000000000000004 151.01722717285159 63.944444656372077 3.5000000000000004 1.0000000180025095e-35 94.500000000000014 92.40384674072267 148.50000000000003 0.81666666269302379 39.500000000000007 92.907444000244155 89.699382781982436 1.0000000180025095e-35 93.419914245605483 117.50000000000001
decision_type=2 2 2 2 2 8 2 2 2 2 2 2 2 2 10 2 2 2 2 2
left_child=5 2 -2 4 9 6 7 -1 14 15 -3 -12 19 -13 -6 -4 -14 -9 -15 -5
right_child=1 10 3 12 8 -7 -8 17 -10 -11 11 13 16 18 -16 -17 -18 -19 -20 -21
leaf_value=-0.019587799593582741 0.064492453692324633 0.0095234187060180327 0.029098397369988691 -0.010159127620553127 -0.034337158009831024 -0.049982897498802761 -0.034274801161013967 0.014766911048744403 0.035033348017965614 0.076541713567939665 -0.051823150561472978 -0.026823570868606313 -0.018002104198201276 0.017676458161610512 0.0026205768411224351 0.00080397435201890344 0.010262405416933018 0.11818197197926579 -0.0024200092930737071 -0.05690494925921679
leaf_weight=0.64258990553571216 8.4108462739386631 0.22036815083993033 0.94651077994057975 0.53726360134896989 2.1262866467368444 32.881048570463463 8.7204875769875798 0.36857683838024946 1.2715213807314283 3.7299197218308109 5.8252416201576125 0.56262033449456772 0.41576587408053445 0.24717519149271538 0.75032505990384368 1.4529641624831129 0.51101275157998316 0.7038618233964371 0.68094915845722426 2.2706841377876117
leaf_count=7038 548 147 458 166 2077 362586 126 622 334 906 13258 892 515 8 184 165 158 64 1543 999
internal_value=-0.0189911 0.0137812 0.0338418 0.0123733 0.0352441 -0.0414572 -0.012572 0.0697601 -0.00450298 0.059002 -0.0428779 -0.0454117 -0.0447155 -0.00961051 -0.0265079 0.0172416 -0.0051797 0.106915 0.00932395 -0.0529775
internal_weight=73.276 29.9595 22.4231 14.0123 10.2775 43.3166 10.4355 1.71503 4.14813 6.12939 7.53635 7.31599 3.73473 1.49074 2.87661 2.39947 0.926779 1.07244 0.928124 2.80795
internal_count=392794 22358 6510 5962 4124 370436 7850 7724 2595 1529 15848 15701 1838 2443 2261 623 673 686 1551 1165
is_linear=0
shrinkage=0.05


Tree=47
num_leaves=27
num_cat=0
split_feature=33 44 44 38 46 50 13 50 34 1 23 18 50 31 21 43 47 33 45 50 19 19 50 19 18 46
split_gain=18.0028 13.2169 5.36562 7.52344 4.02209 3.90615 3.0555 3.74709 2.30796 2.03649 1.3157 1.28018 1.44161 1.07953 0.816931 0.685874 0.630689 0.466249 0.403263 0.192044 0.129016 0.146985 0.0550853 0.030019 0.00985142 0.00846072
threshold=0.64583334326744091 4.5000000000000009 1.5000000000000002 1.0000000180025095e-35 92.500000000000014 23.531040191650394 2.5000000000000004 99.655174255371108 0.95619046688079845 1.5000000000000002 82.446311950683608 87.007671356201186 87.516765594482436 3.5000000000000004 96.076923370361342 1.5000000000000002 94.500000000000014 0.92857143282890331 0.40350656211376196 50.001260757446296 83.43881988525392 81.754161834716811 99.655174255371108 99.333332061767592 91.715686798095717 1.5000000000000002
decision_type=2 2 2 2 2 2 2 2 2 8 2 2 2 2 2 2 2 2 2 2 2 2 2 2 2 2
left_child=5 2 -2 4 6 9 -4 18 11 -1 13 -7 20 22 15 -5 -3 -18 -8 -19 21 -13 -10 -14 -17 -22
right_child=1 16 3 14 -6 8 7 -9 10 -11 -12 12 23 -15 -16 24 17 19 -20 -21 25 -23 -24 -25 -26 -27
leaf_value=0.059640919845746071 0.058305727566038135 0.0094088964557459548 0.07418479047546632 0.016706137311828934 -0.030218624462063137 -0.050327090492618201 0.0056592505795393273 -0.031441784531077252 -0.035554921202676643 -0.02116158922440052 0.031479674704928011 -0.0025752085666650489 -0.029472095088002505 0.021934637698551158 -0.050610762827856925 -0.02731659990961401 -0.049500077953947987 0.012471026391085766 0.060662437117169871 -0.014408595821534413 0.0026969742799482182 0.047869629837075045 -0.0030982910712733496 -0.0052228208756815104 -0.0010826291280680686 -0.0036580359738909241
leaf_weight=0.68909936965974217 8.3310570694447996 0.22043952306557812 3.8481463005373353 0.92269534556544452 1.3241500768272088 33.739535218954188 0.65883679770195169 1.8967010957785533 1.9359556887357032 0.73369240224838006 0.80950144340749819 0.054289873631204855 1.1759263243366147 0.44535739762068249 2.9567225365535705 0.74486409175005974 6.7766303607531881 0.28137874176900357 1.1706399374379541 0.40439346382481745 0.063306430674856529 0.128806931701547 0.35056037828326214 0.68051783239934582 0.12365815854718676 0.078879739608964883
leaf_count=112 535 149 341 179 2626 348832 418 131 1843 9046 8 618 6737 120 639 1189 14191 8 256 1504 19 130 3 2030 222 608
internal_value=-0.0201007 0.00941734 0.0290047 0.00835703 0.0342894 -0.0412281 0.0477758 0.0105765 -0.0442608 0.0264372 -0.0043833 -0.0479671 -0.00712332 -0.0205979 -0.0377548 -0.00600435 -0.0435014 -0.0459916 0.0498552 -0.0025242 0.0379102 0.0433782 -0.0330356 -0.0255234 -0.0261598 -0.000944567
internal_weight=70.5457 29.6603 21.9775 13.6464 8.89847 40.8854 7.57432 3.72618 39.4626 1.42279 3.54137 35.9213 2.18173 2.73187 4.74794 1.79122 7.68284 7.4624 1.82948 0.685772 0.325283 0.183097 2.28652 1.85644 0.868522 0.142186
internal_count=392494 22388 6536 6001 3772 370106 1146 805 360948 9158 1974 358974 10142 1966 2229 1590 15852 15703 674 1512 1375 748 1846 8767 1411 627
is_linear=0
shrinkage=0.05


Tree=48
num_leaves=19
num_cat=0
split_feature=23 49 8 28 13 0 50 24 34 18 34 13 13 17 34 1 33 34
split_gain=20.9776 11.0762 6.32481 3.57352 3.24734 2.73967 2.43226 2.19987 2.66721 1.64485 1.54166 1.10838 1.37305 0.817855 0.534369 0.36421 0.145461 0.102914
threshold=76.63120269775392 1.0000000180025095e-35 1.0000000180025095e-35 1.0000000180025095e-35 5.5000000000000009 151.01722717285159 23.531040191650394 88.669517517089858 0.95619046688079845 91.54584121704103 0.76696833968162548 58.500000000000007 62.500000000000007 89.825496673583999 0.77097901701927196 1.5000000000000002 0.64583334326744091 0.65301004052162182
decision_type=2 2 2 2 2 2 2 2 2 2 2 2 2 2 2 10 2 2
left_child=3 2 7 14 9 -3 10 17 -9 -4 -5 -6 -13 16 -1 -12 -8 -2
right_child=1 5 4 6 11 -7 13 8 -10 -11 15 12 -14 -15 -16 -17 -18 -19
leaf_value=-0.0083789307233877314 -0.044266390414310332 0.086561478041428733 -0.014023532510730522 -0.02314351876529433 -0.031998316388856647 0.021799846405398705 -0.05096422308980475 0.018621831067109549 -0.029317570588843156 0.0659129419148725 0.054219398841206551 0.050037152601686445 -0.019605926521055046 0.010670027764850907 0.049734716501015262 -0.005228214456600459 -0.026694067817543261 -0.006363037328668446
leaf_weight=0.20125258139159896 6.0890480896787365 3.8086741048136892 0.38796589521371005 0.7755967975972442 1.3425698731298328 3.836457430325936 30.645641990838158 4.8603564232289482 4.7975396350448136 3.5322121632707422 0.4196516431402415 0.42069922319205921 0.62713129867915995 0.25680587928945797 0.42761381036689272 0.11676206690026447 4.3141337748565993 0.56346724284958316
leaf_count=1822 33662 478 2465 7670 1037 163 331915 356 48 147 39 192 779 75 10 1358 10786 193
internal_value=-0.0185562 0.0121723 -0.00597345 -0.0432488 0.0333073 0.0603438 -0.0455973 -0.0222175 -0.00570837 0.0567596 0.0129932 -0.010551 0.0191355 -0.0480786 0.0374105 0.0462987 -0.0487948 -0.042307
internal_weight=67.4236 30.2661 22.621 37.1575 6.31058 7.64513 36.5286 16.3104 9.6579 3.92018 1.31201 2.3904 1.04783 35.2166 0.628866 0.536414 34.9598 6.65252
internal_count=393195 39520 38879 353675 4620 641 351843 34259 404 2612 9067 2008 971 342776 1832 1397 342701 33855
is_linear=0
shrinkage=0.05


Tree=49
num_leaves=24
num_cat=0
split_feature=2 39 34 8 26 44 35 17 16 47 6 13 46 12 16 37 25 44 13 37 17 16 47
split_gain=17.8571 13.5088 10.0342 9.53289 5.45429 3.38449 3.03877 2.7772 2.73306 2.65096 2.52376 2.40509 1.03474 0.78961 1.3655 0.772826 0.712636 0.698382 0.254112 0.340761 0.182454 0.159062 0.00813221
threshold=2.5000000000000004 0.77500000596046459 0.76696833968162548 1.0000000180025095e-35 1.5000000000000002 2.5000000000000004 1.5000000000000002 87.895435333251967 91.820003509521499 112.50000000000001 1.0000000180025095e-35 1.5000000000000002 92.500000000000014 1.5000000000000002 93.582702636718764 1.0000000180025095e-35 3.5000000000000004 1.0000000180025095e-35 4.5000000000000009 1.0000000180025095e-35 75.905715942382827 99.367088317871108 100.50000000000001
decision_type=8 2 2 2 2 2 2 2 2 2 2 2 2 2 2 2 2 2 2 2 2 2 2
left_child=1 3 -2 5 9 -1 10 17 15 -4 -5 12 -8 14 -12 22 -17 -6 -10 -20 -18 -15 -7
right_child=2 -3 4 6 7 8 11 -9 18 -11 13 -13 -14 21 -16 16 20 -19 19 -21 -22 -23 -24
leaf_value=0.013821269226165198 -0.050065301158537891 0.076560560243776415 -0.011196235891289194 -0.015226891700300119 0.005507624919095136 0.006222140879722649 0.053564121422713031 0.035714165228369253 0.010238259163675637 0.10280945342498789 0.11354229433285674 -0.032515677635861384 -0.014294095653649811 -0.0087406790461897806 0.015198259947493726 -0.059445597842549713 0.011493137490331335 -0.041975407455999272 0.011067024807125504 -0.022472987801456672 -0.014726179972033277 0.017680504823926798 -0.0010275442688482787
leaf_weight=3.6253868669082356 29.973568471944418 5.7046696567413155 0.44060488091417838 0.43441954024456153 0.70885345111855746 0.21489086953806502 1.0075405407333167 1.2377241698559371 1.9318315537966548 1.030854657423333 1.4937666922487558 1.4563180981785988 0.29647851604386222 0.20978910697886011 0.81932490970939387 7.1119974175198877 0.35432125694933336 2.7380496867363036 0.46380305069033034 0.98245590779333725 0.31963707936301944 0.30965951737016439 0.21046572451450629
leaf_count=226 359570 175 77 1485 86 84 690 21 93 709 548 1305 874 635 16 8630 820 15576 30 709 79 5 359
internal_value=-0.0158532 0.0146636 -0.0383956 -0.00465388 0.0174796 -0.0255434 0.0442089 -0.0118875 -0.0379772 0.0779546 0.0706681 0.00242832 0.0386282 0.0843774 0.0938092 -0.0520854 -0.0553258 -0.0331679 0.000380323 -0.0115898 -0.00231058 0.00828002 0.00443076
internal_weight=63.0764 26.9468 36.1297 21.2421 6.15609 15.2148 6.0273 4.68463 11.5894 1.47146 3.26696 2.76034 1.30402 2.83254 2.31309 8.21131 7.78596 3.4469 3.37809 1.44626 0.673958 0.519449 0.425357
internal_count=392802 16763 376039 16588 16469 11030 5558 15683 10804 786 2689 2869 1564 1204 564 9972 9529 15662 832 739 899 640 443
is_linear=0
shrinkage=0.05


Tree=50
num_leaves=25
num_cat=0
split_feature=33 44 1 13 44 16 38 44 38 18 20 43 46 33 20 34 47 17 47 35 50 33 18 50
split_gain=20.0958 9.89812 3.10346 3.01247 2.85182 5.78988 1.76707 4.07377 1.63012 1.53406 1.55093 1.29104 1.21406 1.37481 1.16157 0.91218 0.554851 0.643534 0.524343 0.432613 0.210136 0.158574 0.0984104 0.0626471
threshold=0.64583334326744091 4.5000000000000009 3.5000000000000004 62.500000000000007 1.5000000000000002 54.641149520874031 1.5000000000000002 1.5000000000000002 1.0000000180025095e-35 91.715686798095717 0.8582085669040681 3.5000000000000004 47.500000000000007 0.92857143282890331 0.33191312849521643 0.82480818033218395 94.500000000000014 92.40384674072267 148.50000000000003 1.5000000000000002 46.07422065734864 0.6904762089252473 92.907444000244155 59.116277694702156
decision_type=2 2 8 2 2 2 2 2 2 2 2 2 2 2 2 2 2 2 2 2 2 2 2 2
left_child=2 3 4 6 5 11 9 -8 -6 10 23 -1 -11 -14 -10 -5 -3 -18 21 20 -19 -9 -20 -2
right_child=1 16 -4 15 8 -7 7 18 14 12 -12 -13 13 -15 -16 -17 17 19 22 -21 -22 -23 -24 -25
leaf_value=-0.046340210520218111 0.0070945501324101955 0.0099827458359139989 -0.049503292387897219 -0.031954838166501999 0.01786477655135536 0.066828528412518171 0.044735003335857552 -0.0035180631415481925 0.016065875000816365 0.044401583639224404 0.099469573444863527 0.016395029482944759 -0.02789428623648001 0.028004593036614591 -0.052325618455409409 0.014649957729391977 -0.047950369635492866 0.0073349432220067186 0.013357757728912071 0.016523967823943022 -0.026197514510106712 -0.042283464120387172 -0.0066877333411260844 -0.0092915091307252517
leaf_weight=1.8654517838986051 0.15429172105360622 0.22220998632837918 27.486535864882171 1.5113989486671919 0.65540723735830386 1.7429316068482874 3.4337601960214661 0.51440802232173188 0.24934071372990718 6.9453524030977842 1.6838266926570211 0.56457708061134315 1.0485036442987621 1.384632366389269 4.1867513785464325 1.0309766717255113 4.3574494894128293 0.14806952943035845 0.35176972563931475 0.49277210391664994 0.76051244541304186 1.4346550145128274 0.29840016668458702 0.22816553245502291
leaf_count=817 9 139 363253 1471 262 249 260 173 64 209 555 193 607 96 6327 18 13351 4 380 590 1865 807 154 1827
internal_value=-0.0178563 0.015458 -0.0412111 0.0321172 -0.0141832 0.014725 0.0392692 0.0141397 -0.036404 0.0503153 0.0860119 -0.0312342 0.0349208 0.00280767 -0.0462333 -0.0142553 -0.0369179 -0.0399368 -0.0274781 -0.00542757 -0.0197529 -0.0367145 0.00568018 -0.00233087
internal_weight=62.7522 26.0012 36.751 20.0201 9.26446 4.17296 17.4778 6.03299 5.0915 11.4448 2.06628 2.43003 9.37849 2.43314 4.43609 2.54238 5.98101 5.7588 2.59923 1.40135 0.908582 1.94906 0.65017 0.382457
internal_count=393680 22515 371165 6566 7912 1259 5077 1774 6653 3303 2391 1010 912 703 6391 1489 15949 15810 1514 2459 1869 980 534 1836
is_linear=0
shrinkage=0.05


Tree=51
num_leaves=27
num_cat=0
split_feature=18 44 43 50 13 50 39 39 17 7 35 46 21 43 16 18 49 46 47 17 18 43 47 47 47 47
split_gain=17.2134 14.15 12.9912 3.28869 3.28769 2.55 1.73903 1.6942 6.08615 1.5961 1.09782 0.839095 0.643466 0.826365 0.782585 0.595198 0.647182 0.56763 0.467423 0.44603 0.231212 0.115219 0.0974692 0.0573765 0.0329059 0.0326453
threshold=84.273937225341811 1.5000000000000002 4.5000000000000009 23.531040191650394 2.5000000000000004 99.655174255371108 0.46428571641445165 0.90000000596046459 59.67530822753907 1.0000000180025095e-35 1.0000000180025095e-35 92.500000000000014 88.117645263671889 1.5000000000000002 95.101959228515639 15.047169685363771 1.0000000180025095e-35 134.50000000000003 94.500000000000014 18.301435470581058 17.712418556213382 3.5000000000000004 119.50000000000001 151.50000000000003 107.50000000000001 152.50000000000003
decision_type=2 2 2 2 2 2 2 2 2 2 2 2 2 2 2 2 2 2 2 2 2 2 2 2 2 2
left_child=3 -2 12 6 11 9 -1 19 15 24 -11 -4 13 -3 18 -9 -17 -13 -14 20 -5 -20 -16 -24 -6 -25
right_child=1 2 4 7 5 -7 -8 8 -10 10 -12 17 14 -15 22 16 -18 -19 21 -21 -22 -23 23 25 -26 -27
leaf_value=-0.021907020693782739 0.067490150903855323 0.021264159158183304 0.062912560884011107 -0.016069142681885838 0.0013341891061874733 -0.031879690584401203 0.051734906632259783 0.0068531459099348685 0.054633433468934581 0.060272915354521645 -0.0029705159575158257 -0.018988456394688675 -0.00027391049811086265 -0.027428826666851827 0.0081550126870542916 0.0096398627551908395 -0.04965096285412815 0.026419919196827298 -0.0608889507009054 -0.051444702480526509 0.013752531280826791 -0.022902440569974161 -0.015253820410163644 0.007413796931437457 -0.021385955839456062 -0.0044528890604384761
leaf_weight=0.71235104376319103 7.1225995105742212 0.58464338793419202 4.1558688355326012 0.40805342743261164 0.052572696098650673 2.2622390910619288 0.73226234921185096 0.32346825104104837 1.2862030985070303 1.5063758352807783 0.82075976629130298 0.49742082566081069 0.41136026080493948 1.0494675314803315 0.25642611779767388 0.18244809534371587 4.5031827914126552 0.28369192094760365 6.4590183134105228 24.507907261911896 0.23581220175037743 1.9661047742192748 0.43502840774090146 0.14499850214633625 0.6665096587894368 0.25040291301775142
leaf_count=7882 711 606 1132 558 55 808 1240 30 295 371 208 1119 168 11307 165 67 5915 425 1517 344336 144 9548 1076 15 2795 609
internal_value=-0.0169046 0.0110855 -0.00949252 -0.0411203 0.029992 0.00117671 0.0213146 -0.044557 -0.0175273 0.0275374 0.0437788 0.0555586 -0.0440958 -0.00854876 -0.0486309 -0.0420645 -0.0460529 0.00307747 -0.0531175 -0.0503934 -0.00342526 -0.0553948 -0.00417979 -0.010363 -0.019915 0.00209322
internal_weight=61.8172 28.9255 21.8029 32.8917 10.2454 5.30846 1.44461 31.4471 6.2953 3.04622 2.32714 4.93698 11.5575 1.63411 9.92334 5.0091 4.68563 0.781113 8.83648 25.1518 0.643866 8.42512 1.08686 0.83043 0.719082 0.395401
internal_count=393102 32635 31924 360467 6913 4237 9122 351345 6307 3429 579 2676 25011 11913 13098 6012 5982 1544 11233 345038 702 11065 1865 1700 2850 624
is_linear=0
shrinkage=0.05


Tree=52
num_leaves=26
num_cat=0
split_feature=18 44 24 44 44 38 18 20 50 16 45 37 20 34 18 47 48 16 34 47 33 45 16 16 48
split_gain=18.3947 14.5701 4.63755 4.61471 3.78109 5.11525 3.97917 2.61391 1.89564 1.40031 1.22844 0.951383 0.923632 0.856118 0.705918 0.654146 0.571631 0.550868 0.332205 0.0986924 0.0609495 0.0255178 0.0147585 0.0106111 0.00120744
threshold=84.273937225341811 4.5000000000000009 99.704143524169936 1.5000000000000002 1.5000000000000002 1.0000000180025095e-35 91.715686798095717 0.8582085669040681 95.099250793457045 83.910789489746108 0.47561036050319677 4.5000000000000009 0.33191312849521643 0.92582416534423839 98.213714599609389 94.500000000000014 1.5000000000000002 99.367088317871108 0.54356062412261974 150.50000000000003 0.52777779102325451 0.30381770431995397 82.793453216552749 74.115688323974624 1.5000000000000002
decision_type=2 2 2 2 2 2 2 2 2 2 2 2 2 2 2 2 2 2 2 2 2 2 2 2 2
left_child=2 4 11 -4 24 6 7 -6 -8 20 16 13 -5 -1 -11 -3 21 -17 -13 -9 23 -10 -22 -7 -2
right_child=1 15 3 12 5 9 8 19 10 14 -12 18 -14 -15 -16 17 -18 -19 -20 -21 22 -23 -24 -25 -26
leaf_value=-0.050789469436083257 0.036845234100717703 0.0090089553206836957 0.039523891463234234 0.015148739129137249 -0.011657605618841195 -0.0053554716842216304 -0.027268114783007297 0.12416727841274817 0.022969986642757657 0.02494503404208619 0.046027759906942502 -0.014206946763643681 -0.045765979429290046 0.011933137191509005 -0.014887134464397395 -0.051448963250337015 -0.014401924035493252 -0.00083207535529866239 0.021341376142213202 0.016514287743395757 -0.048975911014495485 0.005346587264720184 -0.0057330373970018687 0.0021398502768831774 0.073871483463754328
leaf_weight=24.987213221334979 4.0451872858684554 0.2400114002666659 2.8675534510912248 0.2519546369367166 0.30395100469104175 0.11942729828661081 1.136634643851721 0.81204449199503848 0.90796137132565569 1.0569662024645368 3.134899314129143 0.39688043343539803 2.5927273850757047 0.20570976897579285 1.4627106109728629 5.9676757111465122 1.4659363752944043 0.6184428194828796 0.2760810352046974 0.37386264768429101 1.6649601043372966 1.1283435532532164 0.31344694317158417 0.10987154985195957 3.7104046854328772
leaf_count=344785 489 297 352 112 3039 705 832 534 398 847 131 6961 7808 9 397 21087 381 1411 564 330 1142 45 118 150 212
internal_value=-0.013872 0.0149602 -0.0396186 0.0011027 0.0347774 0.0171578 0.0374364 0.0933724 0.0172958 -0.0221778 0.0274987 -0.0483178 -0.0378339 -0.0498413 0.00416186 -0.0445501 0.0043736 -0.0474322 0.00441607 0.11331 -0.0441652 0.0181817 -0.0463499 -0.00294485 0.0609731
internal_weight=60.1509 28.5727 31.5781 5.71224 21.7466 13.991 9.26363 1.48986 7.77378 4.72738 6.63714 25.8659 2.84468 25.1929 2.51968 6.82613 3.50224 6.58612 0.672961 1.18591 2.20771 2.0363 1.97841 0.229299 7.75559
internal_count=393136 32545 360591 8272 9750 9049 5690 3903 1787 3359 955 352319 7920 344794 1244 22795 824 22498 7525 864 2115 443 1260 855 701
is_linear=0
shrinkage=0.05


Tree=53
num_leaves=28
num_cat=0
split_feature=44 24 43 18 18 13 41 0 50 20 33 16 19 20 20 17 19 0 27 47 16 44 17 39 16 44 39
split_gain=16.9854 16.2185 10.6817 6.96759 5.27129 4.02244 2.57342 2.58691 2.23258 1.84101 1.13687 1.11346 0.945098 0.988231 0.964284 0.50583 0.704164 0.364602 0.257752 0.279211 0.250973 0.191127 0.290426 0.135289 0.127409 0.0764081 0.0663998
threshold=1.5000000000000002 61.733762741088874 4.5000000000000009 84.273937225341811 69.614067077636733 1.5000000000000002 45.500000000000007 101.58581161499025 30.303404808044437 0.8582085669040681 0.77500000596046459 72.04651260375978 99.333332061767592 0.99629628658294689 0.33191312849521643 18.301435470581058 73.499401092529311 151.01722717285159 2.5000000000000004 117.50000000000001 70.659969329833999 2.5000000000000004 85.215545654296889 0.77500000596046459 95.101959228515639 2.5000000000000004 0.46428571641445165
decision_type=2 2 2 2 2 2 2 2 2 2 2 2 2 2 2 2 2 2 2 2 2 2 2 2 2 2 2
left_child=1 -1 12 -4 8 9 7 -7 -3 -5 11 20 14 -14 26 -10 -17 -6 19 -15 -8 22 -16 24 -23 -21 -2
right_child=2 4 3 5 17 6 10 -9 15 -11 -12 -13 13 18 21 16 -18 -19 -20 25 -22 23 -24 -25 -26 -27 -28
leaf_value=-0.044500536208038809 -0.0045273413924594086 0.050528138821849589 -0.041200840835445701 -0.014872310083961532 0.095848801094890856 -0.040752930860924783 -0.0045640740357817903 0.033070810599668474 0.0091679462778650432 0.068099174200567117 0.063984140760780281 -0.024590697608752279 -0.036475437746456583 0.013512782840892782 -0.021909611124521958 -0.039918118943118093 0.01279573966890667 0.044917062421258834 0.021795138922916589 0.0029736536173090708 0.046682526270000003 -0.052091182037883668 0.011598606415492308 0.002055473487444013 0.00099068435465309869 -0.020274058125589908 0.015235101196820939
leaf_weight=4.3373730306147982 0.099554280292074249 0.68231429112893183 4.299010664616616 0.40475903278638536 4.4916139841479872 3.1572744246004736 0.1003511787021123 0.80998025275766838 0.65432608246192137 4.0464297671642271 0.67533801470563037 0.88475711103819776 1.39194893426611 0.38622830515669171 0.77986458509713219 1.5230121742124536 0.31744775499100786 3.8200316600850783 0.66440671859891165 0.15885461830475833 0.033930793040781282 23.042579384153676 0.24852642788027879 0.041757151193450137 0.076440993634604548 0.67372274139052024 0.24693051444774028
leaf_count=15383 1671 1425 70963 1829 683 2311 733 12 19 405 140 1440 2141 284 14782 4868 191 187 504 15 81 270282 50 6 273 2229 131
internal_value=-0.0118849 0.0310033 -0.0283058 0.00642171 0.0607892 0.0285521 -0.000821363 -0.0220572 0.00390577 0.0592101 0.038633 -0.00153691 -0.0459002 -0.0146724 -0.0493308 -0.0196548 -0.029522 0.0797782 0.00850463 -0.00529804 0.0381249 -0.0505659 -0.0120859 -0.0517036 -0.0518819 -0.0166362 0.0104116
internal_weight=58.0488 15.8261 42.2226 14.4118 11.4887 10.1128 5.66163 3.96725 3.1771 4.45119 1.69438 1.01904 27.8108 3.27516 24.5357 2.49479 1.84046 8.31165 1.88321 1.21881 0.134282 24.1892 1.02839 23.1608 23.119 0.832577 0.346485
internal_count=393038 22756 370282 77914 7373 6951 4717 2323 6503 2234 2394 2254 292368 5173 287195 5078 5059 870 3032 2528 814 285393 14832 270561 270555 2244 1802
is_linear=0
shrinkage=0.05


Tree=54
num_leaves=24
num_cat=0
split_feature=18 39 38 18 1 43 16 0 20 1 19 39 47 0 24 16 47 8 39 24 39 43 47
split_gain=13.5501 6.24666 7.31455 4.12904 3.78012 3.64544 3.2206 2.95756 2.46954 2.31948 1.79174 1.32324 0.775547 0.770912 0.581678 0.560177 0.404908 0.243169 0.216681 0.162755 0.104659 0.0924733 0.072435
threshold=84.273937225341811 0.77500000596046459 1.0000000180025095e-35 91.715686798095717 2.5000000000000004 1.5000000000000002 64.326763153076186 151.01722717285159 0.8582085669040681 46.500000000000007 76.817703247070327 0.90000000596046459 108.50000000000001 63.314989089965827 93.492378234863295 95.101959228515639 94.500000000000014 1.0000000180025095e-35 0.46428571641445165 88.32251358032228 0.61250001192092907 3.5000000000000004 122.50000000000001
decision_type=2 2 2 2 8 2 2 2 2 8 2 2 2 2 2 2 2 2 2 2 2 2 2
left_child=4 2 3 8 7 10 13 11 -2 -5 -4 -1 -11 -7 19 16 -8 -10 21 -12 -18 -17 -23
right_child=1 -3 5 9 -6 6 15 -9 17 12 14 -13 -14 -15 -16 18 20 -19 -20 -21 -22 22 -24
leaf_value=-0.012075129488303943 -0.01153046086243734 0.064369802961775205 -0.031517980933793543 0.028953032876898446 -0.048924034780514686 -0.011178795005052091 -0.00055021784427803657 -0.019946444351229616 0.01530391186093736 0.017525599104117915 -0.01405044908825985 0.071951914708142814 -0.034492168645188087 0.051905743647127668 0.044275324137559545 0.0027462646631025585 -0.054291051856014377 0.12289618720187134 0.0092119528556220166 0.011042758530975687 -0.0099465758334813525 0.0011336596171945914 -0.024640862197239693
leaf_weight=0.31834267959493701 0.29964398403172321 3.4480938703054553 0.52168178596548331 5.313944623896532 21.773215258671371 0.2874045537901101 0.42144676048337348 6.9740835395868999 0.38538391581823794 0.27621278563310658 0.38367324643331846 0.51310114573789178 1.8568934520262699 0.42404385910049314 2.0520359849906527 0.23983561350178284 6.9419694762391373 0.71425576374895172 0.38730831538850896 0.25361819825775456 0.6533937815511307 0.22103789559332632 0.81584220335571445
leaf_count=4600 3065 189 288 224 355170 3816 303 113 379 51 881 338 1503 79 44 296 19450 507 28 15 22 177 1363
internal_value=-0.0160225 0.0102375 -0.000467334 0.0328575 -0.0385974 -0.0229047 -0.0365209 -0.00750702 0.0903986 0.0126238 0.0193711 0.0507531 -0.0243126 0.0347801 0.0351099 -0.0445265 -0.04973 0.110437 -0.0102007 -0.00341896 -0.0520773 -0.0175493 -0.0212873
internal_weight=55.4765 25.8977 22.4496 8.84633 29.5787 13.6033 10.3923 7.80553 1.39928 7.44705 3.21101 0.831444 2.13311 0.711448 2.68933 9.68083 8.01681 1.09964 1.66402 0.637291 7.59536 1.27672 1.03688
internal_count=392901 32680 32491 5729 360221 26762 25534 5051 3951 1778 1228 4938 1554 3895 940 21639 19775 886 1864 896 19472 1836 1540
is_linear=0
shrinkage=0.05


Tree=55
num_leaves=29
num_cat=0
split_feature=44 2 43 20 49 46 37 24 16 19 27 47 16 41 49 41 0 47 24 0 39 0 0 0 47 47 39 47
split_gain=12.6395 13.6158 8.10674 4.73369 2.21255 1.89254 2.78192 1.58268 1.37345 0.93633 0.422332 0.54144 0.413743 0.363283 0.296544 0.267416 0.16634 0.165573 0.15497 0.141603 0.125201 0.119174 0.118595 0.110809 0.0868768 0.212646 0.0727359 0.000474815
threshold=1.5000000000000002 21.500000000000004 4.5000000000000009 0.8582085669040681 1.0000000180025095e-35 22.500000000000004 2.5000000000000004 99.704143524169936 72.04651260375978 27.429467201232914 3.5000000000000004 112.50000000000001 95.101959228515639 3.5000000000000004 1.0000000180025095e-35 45.500000000000007 112.80730438232423 119.50000000000001 95.940452575683608 69.914230346679702 0.77500000596046459 26.823730468750004 67.739746093750014 9.1186523437500018 94.500000000000014 93.500000000000014 0.46428571641445165 167.50000000000003
decision_type=2 8 2 2 2 2 2 2 2 2 2 2 2 2 2 2 2 2 2 2 2 2 2 2 2 2 2 2
left_child=1 4 9 -4 13 -5 10 14 15 26 11 23 20 -1 18 -8 -6 -14 -3 22 24 -13 -15 -7 25 -11 -2 -19
right_child=2 7 3 5 16 6 8 -9 -10 12 -12 21 17 19 -16 -17 -18 27 -20 -21 -22 -23 -24 -25 -26 -27 -28 -29
leaf_value=0.020747264120473039 -0.0049404063287017755 -0.013245727651172979 -0.0403774178262023 0.039220288656552464 0.091586589527718712 0.015332550132869056 -0.0018830492907702481 0.0054235462691152869 -0.010354331246104846 -0.020541991704445116 0.0090205522871639968 -0.036736574251171161 0.0090479258898912684 -0.0084189953033895325 -0.045955765069169777 0.092186406292110709 0.041038039907319884 -0.016356467284452676 0.011520776797159611 -0.019160713049616276 0.0019329400048231434 -0.004034716848059265 0.014360539289677943 -0.0059950628661879883 -0.052112813883966859 0.0094142159912703055 0.015231206005818268 -0.00059213619670354001
leaf_weight=1.0359334181630364 0.10963444147273804 0.36034515008032109 4.006572097084244 4.4175771590380446 2.7788472354259284 0.31544965676585013 0.039111219779442652 2.1570174636035517 0.2588965963695955 0.55938668248382839 0.57656371680059226 2.3376895515684741 0.28531149054469906 0.18882642447715614 4.403243373112673 0.054588151324423961 3.3481741431169212 0.58133978983823908 0.2037305472222215 0.4230005080535193 0.039297892366447651 0.59776010242057953 0.22832901775836945 0.38977608145069098 24.205674709528466 0.22626738969120197 0.24805328604634269 0.082526082107506227
leaf_count=135 1981 7118 69682 390 311 264 374 327 385 4380 40 5982 157 465 14270 240 180 1490 26 8 6 279 1 209 283155 625 148 204
internal_value=-0.0186087 0.0193334 -0.0333193 -0.000746711 0.060772 0.0191945 -0.00373008 -0.0289671 0.060792 -0.0487743 -0.0197428 -0.0252602 -0.0499223 0.00785966 -0.0423073 0.0871007 0.0735977 -0.00763231 -0.00265387 -0.0106703 -0.0511712 -0.0327947 0.00538455 0.00694184 -0.0513259 -0.011474 0.00996349 -0.0159305
internal_weight=54.4589 15.1274 39.3315 12.994 8.00311 8.98741 4.56984 7.12434 0.352596 26.3375 4.21724 3.64068 25.9798 1.87609 4.96732 0.0936994 6.12702 0.949177 0.564076 0.840156 25.0306 2.93545 0.417155 0.705226 24.9913 0.785654 0.357688 0.663866
internal_count=392832 22841 369991 77845 1100 8163 7773 21741 999 292146 6774 6734 290017 609 21414 614 491 1851 7144 474 288166 6261 466 473 288160 5005 2129 1694
is_linear=0
shrinkage=0.05


Tree=56
num_leaves=20
num_cat=0
split_feature=33 44 43 1 0 18 2 30 24 41 33 47 43 47 16 33 17 27 37
split_gain=13.6139 8.68192 7.30464 5.09517 8.07877 3.51508 2.32616 2.28013 1.32271 1.24585 1.13676 0.941646 0.73312 0.827606 0.771819 0.662548 0.48115 0.421015 0.10216
threshold=0.64583334326744091 1.5000000000000002 4.5000000000000009 3.5000000000000004 151.01722717285159 93.127067565917983 4.5000000000000009 1.5000000000000002 82.554244995117202 1.5000000000000002 0.81666666269302379 107.50000000000001 1.5000000000000002 103.50000000000001 85.215545654296889 0.81666666269302379 92.40384674072267 2.5000000000000004 4.5000000000000009
decision_type=2 2 2 8 2 2 8 2 2 2 2 2 2 2 2 2 2 2 2
left_child=3 -2 12 4 7 6 9 8 -1 -4 11 -7 14 -14 -3 18 -17 -18 -15
right_child=1 2 5 -5 -6 10 -8 -9 -10 -11 -12 -13 13 15 -16 16 17 -19 -20
leaf_value=-0.0067487552347772171 0.057328957493981272 -0.028368686245917121 0.0063020101467703557 -0.048724332851812074 -0.026511389245152995 0.017501998670426205 -0.015257330784286045 -0.01265470500521094 0.10899846473361166 0.099994575568702407 0.019216481841818154 -0.03141489719086879 0.011277930514485474 -0.054291405947876792 0.016708927752423761 -0.027920265467936214 -0.014537652417019179 0.023703024439547929 0.00045890790877815618
leaf_weight=0.15521992156209463 6.8542020347304087 0.71541699683439208 0.58469789811715633 21.045613735289862 7.2725418206205177 0.69147000145312665 0.40365198480867537 0.33880713564212772 0.95456451751670102 1.3627004556146856 3.800848046586907 2.0376452165037335 0.32289602560922492 4.9934761531512777 1.1621140793431548 0.79076714548864391 0.40864717228396308 0.63349817296330002 0.06950900002993865
leaf_count=1225 539 375 168 362804 138 28 2748 6084 396 546 313 834 353 14082 311 52 1322 253 465
internal_value=-0.013632 0.013443 -0.00542855 -0.0359209 -0.00319001 0.0254286 0.0670918 0.0769038 0.097284 0.0835462 0.00351027 -0.0176512 -0.03509 -0.0415806 -0.00435704 -0.0451705 -0.0112105 0.00893199 -0.053588
internal_weight=54.5983 24.8315 17.9773 29.7667 8.72113 8.88101 2.35105 1.44859 1.10978 1.9474 6.52996 2.72912 9.09632 7.21879 1.87753 6.8959 1.83291 1.04215 5.06299
internal_count=393036 22389 21850 370647 7843 4637 3462 7705 1621 714 1175 862 17213 16527 686 16174 1627 1575 14547
is_linear=0
shrinkage=0.05


Tree=57
num_leaves=25
num_cat=0
split_feature=20 39 43 13 43 26 39 41 50 7 34 23 47 47 2 16 16 0 2 2 16 34 48 40
split_gain=14.2605 13.0701 8.01539 3.49931 2.89265 2.14214 2.0807 2.05229 1.94907 2.8417 1.55816 1.1484 1.03584 1.00214 0.901615 0.719414 0.364911 0.249251 0.071196 0.0682388 0.0682351 0.19777 0.0623418 0.00551019
threshold=0.82545602321624767 0.77500000596046459 4.5000000000000009 1.5000000000000002 1.5000000000000002 1.5000000000000002 0.61250001192092907 9.5000000000000018 97.68778228759767 1.0000000180025095e-35 0.91987180709838878 30.094339370727543 128.50000000000003 150.50000000000003 4.5000000000000009 86.70682525634767 91.820003509521499 63.314989089965827 1.5000000000000002 5.5000000000000009 83.910789489746108 0.70710784196853649 11.500000000000002 1.0000000180025095e-35
decision_type=2 2 2 2 2 2 2 2 2 2 2 2 2 2 8 2 2 2 10 10 2 2 2 2
left_child=10 2 4 14 7 17 -7 20 9 -5 22 -12 -11 18 16 -9 -4 -6 -14 -20 21 -2 -1 -13
right_child=1 -3 3 8 5 6 -8 15 -10 12 11 23 13 -15 -16 -17 -18 -19 19 -21 -22 -23 -24 -25
leaf_value=-0.049052256754668455 -0.011195433210665198 0.074322661458441394 0.071649323491216527 -0.028364790308085183 -0.0047285773816480511 -0.051118997394154722 0.0091506832463695408 -0.038506964211988008 -0.031191012391525826 -0.011386361172116327 0.022638957186913711 -0.0022424412774314849 0.076285173970024434 -0.007726727349265528 -0.0093580645170238726 0.013232122589180268 0.018442901154540999 0.045125516061475177 -0.0046776478311773154 0.015059994286116147 0.037574240514602723 0.016757355277947781 -0.0055268009451064923 -0.030365701572270407
leaf_weight=18.277831502670331 0.23498758710048173 5.1219488029164486 2.6917500717427174 1.1271082941420902 0.1044115730728653 10.151524278803207 1.3265891630817339 1.3082597906795856 2.0746746140066534 0.28978312348408541 1.1948682869733596 0.18880806564811792 1.0901196968297879 0.2793392104540543 0.22955847889534187 0.37336762922132027 1.3272656876360995 0.049794062273576856 0.10225587390959834 0.29840753321332159 1.5809980174999507 0.42817226039551315 0.35499734617223921 0.95057747573355278
leaf_count=320383 550 260 961 7738 1337 48079 44 1031 765 458 287 13 109 575 2852 95 19 2 207 578 192 14 4018 2053
internal_value=-0.0132598 0.00877581 -0.006954 0.0274933 -0.0283994 -0.0401046 -0.0439782 0.00738435 -0.00111233 0.0212412 -0.0439438 -0.00366108 0.0487833 0.059188 0.0563823 -0.0263689 0.0612536 0.0365188 0.0697946 0.0102794 0.0330086 0.00607649 -0.0485467 -0.0289319
internal_weight=51.1574 30.1903 25.0684 9.51026 15.5581 11.6323 11.4781 3.92579 5.26169 3.18701 20.9671 2.33425 2.05991 1.77012 4.24857 1.68163 4.01902 0.154206 1.49078 0.400663 2.24416 0.66316 18.6328 1.13939
internal_count=392620 65866 65606 14262 51344 49462 48123 1882 10430 9665 326754 2353 1927 1469 3832 1126 980 1339 894 785 756 564 324401 2066
is_linear=0
shrinkage=0.05


Tree=58
num_leaves=28
num_cat=0
split_feature=20 44 38 50 13 35 33 24 39 50 24 2 24 33 44 18 49 47 43 27 47 47 24 47 47 48 2
split_gain=14.8262 12.3997 12.1735 3.68431 2.79718 2.26199 2.15833 1.859 1.39048 1.38241 1.23117 1.03278 0.915632 0.857563 0.686786 0.433351 0.395249 0.374814 0.30769 0.377095 0.122661 0.0847679 0.076909 0.0462182 0.0422151 0.0154443 0.0125279
threshold=0.82545602321624767 1.5000000000000002 1.0000000180025095e-35 23.531040191650394 2.5000000000000004 1.0000000180025095e-35 0.64583334326744091 88.669517517089858 0.46428571641445165 99.655174255371108 82.554244995117202 1.5000000000000002 99.704143524169936 0.81666666269302379 2.5000000000000004 15.047169685363771 11.500000000000002 94.500000000000014 2.5000000000000004 2.5000000000000004 93.500000000000014 173.50000000000003 99.704143524169936 174.50000000000003 122.50000000000001 11.500000000000002 1.5000000000000002
decision_type=2 2 2 2 2 2 2 2 2 2 2 8 2 2 2 2 2 2 2 2 2 2 2 2 2 2 8
left_child=3 7 4 8 6 9 22 10 -1 11 -2 -6 -7 14 -4 -5 25 20 -15 24 -16 -19 -3 -23 -20 -17 -18
right_child=1 2 13 15 5 12 -8 -9 -10 -11 -12 -13 -14 18 17 16 26 21 19 -21 -22 23 -24 -25 -26 -27 -28
leaf_value=-0.018406248357630363 -0.023081722657362733 -0.016714845355022299 0.0020365076939851331 -0.00056505582127187794 0.062763206897697169 -0.035574652636506131 0.071880477983117058 0.073497732602886667 0.051598961710650926 -0.014648422082766552 0.034622588441399815 -0.010755745928087045 0.019320439825626659 -0.020228540576730153 -0.01142160797200008 -0.049234651406481152 0.0069237926202861469 -0.050339892984730843 0.0016965891920328977 0.023204110212274528 0.011008598849177107 0.0047279062776012558 0.004672792930705473 -0.010257337279648216 -0.015028888621281067 -0.0072408464631979492 -0.0020712306027491803
leaf_weight=0.54191534722122259 0.79004791504121641 0.49428611695111779 0.66973771977063634 0.51673316013330151 1.367215178837796 2.020168104605546 3.618272608226107 6.1754592705037794 0.69706579119701928 0.62310824056476111 1.0105460738559484 0.27312637271825235 0.31180952861905087 0.82857531143963514 0.23920657173948612 18.55948897444069 0.13220182061195274 8.7847915458282806 0.26349439220211912 0.59958150517559261 0.20137063172296621 0.12491576616230382 0.091803370996785816 0.24267431912448956 0.42630338329036022 0.39905191052821365 0.043212709855652065
leaf_count=7772 664 3980 386 268 175 5482 335 227 1227 171 22 2059 3 300 840 313931 1 46288 140 295 78 350 3 2993 1065 2987 1016
internal_value=-0.010364 0.0126037 -0.00791641 -0.0415323 0.0348065 0.00518422 0.0599667 0.0619062 0.0264343 0.0340451 0.0101025 0.0510845 -0.024639 -0.0386144 -0.0441743 -0.0468901 -0.048051 -0.0472882 -0.00614655 0.00778584 -0.000644411 -0.0492489 -0.0125308 -0.00543148 -0.0114168 -0.0487578 0.00483097
internal_weight=50.0462 29.1565 21.1804 20.8897 8.79979 4.59543 4.20436 7.97605 1.23898 2.26345 1.80059 1.64034 2.33198 12.3807 10.2627 19.6507 19.134 9.59296 2.11795 1.28938 0.440577 9.15238 0.586089 0.36759 0.689798 18.9585 0.175415
internal_count=393058 65856 64943 327202 12208 7890 4318 913 8999 2405 686 2234 5485 52735 50935 318203 317935 50549 1800 1500 918 49631 3983 3343 1205 316918 1017
is_linear=0
shrinkage=0.05


Tree=59
num_leaves=21
num_cat=0
split_feature=19 44 43 34 44 13 41 32 18 41 19 19 17 43 27 16 37 25 33 43
split_gain=11.2177 8.1962 7.45668 3.72395 4.97636 2.31038 1.27733 1.26991 1.08199 1.02546 0.933201 0.909761 0.348749 0.314574 0.482926 0.123088 0.0822039 0.0720811 0.156979 0.0278032
threshold=81.302967071533217 1.5000000000000002 4.5000000000000009 0.76696833968162548 2.5000000000000004 62.500000000000007 10.500000000000002 0.63333335518836986 98.213714599609389 9.5000000000000018 99.333332061767592 27.429467201232914 99.367088317871108 2.5000000000000004 2.5000000000000004 95.101959228515639 4.5000000000000009 2.5000000000000004 0.64583334326744091 3.5000000000000004
decision_type=2 2 2 2 2 2 2 2 2 2 2 2 2 2 2 2 2 2 2 2
left_child=3 9 10 12 6 7 -5 -4 -9 -2 15 -6 -1 17 19 16 -3 18 -12 -15
right_child=1 2 5 4 11 -7 -8 8 -10 -11 13 -13 -14 14 -16 -17 -18 -19 -20 -21
leaf_value=-0.048342088368297315 0.065616591241297401 -0.051186478105100103 -0.017555567182642912 0.057253223055320906 0.014097071045637389 -0.026516600062039455 0.0019494715416941196 0.062716771395632268 0.018578166546964855 0.0096907768896267385 -0.015998263139782299 -0.046739421069387103 0.0050492874873634616 0.0015728919483188686 0.022776900165444494 0.0010764209910333765 9.0384777880773569e-05 -0.028542156402330873 0.0065526014169882026 -0.017647116915284099
leaf_weight=18.831892199874353 4.6365532519375874 5.2901200182031971 0.53892922600425652 1.5073474307791905 0.25581385197801898 1.1679729231436793 1.9144778413019592 2.3549985438003205 4.6127050983523077 1.4148583875539769 0.55860754105742694 3.4014261836896367 0.12813748188636864 0.040659610018338066 0.65667863627822953 0.075583313275274011 0.075578320480417349 0.79423943694928301 0.73035973413061583 0.54311390767907142
leaf_count=336865 438 23663 5568 233 332 1873 402 1217 456 422 175 15272 47 34 744 284 639 78 366 3770
internal_value=-0.0146793 0.0102101 -0.00776584 -0.0366802 -0.00480023 0.0237926 0.0337497 0.0338173 0.0394955 0.0557694 -0.0382371 -0.0403709 -0.0477464 -0.0121815 0.00541825 -0.0497904 -0.0505635 -0.0210197 -0.00594008 -0.0161606
internal_weight=49.5301 23.491 17.4395 26.0391 7.07907 8.67461 3.42183 7.50663 6.9677 6.05141 8.76494 3.65724 18.96 3.32366 1.24045 5.44128 5.3657 2.08321 1.28897 0.583774
internal_count=392878 39727 38867 353151 16239 9114 635 7241 1673 860 29753 15604 336912 5167 4548 24586 24302 619 541 3804
is_linear=0
shrinkage=0.05


Tree=60
num_leaves=23
num_cat=0
split_feature=20 39 8 19 24 50 13 11 21 24 33 41 37 50 13 39 47 17 1 0 0 17
split_gain=13.5579 12.2631 6.11602 2.81604 3.59901 2.53621 2.36436 4.15455 2.05682 2.44619 1.46418 1.39999 1.32847 1.08706 0.693709 0.538924 0.426439 0.40335 0.270328 0.0788153 0.256407 0.0682065
threshold=0.82545602321624767 0.77500000596046459 1.0000000180025095e-35 99.333332061767592 90.09454727172853 23.531040191650394 2.5000000000000004 -0.45156703889369959 96.871944427490249 92.921337127685561 0.64583334326744091 3.5000000000000004 1.0000000180025095e-35 22.752144813537601 62.500000000000007 0.61250001192092907 94.500000000000014 95.040985107421889 1.5000000000000002 112.80730438232423 101.58581161499025 18.301435470581058
decision_type=2 2 2 2 2 2 2 8 2 2 2 2 2 2 2 2 2 2 8 2 2 2
left_child=5 2 3 8 15 13 10 11 9 -2 -4 -8 -10 -1 -13 16 -5 21 -15 20 -14 -7
right_child=1 -3 6 4 -6 17 7 -9 12 -11 -12 14 19 18 -16 -17 -18 -19 -20 -21 -22 -23
leaf_value=-0.01763918576719652 -0.037605027828150062 0.07605614785190562 -0.011969865086274152 0.0069976012680059169 0.040791222217387631 -0.011719668071243333 -0.011032397033019135 -0.035934237156210774 0.0068165173864581227 0.019223945997623719 0.071666089416277154 0.091274704161652898 -0.026047487122970038 0.052243361392291965 -0.0048370912341579968 0.010718514788977063 -0.038654991957587176 0.006351598115496581 -0.0041257761248666503 -0.064911464661458682 0.0085633800686004454 -0.04849751723999815
leaf_weight=0.50958939074371556 2.6712974003044199 4.7789189612085456 0.31131235734574092 0.27945447545062041 2.9140547156202956 0.88140403349053187 0.27248918158147717 1.9450796438759428 0.65255564043400216 3.0077910421655361 2.5293442041947856 0.39698622312062071 1.0367193444981238 0.36670705224969424 0.10585106564030866 0.35803533456055436 2.3926592574098322 0.12962325484841031 0.089931298043666175 3.9951196137335501 0.18600851541850705 17.343310881998605
leaf_count=7349 43471 250 2752 85 65 776 316 3693 365 344 188 866 7741 21 499 7 4828 29 1733 39 3 317878
internal_value=-0.0114218 0.0108967 -0.00521015 -0.0197289 0.00749187 -0.0425285 0.0365079 0.000616225 -0.0332193 -0.00913503 0.0617702 0.0609025 -0.0517977 0.0204842 0.0812865 -0.0267072 -0.0332751 -0.0467327 0.0459308 -0.0590455 -0.0192984 -0.047421
internal_weight=47.1542 27.8337 23.0548 17.4937 5.9442 19.3206 5.56106 2.72041 11.5495 5.67909 2.84066 0.775326 5.8704 0.966228 0.502837 3.03015 2.67211 18.3543 0.456638 5.21785 1.22273 18.2247
internal_count=393298 65512 65262 56948 4985 327786 8314 5374 51963 43815 2940 1681 8148 9103 1365 4920 4913 318683 1754 7783 7744 318654
is_linear=0
shrinkage=0.05


Tree=61
num_leaves=26
num_cat=0
split_feature=44 20 39 38 50 29 18 2 35 12 1 17 7 0 23 50 0 49 17 17 45 45 44 16 50
split_gain=9.03529 9.34932 5.89959 4.33734 4.2497 2.71902 1.66437 1.61291 1.30177 1.14824 1.12091 0.820896 0.718818 0.632356 0.561667 0.311197 0.285707 0.254146 0.244047 0.192994 0.186206 0.331596 0.160102 0.150728 0.0218679
threshold=4.5000000000000009 0.82545602321624767 0.77500000596046459 1.5000000000000002 23.531040191650394 1.0000000180025095e-35 90.070423126220717 6.5000000000000009 1.5000000000000002 1.5000000000000002 1.5000000000000002 18.301435470581058 1.0000000180025095e-35 112.80730438232423 93.44086074829103 99.655174255371108 151.01722717285159 3.5000000000000004 93.419914245605483 99.367088317871108 0.40350656211376196 1.0000000180025095e-35 1.5000000000000002 99.367088317871108 46.808748245239265
decision_type=2 2 2 2 2 2 2 8 2 2 10 2 2 2 2 2 2 2 2 2 2 2 2 2 2
left_child=1 4 3 7 13 15 22 8 9 18 14 -6 -13 -1 16 -5 -10 -14 20 -11 21 -3 -7 -2 -9
right_child=23 2 -4 5 11 6 -8 24 10 19 -12 12 17 -15 -16 -17 -18 -19 -20 -21 -22 -23 -24 -25 -26
leaf_value=-0.0083763905776056066 -0.048720381523486844 0.025499981671570665 0.067055414607736702 -0.057541691680441688 0.0012054780392859368 0.0025139098068829861 0.046354630348665583 0.0007934138093422888 -0.019119170749532625 -0.015962705615153422 -0.021155723997891368 -0.049794790565156566 -0.014927539659214832 0.055780500089724266 0.036659072341594809 -0.016059308452075472 0.013418015121224853 0.015279644330688225 0.021405285662311022 0.010559748052072264 0.070624766501124356 -0.011885458405039465 -0.025605440426912575 -0.0048564286290417218 -0.023831487746562265
leaf_weight=0.2012235320507888 12.833077212948862 0.32194906517179722 4.1536669385459382 2.2393838267089441 0.9376083022552838 0.48210269308037845 0.93760660561747489 0.02875678860073172 0.47545069051557298 0.46391728966045764 1.439658774052077 9.2790641296605791 0.41390968173072984 0.59675018227426335 1.370293433392362 1.7472176901865171 0.31636044569313526 0.37198562186677009 1.9866168540320357 0.36959694363758899 2.0439313511742512 0.28389791940207942 0.74422269209753722 0.4369976939196939 0.82873473371000728
leaf_count=3738 244050 883 240 357 280 305 330 172 1605 1410 288 117630 7613 28 150 401 4 6 115 26 106 100 3246 1438 8521
internal_value=-0.0146254 0.000112565 0.0204567 0.00519813 -0.0336427 -0.0254018 0.0154495 0.0247429 0.0310956 0.0445834 0.0053748 -0.0424618 -0.046271 0.0439415 0.0241441 -0.0462275 -0.00588592 -7.99266e-05 0.0527565 -0.00485706 0.0639565 0.0114892 -0.0183871 -0.0477174 -0.0230231
internal_weight=45.304 32.0339 20.2334 16.0797 11.8005 6.15053 2.16393 9.92916 9.07167 5.46991 3.60176 11.0026 10.065 0.797974 2.1621 3.9866 0.791811 0.785895 4.6364 0.833514 2.64978 0.605847 1.22633 13.2701 0.857492
internal_count=393042 147554 18259 18019 129295 4639 3881 13380 4687 2640 2047 125529 125249 3766 1759 758 1609 7619 1204 1436 1089 983 3551 245488 8693
is_linear=0
shrinkage=0.05


Tree=62
num_leaves=20
num_cat=0
split_feature=44 20 44 8 34 23 12 0 50 16 0 23 9 20 39 19 17 27 44
split_gain=10.6556 9.62999 6.89105 5.76398 4.21594 1.86129 3.04857 1.77668 1.38753 1.08665 1.47555 0.964436 0.731505 0.683166 1.05582 0.517729 0.276302 0.245946 0.183061
threshold=4.5000000000000009 0.82545602321624767 1.5000000000000002 1.0000000180025095e-35 0.76696833968162548 86.72955703735353 1.5000000000000002 20.089843750000004 23.531040191650394 85.215545654296889 101.58581161499025 73.942821502685561 1.0000000180025095e-35 0.46713979542255407 0.61250001192092907 99.333332061767592 93.419914245605483 2.5000000000000004 2.5000000000000004
decision_type=2 2 2 2 2 2 2 2 2 2 2 2 2 2 2 2 2 2 2
left_child=1 4 -3 9 -1 6 11 -7 -6 17 -11 -5 -2 -10 -15 -14 -17 18 -4
right_child=12 2 3 5 8 7 -8 -9 13 10 -12 -13 15 14 -16 16 -18 -19 -20
leaf_value=-0.046298734721318832 -0.048019591763533459 0.066617695939769364 0.0015395749664226868 -0.0051249320495705755 0.054302334753471716 0.040175896568707979 -0.015794170000805175 -0.01234803181183588 -0.02893253802509901 -0.030674990788705267 0.020814541653890899 0.10714048209475269 -0.025417686323289904 -0.021360959756759879 0.03388483646977343 0.024452193003707975 -0.0084389274356959695 0.0020123666181895775 -0.044580879778815655
leaf_weight=7.8818206539208422 12.084297787812826 6.3859798646990393 0.15807456214679483 0.11388366026221763 0.59767852285222067 2.2563799726776779 0.45989250090133271 2.480722685038927 0.64978872044139313 1.4947239712018929 2.1548202428966761 1.0434957180368654 0.81308831707792772 0.64375042513711356 0.99261041534282413 0.48389265375953983 0.44838628147772397 0.23972657638296357 3.11914544229694
leaf_count=127233 244667 907 359 1487 206 395 5759 56 387 1197 25 639 329 1688 93 250 215 132 7185
internal_value=-0.00901644 0.00757938 0.0277346 0.00604687 -0.0288794 0.0378037 0.0726614 0.0153122 0.0183922 -0.0232924 -0.0023356 0.0988387 -0.043853 -0.00466363 0.0122924 -0.00802184 0.0124524 -0.0397077 -0.0425164
internal_weight=44.5022 30.6725 19.9068 13.5209 10.7656 6.35437 1.61727 4.7371 2.88383 7.16649 3.64954 1.15738 13.8297 2.28615 1.63636 1.74537 0.932279 3.51695 3.27722
internal_count=393209 147748 18141 17234 129607 8336 7885 451 2374 8898 1222 2126 245461 2168 1781 794 465 7676 7544
is_linear=0
shrinkage=0.05


Tree=63
num_leaves=29
num_cat=0
split_feature=20 39 38 44 50 7 23 24 13 39 16 47 47 16 23 48 31 47 23 40 24 18 47 24 47 16 50 50
split_gain=9.71945 10.4849 5.09108 3.74568 3.3276 2.79332 3.20307 2.19284 1.22602 1.16637 0.93801 0.673189 0.771138 0.832462 0.650277 0.425911 0.391974 0.372106 0.224827 0.16747 0.0992327 0.0910745 0.0661484 0.0184267 0.00737029 0.00384627 0.000339666 0.00333886
threshold=0.82545602321624767 0.77500000596046459 1.0000000180025095e-35 2.5000000000000004 23.531040191650394 1.0000000180025095e-35 86.72955703735353 88.32251358032228 1.5000000000000002 0.46428571641445165 92.63776016235353 103.50000000000001 148.50000000000003 89.699382781982436 73.942821502685561 11.500000000000002 3.5000000000000004 157.50000000000003 23.669467926025394 1.0000000180025095e-35 99.704143524169936 79.337715148925795 93.500000000000014 99.704143524169936 173.50000000000003 95.101959228515639 99.655174255371108 96.169029235839858
decision_type=2 2 2 2 2 2 2 2 2 2 2 2 2 2 2 2 2 2 2 2 2 2 2 2 2 2 2 2
left_child=4 2 5 7 9 20 14 -4 -8 -1 -10 22 -13 -14 23 16 19 25 -18 -6 -2 -17 -5 -7 -19 -15 27 -24
right_child=1 -3 3 11 15 6 8 -9 10 -11 -12 12 13 17 -16 21 18 24 -20 -21 -22 -23 26 -25 -26 -27 -28 -29
leaf_value=-0.016650040458868736 -0.03033214111345995 0.072246750090485881 -0.027274623309615359 -0.0058276140554140883 -0.010044497531217798 -0.0048319656877389809 0.033369888144964506 0.042600730505487509 -0.029269734559565386 0.049583684417019623 0.012572120565548212 -0.051649242284991362 -0.032634328137852803 0.025445482528796082 0.092927441841259742 -0.0089743605432287561 0.013792641061269387 -0.011494648012979176 -0.015493430971315118 -0.049016153465815421 0.0029844111545348946 0.01041490423533982 -0.0018014148623678079 0.0043512579178180029 -0.00029579497836755374 0.002335685536839389 0.011998746163480322 0.0022253287100609301
leaf_weight=0.4709447881978146 1.4563177704203605 4.1518045506963963 0.94650205093785134 0.12945272101205674 0.88116776023253152 0.10664012139022805 2.5274029108259128 2.0071566724727745 1.3995162877145051 0.65149465268586937 2.1437511957919924 6.4986796173143357 1.5816936476326193 0.51649406087926741 1.0730376654028075 0.21039495002832964 0.23014209009488773 0.50289414616236172 0.43655601865384597 14.589516769278816 0.061424120067385846 0.22294368634538841 0.03737212710075255 0.085643289137806278 0.22278920641656441 0.24158935739615117 0.29614940928513533 0.044561297756445128
leaf_count=7871 9685 261 1007 845 894 1271 69 65 339 1258 173 30312 18467 357 703 3966 131 674 9805 303253 3 18 908 2 291 323 118 2
internal_value=-0.0114576 0.00801389 -0.00680004 -0.0259002 -0.0390011 0.0210763 0.0334715 0.0189741 0.0123043 0.0270424 -0.00675936 -0.0395853 -0.0423794 -0.0148571 0.0847645 -0.0447591 -0.0460002 0.00960273 -0.0031741 -0.047541 -0.028334 0.00130766 0.00625253 -0.000522806 -0.0102203 0.0235984 0.0116161 0.000421241
internal_weight=43.724 26.0309 21.8791 13.0253 17.6932 8.85373 7.33599 2.95366 6.07067 1.12244 3.54327 10.0717 9.56414 3.06546 1.26532 16.5707 16.1374 1.48377 0.666698 15.4707 1.51774 0.433339 0.507536 0.192283 0.725683 0.758083 0.378083 0.0819334
internal_count=393071 65875 65614 53369 327196 12245 2557 1072 581 9129 512 52297 50424 20112 1976 318067 314083 1645 9936 304147 9688 3984 1873 1273 965 680 1028 910
is_linear=0
shrinkage=0.05


Tree=64
num_leaves=30
num_cat=0
split_feature=2 39 43 34 44 13 41 33 41 16 19 37 12 24 2 17 17 1 34 47 1 34 34 47 47 47 47 47 47
split_gain=9.92595 7.60528 6.07602 3.12854 2.52313 2.10269 2.17096 1.1839 1.12511 2.04326 0.953891 0.911103 0.708221 0.772217 0.450517 0.321371 0.302512 0.133001 0.129169 0.122143 0.112081 0.234465 0.492608 0.0832297 0.0219156 0.010296 0.0098326 0.00264112 0.00278491
threshold=4.5000000000000009 0.77500000596046459 4.5000000000000009 0.88562092185020458 2.5000000000000004 1.5000000000000002 45.500000000000007 0.64583334326744091 2.5000000000000004 23.606810569763187 99.333332061767592 1.0000000180025095e-35 1.5000000000000002 1.0000000180025095e-35 3.5000000000000004 85.86789703369142 93.419914245605483 1.5000000000000002 0.32795698940753942 122.50000000000001 1.5000000000000002 0.71825397014617931 0.70294117927551281 148.50000000000003 149.50000000000003 104.50000000000001 148.50000000000003 103.50000000000001 102.50000000000001
decision_type=8 2 2 2 2 2 2 2 2 2 2 2 2 2 10 2 2 8 2 2 8 2 2 2 2 2 2 2 2
left_child=1 2 4 20 -1 7 11 17 -5 -10 14 -7 13 -8 25 -12 -17 -4 -13 -18 21 22 -2 -16 -25 27 -21 28 -6
right_child=3 -3 5 8 10 6 12 -9 9 -11 15 18 -14 -15 23 16 19 -19 -20 26 -22 -23 -24 24 -26 -27 -28 -29 -30
leaf_value=0.0081547636819360517 -0.018513282479876363 0.065007348058907607 0.008347789971939466 0.042007196459986552 -0.0016029886719117704 0.015435685637509461 0.055185742781288072 0.055004515530846079 0.029948377534390055 -0.036388242945964704 -0.024047082166160604 -0.037148286616611813 -0.01129346876802572 -0.0098786569662715849 -0.0099502634290143804 0.018631786601263207 0.0065626176345782066 -0.015503435534505759 0.0010993704880347167 -0.018493659493346779 -0.047643529246549271 -0.027088034150035623 0.022834915377540857 0.010768347498412564 -0.0022452896064622404 -0.055577477404121015 -0.00065150559259667977 -0.0048628134070414619 0.0020888503618062188
leaf_weight=3.1987576100909827 0.51879725178105829 3.9744199669476066 0.17966840914596094 0.48776258955331231 0.033103597153967601 0.58406284107331918 1.1940474338553029 3.7647772943382734 1.0811610108976313 1.7106980125781772 0.70207825179386452 2.1767080028839705 0.28985257164094935 0.23787017359609297 0.21966373710711184 0.74149180928179681 0.18798750896166894 0.4450122693706362 0.1766648848170006 0.44508392899842875 14.823091900098005 1.1033064476760044 0.37426975526250317 0.19537147692608414 0.047014857589601888 4.9921925733142416 0.16126926153810928 0.09570240500397631 0.047117011814407306
leaf_count=365 1582 194 15 390 594 312 909 295 304 2979 786 2856 2061 350 2780 441 87 6292 23 456 354725 488 76 89 1385 11868 310 59 56
internal_value=-0.0119463 0.00962747 -0.00387494 -0.0370344 -0.027627 0.0250331 0.000356969 0.0462995 0.0061189 -0.00957582 -0.0414533 -0.0234327 0.034641 0.0447596 -0.0511967 -0.00869946 0.00503265 -0.00772769 -0.0348055 -0.0109707 -0.04532 -0.0179253 0.00172388 -0.00110438 0.00846864 -0.05477 -0.017108 -0.00407933 0.000491767
internal_weight=44.189 24.0899 20.1155 20.0991 11.0668 9.04866 4.65921 4.38946 3.27962 2.79186 7.86808 2.93744 1.72177 1.43192 5.63017 2.23791 1.53583 0.624681 2.35337 0.794341 16.8195 1.99637 0.893067 0.46205 0.242386 5.16812 0.606353 0.175923 0.0802206
internal_count=393127 32583 32389 360544 19276 13113 6511 6602 3673 3283 18911 3191 3320 1259 16831 2080 1294 6307 2879 853 356871 2146 1658 4254 1474 12577 766 709 650
is_linear=0
shrinkage=0.05


Tree=65
num_leaves=29
num_cat=0
split_feature=20 39 15 50 41 34 35 13 12 37 41 17 34 0 16 47 43 11 47 0 16 43 47 16 48 34 16 40
split_gain=8.36664 7.97581 4.82932 3.36361 3.27318 3.60085 2.11325 2.40346 1.88686 1.34447 1.17294 1.12166 1.11673 1.102 0.611273 0.660278 0.59083 0.450632 0.394392 0.326742 0.326666 0.30535 0.276969 0.214512 0.107486 0.0909427 0.0388512 0.00372357
threshold=0.82545602321624767 0.77500000596046459 1.0000000180025095e-35 23.531040191650394 18.500000000000004 0.65301004052162182 1.5000000000000002 1.5000000000000002 1.5000000000000002 3.5000000000000004 3.5000000000000004 87.895435333251967 0.91987180709838878 112.80730438232423 20.761494636535648 134.50000000000003 3.5000000000000004 -0.45156703889369959 131.50000000000003 101.58581161499025 62.563131332397468 1.0000000180025095e-35 108.50000000000001 62.316371917724616 11.500000000000002 0.56832298636436474 59.122919082641609 1.0000000180025095e-35
decision_type=2 2 2 2 2 2 2 2 2 2 2 2 2 2 2 2 2 8 2 2 2 2 2 2 2 2 2 2
left_child=3 2 4 13 5 9 8 18 10 25 -4 20 24 -1 -14 27 -13 -12 -8 -18 23 -11 -10 -6 -5 -2 -17 -16
right_child=1 -3 6 12 11 -7 7 -9 22 21 17 16 14 -15 15 26 19 -19 -20 -21 -22 -23 -24 -25 -26 -27 -28 -29
leaf_value=-0.014477523297341222 -0.039891684708109582 0.069776710518596671 0.007910157785045167 -0.047730895495325991 -0.017239887372567854 0.030304171933545756 -0.0010997977515791559 -0.034148252914402946 0.013684412398325249 0.031043444427810814 0.1140665534246243 -0.020497909377543283 0.022115374152676861 0.053800590275142446 0.01546347856784732 -0.034207896397900166 -0.0094999913503743851 0.025807465565059529 0.047362904437303774 0.029973031739083562 -0.054253883517547966 -0.0086904066392388037 -0.018256496529678208 0.011760314891256975 -0.0034681143188612599 -0.0029274018498047357 -0.0025332347026228138 0.0010864356010583951
leaf_weight=0.40752467092170519 3.2702710536268662 3.4330113639007314 0.81241388975467965 13.089186113333195 0.50752796244887477 4.6839242557593934 0.49086172150055085 1.5696771678558432 0.27162389106524631 0.37840914636399237 0.49934143339123693 1.0793771281460065 0.43514996293379171 0.55415347214511712 0.28979105732196331 1.0414708655021057 0.22880891645763757 1.0300621561582373 0.78424977545000729 0.49353852868080139 4.7668685755024853 0.20932476268353639 0.56915895404745243 0.21401888455147855 0.30352287990126647 0.34654000177579281 0.28047226195030805 0.21475824137178268
leaf_count=9036 26084 252 292 311412 11084 368 282 2827 77 37 967 227 31 29 11 1114 1118 73 982 2 15326 2156 3064 219 4002 293 78 936
internal_value=-0.00940432 0.00852374 -0.00354464 -0.0359813 -0.0176895 0.00305785 0.0315371 -0.00126987 0.0541544 -0.0272856 0.0711445 -0.0403031 -0.041856 0.0322361 -0.00615483 -0.0183315 -0.00340172 0.0883273 0.0364235 0.0192134 -0.0500257 0.0203315 -0.00610931 -0.0068034 -0.0470384 -0.0377512 -0.0314728 0.0141334
internal_weight=42.255 25.639 22.206 16.616 16.1786 8.88847 6.02739 2.84479 3.1826 4.20454 2.34182 7.29014 15.6544 0.961678 2.26164 1.82649 1.80172 1.5294 1.27511 0.722347 5.48842 0.587734 0.840783 0.721547 13.3927 3.61681 1.32194 0.504549
internal_count=392379 65730 65478 326649 56914 28938 8564 4091 4473 28570 1332 27976 317584 9065 2170 2139 1347 1040 1264 1120 26629 2193 3141 11303 315414 26377 1192 947
is_linear=0
shrinkage=0.05


Tree=66
num_leaves=31
num_cat=0
split_feature=18 49 43 50 41 34 18 21 45 34 19 38 43 17 47 27 17 39 48 47 16 49 39 26 23 39 19 17 49 17
split_gain=7.77447 3.83053 5.33688 2.86336 2.00871 2.28427 1.98096 2.08481 1.58838 1.08955 0.975683 0.919506 0.915424 1.23718 0.76994 0.313865 0.285394 0.26366 0.162686 0.155571 0.101262 0.0980506 0.079379 0.0615659 0.0589342 0.0422394 0.0357982 0.0322407 0.0264261 0.00107371
threshold=87.007671356201186 1.0000000180025095e-35 4.5000000000000009 23.531040191650394 5.5000000000000009 0.88562092185020458 92.031745910644545 91.596042633056655 0.34840443730354315 0.76696833968162548 99.333332061767592 4.5000000000000009 1.5000000000000002 95.040985107421889 134.50000000000003 2.5000000000000004 82.807880401611342 0.61250001192092907 11.500000000000002 105.50000000000001 99.367088317871108 16.500000000000004 0.61250001192092907 1.5000000000000002 70.678733825683608 0.90000000596046459 79.337715148925795 85.215545654296889 1.0000000180025095e-35 60.107526779174812
decision_type=2 2 2 2 2 2 2 2 2 2 2 2 2 2 2 2 2 2 2 2 2 2 2 2 2 2 2 2 2 2
left_child=3 2 12 9 5 11 7 -4 20 -1 -3 19 16 22 -7 17 -2 -15 27 28 -8 -21 23 29 -16 -13 -20 -6 -5 -14
right_child=1 10 6 4 18 14 8 -9 -10 -11 -12 25 13 15 24 -17 -18 -19 26 21 -22 -23 -24 -25 -26 -27 -28 -29 -30 -31
leaf_value=-0.016140879031989176 -0.013057712212868383 0.0082439069028943605 -0.014293175172564111 -0.0052933744607603431 -0.05133588837568516 0.045330466414271749 -0.028875706308947605 0.083277230138399827 0.022674621200181891 0.048676259663076121 0.06513956428431654 -0.0023943378499274555 0.0010293278020863494 -0.022156647003440125 -0.013750792429799742 0.016686272052414193 0.01846057852139665 0.0097135144750908967 -0.0075400173969955662 -0.040558196677101477 -0.0039799421917948588 0.0019977286642150864 -0.0014749052104142434 -0.051082433033344921 0.0034483519955127058 0.018162324723626454 0.0052316716070273852 -0.0009409387714340656 0.0055623625522158212 -0.0012583093385713164
leaf_weight=0.44791929599159874 0.34718837981563477 1.4289255076673719 0.39470285130300897 0.11839198779989901 12.733293357494398 0.90432965588661296 1.0825475843630559 1.0719135073413779 4.7481562010580092 0.61368210919317789 2.0927639445362729 0.050293515825614921 0.042428593391377833 0.80089501373004146 0.3176870337983928 0.56680965155464935 0.68089560512817116 0.31265859414997976 0.17089620080832979 3.3374905991245218 0.96766300004674111 0.045625211048900272 0.14608558265535965 4.4250572805162847 0.28366447491680447 0.35540546098491177 0.1043630624690195 0.06961661102104777 0.12544175599532537 0.02581068557992694
leaf_count=7617 395 350 2555 3644 275251 282 1463 386 404 1385 184 1742 176 1610 476 266 275 10 3140 73497 192 87 16 16237 14 4 38 340 297 414
internal_value=-0.0141359 0.00843644 -0.00310734 -0.0354311 -0.0401614 -0.0120456 0.0232034 0.0618696 0.00799796 0.0267643 0.0489828 -0.0300814 -0.0319366 -0.0382582 0.0289867 -0.000375716 0.0066265 -0.0128463 -0.0503665 -0.037496 -0.0222825 -0.0396594 -0.0494794 -0.0504875 -0.00855072 0.0157235 -0.00239239 -0.0511499 0.000273387 -0.000203874
internal_weight=38.8126 19.1345 15.6128 19.6781 18.6165 5.53833 8.26498 1.46662 6.79837 1.0616 3.52169 4.03265 7.34783 6.31975 1.50568 1.68036 1.02808 1.11355 13.0782 3.62695 2.05021 3.38312 4.63938 4.4933 0.601352 0.405699 0.275259 12.8029 0.243834 0.0682393
internal_count=392747 24933 24399 367814 358812 80043 5000 2941 2059 9002 534 79271 19399 18729 772 1886 670 1620 278769 77525 1655 73584 16843 16827 490 1746 3178 275591 3941 590
is_linear=0
shrinkage=0.05


Tree=67
num_leaves=27
num_cat=0
split_feature=18 44 43 44 23 50 50 13 45 19 19 43 16 2 29 47 24 34 43 17 27 19 18 17 19 17
split_gain=8.66484 5.88313 4.89776 3.58861 2.73009 2.31014 1.86882 2.03329 1.82347 1.0522 0.951376 0.757627 0.93236 0.736804 0.674788 0.531356 0.491286 0.406077 0.344269 0.387148 0.243546 0.219923 0.186287 0.099749 0.0136849 0.00608779
threshold=85.215545654296889 1.5000000000000002 4.5000000000000009 1.0000000180025095e-35 54.39137268066407 30.303404808044437 99.655174255371108 1.5000000000000002 0.34840443730354315 31.662488937377933 88.589511871337905 1.5000000000000002 85.215545654296889 1.5000000000000002 3.5000000000000004 103.50000000000001 99.704143524169936 0.95619046688079845 3.5000000000000004 92.40384674072267 2.5000000000000004 61.633426666259773 76.833633422851577 85.86789703369142 61.311826705932624 93.419914245605483
decision_type=2 2 2 2 2 2 2 2 2 2 2 2 2 8 2 2 2 2 2 2 2 2 2 2 2 2
left_child=3 -2 11 4 5 16 8 -8 10 17 13 12 -3 -4 22 23 -1 -5 -17 -20 25 24 -7 -13 -6 -21
right_child=1 2 6 9 21 14 7 -9 -10 -11 -12 15 -14 -15 -16 18 -18 -19 19 20 -22 -23 -24 -25 -26 -27
leaf_value=-0.0075200889311173927 0.055389685149876147 -0.026127885422140285 0.042195458415074043 -0.016326603511924866 -0.0047799749353148449 -0.044458963040453846 0.026072444606521552 -0.032297621197589568 0.058856109412896422 -0.048527140056469811 -0.024991631807252147 -0.0080275548842070801 0.023287522234603956 -0.013563653258259121 0.0122038704393145 -0.050593490448896355 0.052329499302610341 0.021335582018994267 -0.026279155602331961 0.00039055522491694282 0.019352345194139156 0.049755205914054579 0.0011881005411938097 0.01272846791322107 0.0033036026036849069 -0.011601964297999102
leaf_weight=0.16808917250455424 4.7930108909276923 0.86746452823536013 0.54260050044467767 0.45082285989701532 0.10145211903409279 2.7092048871868437 1.9647070240971518 2.0197879244879005 2.9229385747985361 13.412985703027514 0.96460915056741214 0.16266896707747935 0.95434579033098998 0.3523083718118869 0.22340866125887249 3.4890961067253556 0.2530690153616888 0.43726457316279266 0.99726270966493735 0.046375117603020044 0.48799997390051431 1.2512420512130118 0.18339907914923959 0.29029929121134046 0.066655452366831014 0.30104112382468884
leaf_count=1302 667 583 174 8280 1322 3278 134 842 860 348246 2043 501 350 2256 306 3490 9 134 15852 209 442 286 37 111 6 1504
internal_value=-0.00981465 0.0120728 -0.00307439 -0.0332693 0.00310368 -0.0202291 0.0213274 -0.00405955 0.0395228 -0.0452545 -0.00082192 -0.0304408 -0.00116274 0.0246706 -0.0360959 -0.0381424 0.0399592 0.00369573 -0.0419969 -0.0135476 0.00768781 0.0455783 -0.0420031 0.00487977 -0.00149054 -0.0108994
internal_weight=40.4141 21.1565 16.3635 19.2576 4.95652 3.53717 8.76695 3.98449 4.78246 14.3011 1.85952 7.59655 1.82181 0.894909 3.11601 5.77474 0.421158 0.888087 5.32178 1.83268 0.835416 1.41935 2.8926 0.452968 0.168108 0.347416
internal_count=393224 30018 29351 363206 6546 4932 6309 976 5333 356660 4473 23042 933 2430 3621 22109 1311 8414 21497 18007 2155 1614 3315 612 1328 1713
is_linear=0
shrinkage=0.05


Tree=68
num_leaves=26
num_cat=0
split_feature=20 44 8 34 44 24 18 7 35 16 37 19 17 24 13 48 48 47 27 44 16 16 50 21 47
split_gain=8.81385 6.90793 5.11722 2.7846 2.50092 1.96077 1.77789 2.02671 1.27834 1.25711 1.09919 0.77003 0.474014 0.456348 0.346524 0.259515 0.117865 0.0879926 0.0755087 0.05758 0.0492701 0.0337884 0.0314902 0.00993846 0.00109118
threshold=0.82545602321624767 1.0000000180025095e-35 1.0000000180025095e-35 0.91987180709838878 1.5000000000000002 88.32251358032228 91.715686798095717 1.0000000180025095e-35 1.0000000180025095e-35 27.334994316101078 1.0000000180025095e-35 99.333332061767592 91.393299102783217 92.921337127685561 1.5000000000000002 7.5000000000000009 11.500000000000002 173.50000000000003 2.5000000000000004 2.5000000000000004 95.101959228515639 92.63776016235353 48.529546737670906 75.204917907714858 159.50000000000003
decision_type=2 2 2 2 2 2 2 2 2 2 2 2 2 2 2 2 2 2 2 2 2 2 2 2 2
left_child=3 -2 4 16 5 -3 7 12 -8 -5 13 17 -4 -6 -13 23 -1 19 -16 -12 -21 -19 -20 -11 -24
right_child=1 2 6 9 10 -7 8 -9 -10 15 11 14 -14 -15 18 -17 -18 21 22 20 -22 -23 24 -25 -26
leaf_value=-0.047751456194320287 0.06562267992727143 -0.026076294536867946 -0.017668501643731814 0.032819618169092714 -0.015196710937952588 0.041361805001417368 0.032423746023270771 0.10087173432663638 -0.013145440724747205 -0.028696478893585339 -0.0062451025629622998 0.0046874960325533534 0.023807821370512881 0.023334449082769531 -0.025172171696435375 0.0082486949235381218 -0.0030518120105587051 -0.0076621198730693514 0.0058205311164165954 -0.04503556256817616 -0.00090508882823289337 0.0048139147751489753 -0.0060250308900864366 -0.0014356985697141908 1.0973428888862321e-05
leaf_weight=11.939102928447024 3.5692998379381633 0.86146222338357192 0.53991846139979205 1.24787236701195 0.43068809914620831 1.9619430608581749 2.2490718289300276 0.63043743793241447 2.1387705153392744 0.87258558634584893 0.4631335127487527 1.8131015048638803 0.24886879604309797 0.87315009724443371 1.2628453980996708 0.17617446983422258 0.29248300261315385 0.17398385931119253 0.1267330233931715 6.0631388159790731 0.10569973478413874 0.1136212177843845 0.20098998264984402 0.14583893646249635 0.075982559897965984
leaf_count=321215 249 608 7444 439 2278 56 188 582 224 1869 365 306 2 21 3801 31 4058 3155 13 45370 248 107 509 9 217
internal_value=-0.0086705 0.0100615 -0.00231047 -0.0378786 -0.0180573 0.019347 0.0339465 0.0690262 0.0118947 0.00816115 -0.0278939 -0.0330115 0.00141146 0.00953503 -0.00992049 -0.0208146 -0.046994 -0.0419044 -0.021611 -0.0430073 -0.0445111 -0.00282255 -0.000474466 -0.0274381 -0.00565728
internal_weight=38.5769 23.9028 20.3335 14.6741 14.5265 2.82341 5.80707 1.41922 4.38784 2.44247 11.7031 10.3992 0.788787 1.30384 3.47965 1.1946 12.2316 6.91958 1.66655 6.63197 6.16884 0.287605 0.403706 1.01842 0.276973
internal_count=393364 65743 65494 327621 57054 664 8440 8028 412 2348 56390 54091 7446 2299 4846 1909 325273 49245 4540 45983 45618 3262 739 1878 726
is_linear=0
shrinkage=0.05


Tree=69
num_leaves=18
num_cat=0
split_feature=18 8 24 23 18 24 48 1 7 29 34 40 33 50 20 16 23
split_gain=8.20822 2.45704 3.82979 2.75562 2.65812 2.4182 2.00742 1.46387 1.36382 1.15953 0.764506 0.412361 0.316496 0.254069 0.206165 0.114054 0.041998
threshold=84.273937225341811 1.0000000180025095e-35 83.922328948974624 83.457714080810561 91.715686798095717 99.704143524169936 3.5000000000000004 40.500000000000007 1.0000000180025095e-35 1.0000000180025095e-35 0.91987180709838878 1.0000000180025095e-35 0.77500000596046459 78.580017089843764 0.88633248209953319 99.367088317871108 67.962265014648452
decision_type=2 2 2 2 2 2 2 8 2 2 2 2 2 2 2 2 2
left_child=5 2 -2 9 8 10 11 -6 12 -4 -1 -7 -3 -13 16 -9 -11
right_child=1 4 3 -5 7 6 -8 15 -10 14 -12 13 -14 -15 -16 -17 -18
leaf_value=-0.046754516547893518 -0.039703477668894066 -0.013023531561489984 -0.036502309231732886 0.02944986600051628 0.028421135460976604 0.0025513436840202013 0.036508945989206495 -0.026770610627903781 0.10694655905173095 0.0036229662538868738 0.011211562405388318 -0.036645877012268686 0.022377485496199119 0.0058173328736809467 0.022748154750779369 -0.00071972567761638873 -0.010729890773488108
leaf_weight=12.73556611068534 3.5568404960231428 0.34668525784218107 2.1767581964759306 7.704320421347802 3.095901497930754 0.97798954613881495 1.263334877460238 0.90897761653468456 0.56352985041667125 0.22545434281073518 0.23237474398229174 1.6965418698523529 0.27041299626216642 0.12058933222215262 0.67702142383495811 0.6113723388989456 0.22996338115262915
leaf_count=352565 27963 2669 51 339 40 38 368 782 98 269 50 7747 64 90 74 32 231
internal_value=-0.0104679 0.0108157 -0.000716028 0.0141319 0.0356414 -0.0351153 -0.000913282 0.0114215 0.0816756 -0.020089 -0.0449875 -0.0229905 0.00673432 -0.0327632 0.0137831 -0.0207369 -0.00601724
internal_weight=37.3936 20.3672 14.5704 11.0135 5.79688 17.0264 4.05846 4.61625 1.18063 3.3092 12.9679 2.79512 0.617098 1.81713 1.13244 1.52035 0.455418
internal_count=393470 32612 28927 964 3685 360858 8243 854 2831 625 352615 7875 2733 7837 574 814 500
is_linear=0
shrinkage=0.05


Tree=70
num_leaves=32
num_cat=0
split_feature=18 24 39 16 0 43 7 19 23 39 43 43 37 35 1 43 50 47 32 27 39 50 33 34 1 1 47 25 1 20 20
split_gain=6.38955 4.74656 2.48474 3.24527 1.96752 1.7751 1.81012 1.76328 1.55079 1.11372 0.87858 1.92367 1.40642 1.1258 1.59566 0.633872 0.512006 0.310495 0.286562 0.272478 0.248058 0.143607 0.111547 0.0979509 0.049479 0.0488736 0.355803 0.0336416 0.0113177 4.03982e-05 0.000572875
threshold=84.273937225341811 99.704143524169936 0.77500000596046459 73.375530242919936 151.01722717285159 3.5000000000000004 1.0000000180025095e-35 85.880397796630874 84.680576324462905 0.90000000596046459 4.5000000000000009 1.5000000000000002 1.5000000000000002 1.5000000000000002 70.500000000000014 2.5000000000000004 91.683689117431655 108.50000000000001 0.81666666269302379 3.5000000000000004 0.46428571641445165 47.619503021240241 0.92857143282890331 0.9372549057006837 21.500000000000004 1.5000000000000002 149.50000000000003 2.5000000000000004 34.500000000000007 0.93925386667251598 0.90287086367607128
decision_type=2 2 2 2 2 2 2 2 2 2 2 2 2 2 8 2 2 2 2 2 2 2 2 2 8 8 2 2 8 2 2
left_child=1 23 3 5 9 27 22 -5 16 -3 11 25 13 14 -12 -13 -8 -14 -15 20 21 -17 -7 -1 -10 -9 -27 -2 -26 30 -29
right_child=2 4 -4 7 -6 6 8 10 24 -11 12 15 17 18 -16 19 -18 -19 -20 -21 -22 -23 -24 -25 28 26 -28 29 -30 -31 -32
leaf_value=-0.046190104209301655 -0.016785839652295683 -0.0098427632355245018 0.051283517097849313 -0.040217913737872091 -0.0068074292159686668 -0.014046828788521898 0.12197942436505543 0.028821482050000364 0.010249175471096187 0.0750169655687737 0.053868921472938591 -0.040185707810483209 0.0076491372588172405 0.010785915086344038 -0.017061304113773483 0.005345441141875149 0.0085080121034512134 -0.027275761332070061 -0.015576756550678078 0.017625908953492694 0.0098594036509071364 -0.024196542148810247 0.0079797825933348894 0.0017542267520062702 0.0016318151157436421 -0.014586068422678553 0.021954632722211962 -0.00083612459703513633 -0.0065923861089658298 0.001889317287148979 0.00084081752304137041
leaf_weight=11.948810059615198 0.44841068272945173 0.24508182465979089 2.1867832549905861 2.1287745082718166 3.6453636985311277 0.38610277413499705 0.42415913648801506 1.0354538376195683 0.27332754652525182 0.44895861652184976 2.4972435996587596 2.5333750384688756 0.38073553194772092 1.1070373549246142 0.51038890677409643 0.12991552561288677 0.27955894166734652 1.2954329857529954 1.0545207711111289 0.26452866658655683 0.35379517038927577 0.89646032157543232 0.15522425487142755 0.035087293832476329 0.15861420486726274 0.41787435976402787 0.29078817244953825 0.017004441073368071 0.14537008497791248 0.038273746948107146 0.02019196256333089
leaf_count=352315 1088 8094 200 7532 77 7215 923 30 63 64 311 1531 35 260 1004 47 581 1167 155 199 117 8605 30 3 36 304 196 458 462 5 35
internal_value=-0.00851798 -0.0306796 0.0106912 0.0030141 0.0121396 0.0476354 0.0643941 -0.00656847 0.0841704 0.0569298 0.0015557 -0.0115398 0.0129119 0.0248569 0.0405785 -0.028235 0.108354 -0.0194488 -0.00293414 -0.00159255 -0.0111338 -0.0196646 -0.00665135 -0.0459254 0.00468549 0.0241689 0.00448162 -0.0146624 -0.0043406 0.0018309 7.18557e-06
internal_weight=35.7526 16.3233 19.4293 17.2426 4.3394 2.34624 1.82236 14.8963 1.28103 0.69404 12.7676 5.92219 6.84536 5.16919 3.00763 4.17807 0.703718 1.67617 2.16156 1.6447 1.38017 1.02638 0.541327 11.9839 0.577312 1.74412 0.708663 0.523881 0.303984 0.0754702 0.0371964
internal_count=393142 360553 32589 32389 8235 10896 9310 21493 2065 8158 13961 11029 2932 1730 1315 10499 1504 1202 415 8968 8769 8652 7245 352318 561 530 500 1586 498 498 493
is_linear=0
shrinkage=0.05


Tree=71
num_leaves=28
num_cat=0
split_feature=18 44 43 13 46 39 16 31 20 24 39 33 47 23 21 43 50 19 47 23 33 33 23 24 43 47 43
split_gain=7.06616 5.85552 3.39273 3.50858 1.45418 1.37808 2.3542 1.13643 0.899256 0.876418 1.59657 0.646427 0.410885 0.352654 0.306814 0.407829 0.280767 0.212083 0.204424 0.154079 0.108257 0.0885729 0.0564161 0.0516215 0.0407581 0.027974 0.0119266
threshold=84.273937225341811 2.5000000000000004 4.5000000000000009 2.5000000000000004 16.500000000000004 0.90000000596046459 54.641149520874031 3.5000000000000004 0.8582085669040681 88.669517517089858 0.90000000596046459 0.81666666269302379 94.500000000000014 15.535444736480715 92.450141906738295 1.5000000000000002 23.531040191650394 91.734970092773452 151.50000000000003 60.49571609497071 0.64583334326744091 0.84523808956146251 13.484848499298097 95.940452575683608 2.5000000000000004 119.50000000000001 3.5000000000000004
decision_type=2 2 2 2 2 2 2 2 2 2 2 2 2 2 2 2 2 2 2 2 2 2 2 2 2 2 2
left_child=5 9 11 8 -5 13 7 16 -4 10 -2 12 -3 22 15 -14 -7 -10 25 23 -15 -20 -1 -8 -23 -13 -26
right_child=1 2 3 4 -6 6 19 -9 17 -11 -12 18 14 20 -16 -17 -18 -19 21 -21 -22 24 -24 -25 26 -27 -28
leaf_value=-0.007352588795936559 -0.02598118453501326 0.0036714028628266684 -0.01311777511622436 0.011734665561674566 -0.037910090630677851 0.0046279386214244473 -0.0070937720500731678 0.01665375384747116 0.058191307109545121 0.058227125727874675 0.04530748797250219 -0.00012607377620385196 0.015023990462560447 -0.049466106554853978 -0.048942228001580657 -0.022564504458698786 -0.043512600084592727 0.020541818421362965 0.018286873934808316 0.0407573995954 -0.011340274961953126 -0.0085759548408360069 0.0081508254459134576 0.0078328653072584631 0.0069205433772610977 -0.016221047906546136 -0.0017529236134803017
leaf_weight=0.16549008286528888 0.87934478799980087 0.34245241782082025 0.34385049060256268 1.8642640632679102 2.6100368613606406 0.13352249945819483 0.15222777520830255 0.5179338263496901 1.663738651677704 3.7327401706752426 0.36263111371226842 0.3507976513210449 0.36560724951050338 10.123857133818316 4.0365654366687522 0.69941648681196966 2.7237050010953681 2.5068856604739267 0.24882682978568482 0.77006534258589454 0.89971883414000409 0.17455659343249863 0.18844418413391395 0.17060423029397498 0.13259852994087851 0.45599516685433628 0.11245894566309289
leaf_count=2046 725 292 2144 186 4072 268 461 469 379 221 26 169 587 346161 9680 12402 5137 173 8 175 5017 86 706 23 3 1003 452
internal_value=-0.0132242 0.00594607 -0.00936637 0.010629 -0.0188601 -0.0373418 -0.0106736 -0.0300567 0.0379757 0.0482841 0.00575822 -0.0334042 -0.0402545 -0.0461062 -0.0433216 -0.0086341 -0.0406463 0.0439104 -0.00207485 0.0349462 -0.0475563 0.0111795 0.000825322 0.000752585 -0.00294785 -0.0131659 0.00472921
internal_weight=36.7283 20.8828 15.9081 8.98878 4.4743 15.8456 4.46806 3.37516 4.51447 4.97472 1.24198 6.91928 5.44404 11.3775 5.10159 1.06502 2.85723 4.17062 1.47523 1.0929 11.0236 0.668441 0.353934 0.322832 0.419614 0.806793 0.245057
internal_count=393071 32608 31636 6954 4258 360463 6533 5874 2696 972 751 24682 22961 353930 22669 12989 5405 552 1721 659 351178 549 2752 484 541 1172 455
is_linear=0
shrinkage=0.05


Tree=72
num_leaves=28
num_cat=0
split_feature=19 49 39 21 17 21 13 32 17 47 50 31 15 2 23 1 20 43 38 34 50 26 49 50 49 46 23
split_gain=6.77108 3.38594 2.83092 3.90246 2.36632 2.60187 1.74767 1.75778 1.38529 1.23403 1.07494 1.00164 0.964377 0.455428 0.446286 0.439592 0.373111 0.340074 0.290721 0.276404 0.251832 0.216925 0.157751 0.129843 0.109233 0.0485466 0.0379164
threshold=99.333332061767592 1.0000000180025095e-35 0.77500000596046459 56.966489791870124 85.215545654296889 91.734970092773452 2.5000000000000004 0.77500000596046459 95.040985107421889 113.50000000000001 99.655174255371108 3.5000000000000004 1.0000000180025095e-35 4.5000000000000009 15.535444736480715 11.500000000000002 0.33191312849521643 1.0000000180025095e-35 1.0000000180025095e-35 0.8441295623779298 23.531040191650394 2.5000000000000004 1.0000000180025095e-35 84.213130950927749 16.500000000000004 3.5000000000000004 13.484848499298097
decision_type=2 2 2 2 2 2 2 2 2 2 2 2 2 8 2 10 2 2 2 2 2 2 2 2 2 2 2
left_child=2 6 4 11 9 13 7 18 17 12 15 20 16 -6 26 25 -1 -7 -2 -12 -4 23 -18 -14 -16 -8 -11
right_child=1 -3 3 -5 5 8 10 -9 -10 14 19 -13 21 -15 24 -17 22 -19 -20 -21 -22 -23 -24 -25 -26 -27 -28
leaf_value=0.011916819282676478 0.0057133172976217995 0.065228614922327066 0.0045434010080727108 0.04837390083607291 0.04422848954156379 0.0011634921085918795 0.0026791194812674662 0.042805125010562342 0.016546902216109324 -0.0050254126336609448 -0.037365761534880117 0.016389976274183062 -0.0022918718014153386 -0.0078290636472044123 -0.049676683490214021 0.027821202828027781 -0.029830571564316621 -0.044377867113595107 -0.025309707471303552 0.0032580290859073576 -0.040526250268757176 -0.0043346462696811352 0.003833133217293944 0.047839642939988547 0.0017401072527683096 -0.014648894353663178 0.0082397888491361881
leaf_weight=0.22300491616625251 0.78787407153867917 2.2623037411576652 0.13445739547751134 2.1389458901903708 1.4054091126345143 0.40887531729458793 0.19712296350917335 2.7714277289051097 0.92216899348932191 0.10765503293441625 2.2356077270778774 0.51641021123577946 0.04803158270442498 0.18552310568520636 12.028006796180986 0.69706687301913917 1.3328929440367572 2.411754829061465 0.78589990407817822 0.30708978092297901 2.3317776213402794 0.093484806873675552 0.16420733932864084 0.022048888038625591 0.037141072361919991 0.3841893098615401 0.18478131566780576
leaf_count=431 116 190 282 315 288 16 44 97 425 1701 4522 470 1521 2567 335300 124 31627 2180 634 9 5565 1742 1963 136 46 515 586
internal_value=-0.0102773 0.0221155 -0.0242841 0.00764945 -0.0326049 -0.00329271 0.00435869 0.0236568 -0.0248717 -0.0426467 -0.0179415 -0.0263685 -0.00305236 0.0374792 -0.0480018 0.0132308 -0.0185855 -0.0391996 -0.0135932 -0.0329247 -0.0374672 0.0358834 -0.0260818 0.0434477 -0.0493973 -0.0107946 0.00324652
internal_weight=35.1252 10.4286 24.6966 5.12159 19.575 5.33373 8.16628 4.3452 3.7428 14.2413 3.82108 2.98265 1.88367 1.59093 12.3576 1.27838 1.72011 2.82063 1.57377 2.5427 2.46624 0.163565 1.4971 0.0700805 12.0651 0.581312 0.292436
internal_count=393412 6251 387161 6632 380529 5476 6061 847 2621 375053 5214 6317 37420 2855 337633 683 34021 2196 750 4531 5847 3399 33590 1657 335346 559 2287
is_linear=0
shrinkage=0.05


Tree=73
num_leaves=24
num_cat=0
split_feature=2 39 43 24 0 44 18 18 13 0 33 13 47 43 46 2 12 47 47 47 47 47 47
split_gain=5.7166 4.40369 4.15406 3.74094 2.03137 1.42503 1.29926 1.53187 1.13804 0.971115 0.782918 0.756173 0.731334 0.40762 0.406877 0.243016 0.212663 0.123817 0.0963027 0.0483484 0.0409644 0.0308267 0.0146552
threshold=4.5000000000000009 0.77500000596046459 4.5000000000000009 95.940452575683608 151.01722717285159 2.5000000000000004 92.031745910644545 84.273937225341811 6.5000000000000009 101.58581161499025 0.81666666269302379 58.500000000000007 103.50000000000001 2.5000000000000004 75.500000000000014 3.5000000000000004 1.5000000000000002 173.50000000000003 148.50000000000003 151.50000000000003 119.50000000000001 174.50000000000003 149.50000000000003
decision_type=8 2 2 2 2 2 2 2 2 2 2 2 2 2 2 10 2 2 2 2 2 2 2
left_child=1 2 5 -2 9 -1 7 -4 -8 -5 12 -10 -7 -12 -9 17 -16 -14 -17 20 -15 -19 -20
right_child=3 -3 6 4 -6 10 8 14 11 -11 13 -13 15 19 16 18 -18 21 22 -21 -22 -23 -24
leaf_value=0.0055052481618896899 -0.046132014548301237 0.05877325689994059 -0.014385702641591122 -0.0095245174008955144 -0.011367251412883977 0.01048072804767599 0.023334818531884301 0.01458074049625455 -0.030852354947753621 0.0696577195102102 -0.018189092783868117 0.010875771108395807 -0.050751039461517669 0.006464639010714388 0.093203847790084199 -0.011943400000906775 0.012200884062218781 0.004685618912699893 0.009758444037598471 0.02028406299202145 -0.0068300215388476422 -0.0073051620624691206 -0.0016813349858222409
leaf_weight=2.8496615705535113 10.227113357350389 2.667348929160652 0.40380855378498415 0.23529860910730249 3.4525348724391733 0.27126811010202789 3.9005033084577008 0.90467430058924925 1.4467705385468437 0.4691071119686967 0.6404219840042058 1.2489879368404215 4.2463046515258611 0.16127992480323883 0.3890965216778568 0.27562186095019559 0.45528472131263698 0.096595271252226556 0.18079819293052424 0.45180358735888149 0.15757883249352744 0.15733340807491913 0.034795663925251574
leaf_count=359 351277 173 11542 8879 96 946 190 203 171 298 179 361 12248 67 275 2691 449 68 94 220 489 598 1450
internal_value=-0.00786262 0.00876811 -0.00120224 -0.0310694 0.00774799 -0.0229293 0.0223738 0.0490988 0.0083361 0.0531382 -0.0342058 -0.0138075 -0.041787 -0.000326967 0.0636569 -0.0459028 0.0798235 -0.049011 -0.00365631 0.016406 -0.000302559 -0.00264471 0.00804785
internal_weight=35.324 20.9399 18.2726 14.3841 4.15694 9.52346 8.74913 2.15286 6.59626 0.704406 6.6738 2.69576 5.26272 1.41108 1.74906 4.99145 0.844381 4.50023 0.491216 0.770662 0.318859 0.253929 0.215594
internal_count=393323 32773 32600 360550 9273 19409 13191 12469 722 9177 19050 532 18095 955 927 17149 724 12914 4235 776 556 666 1544
is_linear=0
shrinkage=0.05


Tree=74
num_leaves=25
num_cat=0
split_feature=44 20 39 38 29 1 35 12 8 20 18 33 23 18 46 17 47 17 47 27 0 0 44 18
split_gain=6.90134 5.58409 3.87857 3.40717 2.52305 1.98765 1.60276 1.28263 1.3683 1.11614 1.01526 0.935061 0.711516 0.394682 0.3938 0.280694 0.259104 0.254454 0.199285 0.187356 0.184122 0.278077 0.156685 0.142041
threshold=4.5000000000000009 0.82545602321624767 0.77500000596046459 1.5000000000000002 1.0000000180025095e-35 1.5000000000000002 1.5000000000000002 1.5000000000000002 1.0000000180025095e-35 0.92222753167152416 90.070423126220717 0.81666666269302379 30.094339370727543 87.585617065429702 34.500000000000007 99.367088317871108 124.50000000000001 92.40384674072267 108.50000000000001 2.5000000000000004 75.821289062500014 1.0000000180025095e-35 1.5000000000000002 99.367088317871108
decision_type=2 2 2 2 2 8 2 2 2 2 2 2 2 2 2 2 2 2 2 2 2 2 2 2
left_child=1 5 3 6 15 12 7 8 20 13 22 -2 -1 -8 -11 -5 -14 -13 -9 -19 21 23 -6 -3
right_child=11 2 -4 4 10 -7 9 18 -10 14 -12 17 16 -15 -16 -17 -18 19 -20 -21 -22 -23 -24 -25
leaf_value=0.027060961410715539 -0.04623638227507678 -0.0066930680487413477 0.06417327197718134 -0.048292296306548473 0.0055488033731828021 -0.042928650913788467 -0.0080158008387925909 0.0095894119028229544 0.070796015339369703 0.00078929835268208104 0.043673724225708158 -0.015192634935323624 0.0086824726157046141 0.039591684631780685 -0.029859888048450897 -0.0088187201497618561 -0.023254849561752475 -0.0079671430503251497 -0.017977322254304911 0.021668938932582853 0.022678526572440169 -0.016349908466050816 -0.019560457151817111 0.020244761274042577
leaf_weight=1.1753054080022622 7.9368033878117767 0.15277139276804719 3.2758447049782253 2.51578216900998 0.46378704579365126 4.8939715219314621 0.19079112275176136 0.31655932965622913 2.4021533983523113 2.0532116523463633 0.85088037131936289 0.35161299178798777 0.33933905814228615 0.82991564742587798 1.0396276452029267 1.1207614704180744 0.80648977364421626 0.18944255602036719 0.55665361254432355 0.53845216157060349 1.6426068566997853 0.47284435762776411 0.52629635972607502 0.47989383914864447
leaf_count=176 243310 1225 263 567 296 128539 5195 131 1284 92 328 53 274 313 546 182 856 1321 3692 267 36 720 3218 158
internal_value=-0.00557561 0.00769139 0.02177 0.00954701 -0.0199746 -0.027332 0.0258601 0.0403779 0.0486081 0.000862638 0.0208035 -0.0409212 0.00857688 0.0311299 -0.0142916 -0.0406526 -0.0141581 0.00159923 -0.00819951 0.0138088 0.0154995 -0.000872164 -0.0109205 0.0136247
internal_weight=35.1218 26.1055 18.8904 15.6145 5.47751 7.21511 10.137 6.02348 5.15027 4.11355 1.84096 9.01631 2.32113 1.02071 3.09284 3.63654 1.14583 1.07951 0.873213 0.727895 2.74812 1.10551 0.990083 0.632665
internal_count=393042 148091 18246 17983 4591 129845 13392 7246 3423 6146 3842 244951 1306 5508 638 749 1130 1641 3823 1588 2139 2103 3514 1383
is_linear=0
shrinkage=0.05


Tree=75
num_leaves=32
num_cat=0
split_feature=44 20 50 39 16 16 18 50 39 31 47 1 47 47 43 16 40 1 21 17 20 34 9 17 20 21 18 13 23 13 20
split_gain=5.26159 3.27904 3.11566 2.12064 2.37854 3.03441 2.04951 1.509 1.24692 1.0793 0.969619 0.60557 0.700771 0.506455 0.475213 0.462161 0.424649 0.386295 0.290676 0.257443 0.138984 0.134924 0.0448913 0.0236741 0.0226039 0.0184177 0.0123398 0.0103832 0.00963176 0.00222623 0.000933203
threshold=4.5000000000000009 0.83998626470565807 23.531040191650394 0.77500000596046459 72.04651260375978 83.910789489746108 84.273937225341811 87.516765594482436 0.18333333730697635 3.5000000000000004 128.50000000000003 70.500000000000014 139.50000000000003 94.500000000000014 1.5000000000000002 99.367088317871108 1.0000000180025095e-35 1.5000000000000002 78.19293594360353 95.040985107421889 0.48275209963321691 0.95619046688079845 1.0000000180025095e-35 20.126582145690922 0.83377414941787731 77.849929809570327 75.582656860351577 63.500000000000007 99.090908050537124 72.500000000000014 0.83572253584861766
decision_type=2 2 2 2 2 2 2 2 2 2 2 8 2 2 2 2 2 8 2 2 2 2 2 2 2 2 2 2 2 2 2
left_child=1 2 17 4 6 18 -3 -8 10 16 -7 -12 -13 22 -10 -15 20 -1 25 24 -4 -11 -2 -22 -18 -6 -25 -20 -9 -29 -26
right_child=13 3 9 -5 5 8 7 28 14 21 11 12 -14 15 -16 -17 19 -19 27 -21 23 -23 -24 26 30 -27 -28 29 -30 -31 -32
leaf_value=0.052180244026038894 -0.0044746287635546609 -0.017834479609158124 -0.01193527549809815 0.048912787683095184 -0.0032622385652200389 -0.002954065930284527 0.10293301111445835 0.0012635339954501993 0.0076579020737340331 -0.0062137955177243003 0.044026713314273776 0.024341833001867326 -0.020671152205414219 -0.046144826252056653 -0.02762824238632676 0.0016757431298269629 -0.044067505127472359 -0.0057673887830683966 -0.048341585529801757 0.0047073556972506017 0.013664871456583863 0.021059722196320629 0.010814188358478215 -0.0044201762009392839 0.00057823449476158517 0.0064141576191125236 0.0032361099356326712 -3.042039850993177e-05 0.012913196073908735 -0.0064551702167234132 -0.0018598454478263107
leaf_weight=0.52496546562543045 0.098282923057921745 0.51525497198236081 0.24203780546304443 2.671939795727666 0.069774324630088258 2.6517040411763428 0.35921815562505788 0.46905124963086542 0.96363919902796658 0.13398268530545454 2.7162582544297038 0.79319148039212428 0.68637069609940227 7.6234357939592865 1.5526687521378333 0.46377098474840739 5.7345466258921052 0.13038127611071104 2.1640326646229373 0.095072288429946528 0.22247713804244995 0.41943177479060978 0.19871517010324169 0.089555349879901769 0.050273353072043281 0.12460214838756656 0.066707311532809399 0.16365507186310413 0.59685340325086145 0.14291678823974507 0.038609405686656828
leaf_count=58 3985 8835 285 227 1430 264 293 394 128 2694 172 252 740 240078 399 1408 123991 3791 1234 6 1 9 11 635 472 22 25 127 116 379 903
internal_value=-0.00946014 0.00267533 -0.0224653 0.0149906 0.00566808 -0.00387716 0.0460353 0.0669595 0.0102403 -0.0333116 0.0205947 0.0331815 0.00354512 -0.0412848 -0.0157803 -0.0435199 -0.0387872 0.044132 -0.0427407 -0.0423421 0.000318912 0.0147073 0.00620566 0.0111268 -0.0436876 0.00311754 -0.0011797 -0.0462074 0.0108798 -0.00567372 -0.00121625
internal_weight=32.7734 24.3892 7.74804 16.6411 13.9692 12.0288 1.94038 1.42512 9.36383 7.09269 6.84752 4.19582 1.47956 8.3842 2.51631 8.08721 6.53928 0.655347 2.66498 5.9185 0.620778 0.553414 0.296998 0.37874 5.82343 0.194376 0.156263 2.4706 1.0659 0.306572 0.0888828
internal_count=393364 147882 132870 15012 14785 5147 9638 803 1955 129021 1428 1164 992 245482 527 241486 126318 3849 3192 125372 946 2703 3996 661 125366 1452 660 1740 510 506 1375
is_linear=0
shrinkage=0.05


Tree=76
num_leaves=27
num_cat=0
split_feature=44 7 50 25 38 31 50 44 41 11 43 17 18 34 0 13 49 28 28 47 23 17 49 1 17 48
split_gain=7.02812 4.54961 2.49242 2.25054 1.93447 2.6939 1.43185 1.08648 0.947905 0.809431 0.794895 0.650759 0.636545 0.579172 0.387228 0.273297 0.327349 0.228186 0.219429 0.163774 0.143062 0.136279 0.0121057 0.0091059 0.00289874 1.17198e-05
threshold=4.5000000000000009 1.0000000180025095e-35 23.531040191650394 3.5000000000000004 1.5000000000000002 1.0000000180025095e-35 99.655174255371108 1.5000000000000002 2.5000000000000004 inf 1.0000000180025095e-35 89.022754669189467 81.53021621704103 0.70710784196853649 112.80730438232423 65.500000000000014 2.5000000000000004 1.0000000180025095e-35 1.5000000000000002 138.50000000000003 91.06858062744142 99.367088317871108 14.500000000000002 1.5000000000000002 80.788658142089858 18.500000000000004
decision_type=2 2 2 2 2 2 2 2 2 8 2 2 2 2 2 2 2 2 2 2 2 2 2 8 2 2
left_child=1 2 14 8 6 10 9 -7 13 11 -6 12 24 23 -1 22 -17 -5 -19 -15 -9 -2 -10 -4 -3 -24
right_child=21 4 3 17 5 7 -8 20 15 -11 -12 -13 -14 19 -16 16 -18 18 -20 -21 -22 -23 25 -25 -26 -27
leaf_value=-0.0058270169548116316 -0.045844697597523132 -0.0055812448610399034 0.00016143636023918597 -0.0067716636298919101 0.0040004638438652252 0.0529018806752138 0.010961427807095424 -0.017289273364324231 -0.044878325321158589 -0.0093738055135390713 -0.0432702998894006 0.021156800702872128 0.074432941230388031 0.024188449763167048 0.051889118330733147 -0.019669776310837599 0.014590213754873 0.032848332514863264 -0.0057008823823771985 -0.0028505793301355879 0.0080576086237238356 -0.0033039165525155512 6.5132784925476625e-05 -0.02256450605449864 0.00060021679316596887 -0.00022113428708297447
leaf_weight=0.13190471921552749 7.3425160660895008 0.12558950564380156 0.030701088898011597 0.17098260695274703 1.0911620947408676 1.2128240049187295 4.1105062278074911 0.4516504166949743 5.6957659455558769 0.22940403440770651 1.7076652687064777 2.2504484559358389 2.8267361868438456 0.63983778252259049 0.51028908710395626 0.61391756578768752 0.30559592688905468 1.1588904611926407 0.12868629114018393 0.56322614613054611 0.16744876192387892 0.35869857977741038 0.0089733535678532261 0.8012279200379453 0.016111411097881501 0.013148174444722827
leaf_count=3779 243928 4258 135 177 103 313 376 3863 99397 2526 545 183 701 206 29 8049 334 1860 6495 226 42 1515 165 13829 11 331
internal_value=-0.00571061 0.00749952 -0.0161634 -0.0235439 0.0253465 -0.00131855 0.0371658 0.035796 -0.032941 0.0521701 -0.0286393 0.0559476 0.0703458 -0.00173588 0.0437049 -0.0410283 -0.00661442 0.0230021 0.0281877 0.0159818 -0.00969128 -0.0444707 -0.0447541 -0.0220955 -0.00496829 -0.000154898
internal_weight=32.6639 24.9627 10.7731 10.131 14.1895 4.63075 9.5588 1.83192 8.67239 5.44829 2.79883 5.21889 2.96844 2.03499 0.642194 6.6374 0.919513 1.45856 1.28758 1.20306 0.619099 7.70121 5.71789 0.831929 0.141701 0.0221215
internal_count=393376 147933 135012 131204 12921 4866 8055 4218 122672 7679 648 5153 4970 14396 3808 108276 8383 8532 8355 432 3905 245443 99893 13964 4269 496
is_linear=0
shrinkage=0.05


Tree=77
num_leaves=28
num_cat=0
split_feature=20 44 38 50 23 12 16 39 16 17 2 16 50 24 49 18 43 44 25 16 13 47 33 48 33 18 27
split_gain=6.44806 6.07352 5.31269 2.75232 1.7091 1.67338 1.24624 0.782676 0.777326 0.770237 0.723954 0.655125 0.626838 0.449253 0.678464 0.426872 0.451145 0.440532 0.400283 0.344374 0.207915 0.199484 0.096663 0.142788 0.0731866 0.0045913 0.00113696
threshold=0.82545602321624767 1.5000000000000002 1.0000000180025095e-35 23.531040191650394 86.72955703735353 1.5000000000000002 87.939392089843764 0.46428571641445165 83.910789489746108 18.301435470581058 2.5000000000000004 18.350168228149418 99.655174255371108 88.669517517089858 1.0000000180025095e-35 92.40384674072267 2.5000000000000004 4.5000000000000009 2.5000000000000004 19.560019493103031 1.5000000000000002 122.50000000000001 0.64583334326744091 3.5000000000000004 0.81666666269302379 93.44086074829103 2.5000000000000004
decision_type=2 2 2 2 2 2 2 2 2 2 8 2 2 2 2 2 2 2 2 2 2 2 2 2 2 2 2
left_child=3 13 4 7 5 10 20 -1 -4 19 -3 -11 -8 14 -2 17 21 -10 25 -5 -6 -17 -13 -24 26 -18 -20
right_child=1 2 8 9 6 -7 12 -9 15 11 -12 22 -14 -15 -16 16 18 -19 24 -21 -22 -23 23 -25 -26 -27 -28
leaf_value=-0.012342477671082574 -0.016970184895974207 0.076226350623645731 -0.04338528772495346 -0.01567448136789391 0.0031176840743593385 -0.013988846523153315 0.033887495819696127 0.048073249431768335 0.021887654060055609 0.0094987864832292331 -0.0061383771575031438 -0.046644109805017694 0.0011219487128108407 0.063847626007785943 0.030602019145460485 -0.0007507982070373031 -1.2539740905940191e-05 -0.015656280528864277 0.00036750677049942915 0.019337426153562164 -0.028614473437647558 -0.035703385859029567 -0.017753261059395377 0.0068367168618041199 0.022486531951529679 -0.016174758852966587 -0.0031327576950332852
leaf_weight=0.3127611914096623 0.41095049252544658 1.6241719136523916 3.6079581067820055 0.37699264716070402 0.44418145061536041 0.38673120349631052 2.5103983518529276 0.54974717838013021 0.93396975356881717 0.25994424469808919 0.13992869021785748 8.1601138546363892 2.6200013783090981 4.0179779714671895 0.96855868842794735 0.53968347016234552 0.046806180111161444 0.41718765978748706 0.056198624222815852 0.46300380135130581 1.11843114684234 1.5102814351603226 0.64928176341072763 0.26625529503689904 0.58218023851441103 0.5675607768480404 0.065477810278025572
leaf_count=7866 422 544 45003 475 136 6910 240 1222 389 722 3570 308452 219 244 267 54 188 2453 307 289 632 694 8055 307 252 2651 626
internal_value=-0.00106882 0.0141683 -0.00125238 -0.0308117 0.0244355 0.0551077 0.00869682 0.0313012 -0.0282286 -0.0384063 0.069836 -0.0421766 0.0200672 0.0557537 0.0152543 -0.0110816 -0.0191204 0.00856692 0.0031317 0.00364516 -0.0218977 -0.0297648 -0.0444526 -0.0107662 0.0191495 -0.0157139 -0.00262975
internal_weight=33.6067 22.5686 17.1711 11.0381 8.84384 2.15083 6.69301 0.862508 8.3273 10.1756 1.7641 9.3356 5.1304 5.39749 1.37951 4.71935 3.36819 1.35116 1.31822 0.839996 1.56261 2.04996 9.07565 0.915537 0.703857 0.614367 0.121676
internal_count=393189 65801 64868 327388 12251 11024 1227 9088 52617 318300 4114 317536 459 933 689 7614 4772 2842 4024 764 768 748 316814 8362 1185 2839 933
is_linear=0
shrinkage=0.05


Tree=78
num_leaves=15
num_cat=0
split_feature=33 24 39 8 24 18 0 47 34 45 17 39 47 16
split_gain=6.69923 2.13807 1.77801 2.1087 1.9802 1.66979 0.990318 0.66082 0.474288 0.452791 0.550723 0.446994 0.479089 0.402156
threshold=0.64583334326744091 99.704143524169936 0.77500000596046459 1.0000000180025095e-35 92.921337127685561 91.715686798095717 151.01722717285159 145.50000000000003 0.92582416534423839 0.46497246623039251 99.367088317871108 0.61250001192092907 94.500000000000014 76.028167724609389
decision_type=2 2 2 2 2 2 2 2 2 2 2 2 2 2
left_child=1 8 3 4 11 7 13 -5 -1 10 -7 12 -2 -3
right_child=2 6 -4 5 -6 9 -8 -9 -10 -11 -12 -13 -14 -15
leaf_value=-0.04502597199371354 0.0073048195490573098 -0.0083257295547326787 0.050486124795824296 0.075565702240640409 0.0099428705310577008 -0.020456427673484743 -0.013864558193220099 -0.0058600020176088428 0.0080063093028896956 0.023534148214824815 0.013158021212954105 0.0076823573517247491 -0.040741838189424805 0.039457221795777223
leaf_weight=9.6555704648746961 0.2787124038732135 0.19975078967126947 1.7606044040003332 0.8379915519217328 6.0336746104267149 1.2891755406762968 3.8684814244907102 0.13142153999615402 0.15088354589079322 2.0521339143160731 1.6362186857732013 0.30946789900735883 3.2651262912049788 0.60427934041126719
leaf_count=361710 236 8202 190 1087 273 422 99 656 13 21 44 27 19575 54
internal_value=-0.00719201 -0.0313167 0.0132774 0.00638674 -0.00775547 0.0276305 -0.00250114 0.0671566 -0.0435446 0.00998547 -0.00309292 -0.0318069 -0.0361871 0.0295514
internal_weight=32.0735 14.479 17.5945 15.8339 9.88698 5.94694 4.67251 0.969413 9.80645 4.97753 2.92539 3.85331 3.54384 0.80403
internal_count=392609 370078 22531 22341 20111 2230 8355 1743 361723 487 466 19838 19811 8256
is_linear=0
shrinkage=0.05


Tree=79
num_leaves=27
num_cat=0
split_feature=44 24 43 2 21 24 1 16 21 19 19 35 47 47 34 41 43 27 16 41 47 34 34 26 47 41
split_gain=5.6044 7.32747 4.10281 2.45103 1.65485 1.10051 0.953111 0.818269 0.702434 0.788482 0.644431 0.470682 0.416215 0.488288 0.383257 0.232337 0.166498 0.209299 0.158973 0.137 0.127543 0.124622 0.0498409 0.0191836 0.0128993 0.00217526
threshold=1.5000000000000002 87.821357727050795 4.5000000000000009 1.5000000000000002 28.035087585449222 95.940452575683608 40.500000000000007 85.215545654296889 92.450141906738295 99.333332061767592 27.429467201232914 1.0000000180025095e-35 145.50000000000003 125.50000000000001 0.54356062412261974 45.500000000000007 2.5000000000000004 2.5000000000000004 23.132664680480961 4.5000000000000009 96.500000000000014 0.91987180709838878 0.54772728681564342 1.5000000000000002 101.50000000000001 14.500000000000002
decision_type=2 2 2 8 2 2 10 2 2 2 2 2 2 2 2 2 2 2 2 2 2 2 2 2 2 2
left_child=1 14 7 6 18 -5 11 10 21 -10 23 15 13 20 -1 -4 -11 24 -3 -15 -13 -9 -16 -2 -18 -21
right_child=2 4 3 5 -6 -7 -8 8 9 16 -12 12 -14 19 22 -17 17 -19 -20 25 -22 -23 -24 -25 -26 -27
leaf_value=-0.037303878187835884 0.010553429108763432 0.014506902800357198 0.015835936951715406 -0.036793891273163161 0.070273364441549482 0.015935727527591807 -0.018567803925667915 -0.0052390520238502726 -0.040090871101693813 -0.0088338480331182252 -0.047296028579434296 0.0071184331507255496 -0.015710103843953608 0.035725411423729182 0.011089674417907806 0.055639394966847881 0.0014457105571337326 0.021413068700891102 -0.0075991615491380095 -0.00077901046429779304 -0.013815683417188883 0.022557369511642375 -0.0048432125540634145 -0.0020107711769284035 -0.0097549544763169682 0.0025930474495299942
leaf_weight=2.4119043679056653 0.2106225512607115 0.75036306796755503 1.8794314182559893 2.6618287540804899 4.2291884035184921 0.71133164247112279 0.55916986001466273 0.11678845514507097 1.4792752549674333 0.82617391204621526 8.0145244162265481 0.4816709781043762 0.43876484700740537 1.0062329679058164 0.19664296987230034 1.04863605852006 0.037174080316617619 0.58893629021986271 0.66568857198353726 0.19224572573330068 0.63806620940158609 0.57790507968093152 0.10242426672220972 0.041899186032424041 0.24176953841015347 0.26833947285194881
leaf_count=19384 398 52 398 74126 946 242 385 3522 1916 397 282428 62 800 205 64 333 22 514 379 214 464 8 1984 1737 1778 512
internal_value=-0.00492931 0.0278811 -0.0180501 0.00574312 0.057215 -0.024573 0.0226261 -0.0363946 -0.0128134 -0.0220731 -0.0448546 0.0286091 0.00977478 0.0172728 -0.0321604 0.0406264 0.00270147 0.012533 0.00527079 0.0300118 -0.00570063 0.0175504 0.00610523 0.00852775 -0.008299 0.00161585
internal_weight=30.377 8.35621 22.0208 9.88572 5.64524 3.37316 6.51256 12.1351 3.86802 3.17333 8.26705 5.95339 3.02532 2.58656 2.71097 2.92807 1.69405 0.86788 1.41605 1.46682 1.11974 0.694694 0.299067 0.252522 0.278944 0.460585
internal_count=393270 22809 370461 77741 1377 74368 3373 292720 8157 4627 284563 2988 2257 1457 21432 731 2711 2314 431 931 526 3530 2048 2135 1800 726
is_linear=0
shrinkage=0.05


Tree=80
num_leaves=16
num_cat=0
split_feature=44 24 0 8 6 35 17 13 17 25 27 41 11 47 47
split_gain=4.26565 3.20207 6.06711 4.85627 2.00639 1.90398 1.8027 1.02135 0.725099 0.565697 0.430279 0.273796 0.119302 0.0593536 0.00114668
threshold=4.5000000000000009 87.821357727050795 151.01722717285159 1.0000000180025095e-35 1.0000000180025095e-35 1.5000000000000002 82.807880401611342 1.5000000000000002 92.40384674072267 3.5000000000000004 3.5000000000000004 10.500000000000002 -0.83677384257316578 121.50000000000001 105.50000000000001
decision_type=2 2 2 2 2 2 2 2 2 2 2 2 8 2 2
left_child=1 3 11 -1 -5 6 12 9 -2 -7 -10 -3 -6 14 -13
right_child=8 2 -4 4 5 7 -8 -9 10 -11 -12 13 -14 -15 -16
leaf_value=-0.043349068461963659 -0.043566873188195229 0.076894393913325185 -0.0043331494809466789 -0.027687350313574322 0.10258790860231437 0.032074558733695128 0.015303120119366876 -0.029647200023821915 -0.01645840238904445 -0.014670384443529048 0.020874891520356556 0.00036156687217687739 0.012721786475865214 0.018343634505172044 -0.0033596426784650978
leaf_weight=5.3287147107300878 5.5827314110529178 2.7723818797867339 6.8792672626509557 1.2361688979071912 0.29787832686270121 0.91068238948901148 2.5903908548170875 1.0988836367023394 0.76244166275318981 0.27814882334951108 0.37310288382650469 0.038850333527989167 0.37186323277546796 0.71417566131731292 0.067834487934305798
leaf_count=93983 243101 2020 329 44412 615 924 96 782 2424 211 71 225 818 3156 426
internal_value=-0.00506127 0.00567128 0.0247692 -0.0114703 0.015922 0.0283835 0.0482481 -0.00598977 -0.0372017 0.019432 -0.000160896 0.069299 0.0901931 0.0155049 -0.0029023
internal_weight=29.3035 22.5852 10.4725 12.1127 6.78402 5.54785 3.26013 2.28771 6.71828 1.18883 1.13554 3.59324 0.669742 0.82086 0.106685
internal_count=393593 147997 6156 141841 47858 3446 1529 1917 245596 1135 2495 5827 1433 3807 651
is_linear=0
shrinkage=0.05


Tree=81
num_leaves=26
num_cat=0
split_feature=20 39 1 47 19 23 46 41 19 0 8 41 17 33 45 16 46 48 37 44 49 16 0 46 2
split_gain=4.44327 4.55111 1.79091 1.77618 1.44035 1.39662 0.959929 1.11215 1.36934 0.936912 1.00547 0.780766 0.623045 0.524745 0.45188 0.439868 0.339344 0.333338 0.158455 0.127286 0.124682 0.0867405 0.0308843 0.0281728 0.010751
threshold=0.82545602321624767 0.77500000596046459 2.5000000000000004 105.50000000000001 99.333332061767592 30.094339370727543 143.50000000000003 4.5000000000000009 93.908470153808608 63.314989089965827 1.0000000180025095e-35 2.5000000000000004 83.424911499023452 0.64583334326744091 0.53298351168632518 91.820003509521499 144.50000000000003 7.5000000000000009 6.5000000000000009 1.5000000000000002 6.5000000000000009 27.072835922241214 151.01722717285159 34.500000000000007 1.5000000000000002
decision_type=2 2 8 2 2 2 2 2 2 2 2 2 2 2 2 2 2 2 2 2 2 2 2 2 8
left_child=2 3 5 11 6 21 7 8 12 10 18 -2 19 22 23 20 -8 24 -6 -5 -9 -1 -13 -14 -7
right_child=1 -3 -4 4 9 17 16 15 -10 -11 -12 13 14 -15 -16 -17 -18 -19 -20 -21 -22 -23 -24 -25 -26
leaf_value=0.0056169130376409453 -0.0048378446770007636 0.059219479808090336 -0.043608469435405237 0.0059960363634876676 -0.031391011277951665 -0.00099945946132030581 0.037289928673139232 -0.045728451297843149 -0.03548679339433837 0.028765627570777549 0.012691662501761833 -0.0075951306859273334 0.0023187712940869487 0.061474442629021159 0.03193548861807393 0.001939280315715183 -0.0080579973355183465 0.0096174909461488114 0.0043248598761116775 -0.019960421721500532 0.0022590965118379825 0.041665643070172592 0.0045004568827613188 -0.011609731840000007 -0.028858544224527039
leaf_weight=0.60072430058880966 0.64763550541738979 2.7976135883654925 6.3470049143484184 0.14443060491430193 1.4965482206926015 0.10988265484047555 0.13365805247758622 3.5483583477343932 1.1913078428415245 2.4552469919144642 2.5972010928562668 0.17474971196406819 0.11327834949770488 0.79545249923285155 1.9157808291820402 0.47559566415384313 0.19166650887109427 0.22940695544048129 0.102212813522783 0.60086078023709888 0.045278285891981684 0.42023748109886583 0.092124447226524353 0.29756707330216159 1.3634662360777838
leaf_count=215 368 261 322003 94 4610 45 315 40888 728 122 177 2030 39 221 149 370 4499 289 26 9821 4 291 2 1136 3984
internal_value=-0.00359012 0.0097239 -0.0307542 -0.00124727 -0.00741129 0.00286664 -0.019913 -0.024108 -0.00422182 0.00933768 -0.00537875 0.036309 0.0136403 0.0515763 0.0242389 -0.0399994 0.0246518 -0.0212715 -0.0283221 -0.0143769 -0.0447637 0.0337296 -0.00316315 -0.00884786 -0.0280249
internal_weight=28.8873 19.8166 9.07072 17.019 15.309 2.72372 8.65778 8.33246 4.26323 6.65121 4.19596 1.70996 3.07192 1.06233 2.32663 4.06923 0.325325 1.70276 1.59876 0.745291 3.59364 1.02096 0.266874 0.410845 1.47335
internal_count=392687 65860 326827 65599 62978 4824 58043 53229 11967 4935 4813 2621 11239 2253 1324 41262 4814 4318 4636 9915 40892 506 2032 1175 4029
is_linear=0
shrinkage=0.05


Tree=82
num_leaves=18
num_cat=0
split_feature=44 18 24 13 46 0 0 48 7 34 38 16 23 1 0 34 37
split_gain=5.00697 2.54549 3.37048 1.93882 1.86973 1.4875 1.26909 1.88421 0.66681 0.629352 0.514555 0.398303 0.382786 0.16068 0.405537 0.063597 0.0222439
threshold=4.5000000000000009 84.273937225341811 99.704143524169936 1.5000000000000002 143.50000000000003 151.01722717285159 69.914230346679702 4.5000000000000009 1.0000000180025095e-35 0.91987180709838878 4.5000000000000009 99.367088317871108 93.44086074829103 39.500000000000007 11.508300781250002 0.82480818033218395 4.5000000000000009
decision_type=2 2 2 2 2 2 2 2 2 2 2 2 2 10 2 2 2
left_child=1 2 9 8 6 -4 7 13 12 10 -1 -2 15 -5 -15 -3 -12
right_child=11 3 5 4 -6 -7 -8 -9 -10 -11 16 -13 -14 14 -16 -17 -18
leaf_value=-0.046456871797054738 -0.044269774062811601 -0.019110073704757827 0.060313521206318957 -0.040181520394069498 0.053848245029349762 -0.00054437283296566953 0.018235874333238943 0.026724522312876905 0.044031501323293337 0.010666623530993659 -0.0029718695095591998 0.00164681825406394 0.020266430956751666 0.017252332467141362 -0.020894869597975027 0.0033298744382384247 0.0082688348220966625
leaf_weight=4.1858478587203134 5.7786692253837364 0.5959246303254967 0.51651606093946645 2.9634752851807211 0.42262780140845269 2.9193088398101281 2.1532838235925738 0.82558264912950097 5.1738397844874271 0.22692891269889504 0.06319188850102353 0.43223900543307525 0.27090142155066133 0.25421417423785886 0.6841012676968603 0.069484532403293997 0.24622119274044962
leaf_count=131446 243951 2520 1499 4895 668 72 167 288 574 20 4299 1450 8 94 601 4 638
internal_value=-0.00515365 0.00661886 -0.014343 0.0194784 0.00121486 0.020139 -0.00844076 -0.0216542 0.0380671 -0.0385667 -0.0425409 -0.041289 -0.000609588 -0.0352543 -0.0069911 -0.0161744 0.00545674
internal_weight=27.7824 21.5715 8.15801 13.4134 7.30329 3.43582 6.88066 4.72737 6.11015 4.72219 4.49526 6.21091 0.936311 3.90179 0.938315 0.665409 0.309413
internal_count=393194 147793 137974 9819 6713 1571 6045 5878 3106 136403 136383 245401 2532 5590 695 2524 4937
is_linear=0
shrinkage=0.05


Tree=83
num_leaves=27
num_cat=0
split_feature=28 49 0 24 43 1 18 46 47 19 17 47 47 47 0 37 47 43 27 26 19 40 47 0 20 38
split_gain=2.7826 2.55213 3.88356 1.84316 1.5578 1.44523 1.18351 0.947286 1.11376 0.760833 0.686814 0.639667 1.05813 0.585193 0.356192 0.247464 0.221399 0.276987 0.54521 0.206191 0.151179 0.120228 0.08596 0.0201962 0.0117141 0.00765821
threshold=1.5000000000000002 1.0000000180025095e-35 151.01722717285159 61.733762741088874 4.5000000000000009 2.5000000000000004 23.629112243652347 134.50000000000003 108.50000000000001 99.333332061767592 95.040985107421889 144.50000000000003 145.50000000000003 150.50000000000003 21.907714843750004 4.5000000000000009 101.50000000000001 3.5000000000000004 2.5000000000000004 2.5000000000000004 99.333332061767592 1.5000000000000002 164.50000000000003 43.655761718750007 0.95259785652160656 4.5000000000000009
decision_type=2 2 2 2 2 8 2 2 2 2 2 2 2 2 2 2 2 2 2 2 2 2 2 2 2 2
left_child=1 4 3 -3 6 -6 21 8 14 10 15 -10 -13 19 20 -8 -11 -18 -19 -9 -7 -1 -14 -24 -2 -17
right_child=24 2 -4 -5 5 7 9 13 11 16 -12 12 22 -15 -16 25 17 18 -20 -21 -22 -23 23 -25 -26 -27
leaf_value=0.024339785480442508 -0.041048314381024485 -0.013160651481940552 -0.0084245771773790792 0.079540128217682693 0.036163268936263079 -0.0040443012585303344 -0.046124996318991897 -0.0037028154117913306 -0.036580032023471293 0.013352476118241178 0.0098704907359202908 0.032168375418792604 -0.025698022348515145 -0.011309887567746948 -0.0096467270202358207 -0.0018465835807845881 -0.023228174029805621 -0.017372613064320287 0.023031539796175407 0.046242642429431803 0.033277054888209215 -0.0046847572224585146 -0.00406251810109218 0.0056222314175494691 0.00024669800543410927 0.0048421615616053154
leaf_weight=0.5636200871267647 4.4067002579382679 0.34724252959585955 3.5848901105346158 1.8517065495498171 1.6286698376152333 0.087825301407065792 4.684665686822882 0.079633635924437729 2.8344299552727534 0.29986346138503028 0.28870412139076496 0.51923755882944522 0.94637652400433558 0.29044088509544963 0.29804975684510282 0.038345995923918852 1.0616557331413787 0.70459950820895756 0.65848788359835453 0.41976925522067177 0.70495339605986373 0.10155678490992404 0.087854081255500205 0.12315654731810355 0.0052843968996966187 0.10664493165859312
leaf_count=107 266849 1600 195 598 157 1792 80186 1477 16051 166 401 647 7575 4010 199 2121 620 3489 684 241 35 1852 1437 78 9 174
internal_value=-0.008797 -0.000952422 0.0251287 0.0653635 -0.0109919 0.00470292 -0.0247256 -0.00712136 -0.0151018 -0.0303056 -0.040214 -0.0253155 0.000279679 0.0262936 0.0190424 -0.0443875 -0.00589268 -0.0114766 0.00363261 0.0411205 0.0291929 0.0197563 -0.0223061 0.00156499 -0.0409624 0.0030054
internal_weight=26.7244 22.3124 5.78384 2.19895 16.5285 8.0204 8.50814 6.39173 5.60188 7.84297 5.11836 4.51105 1.67662 0.789844 1.09083 4.82966 2.72461 2.42474 1.36309 0.499403 0.792779 0.665177 1.15739 0.211011 4.41198 0.144991
internal_count=392750 125892 2393 2198 123499 33699 89800 33542 27814 87841 82882 25788 9737 5728 2026 82481 4959 4793 4173 1718 1827 1959 9090 1515 266858 2295
is_linear=0
shrinkage=0.05


Tree=84
num_leaves=29
num_cat=0
split_feature=44 20 19 24 49 38 39 47 47 47 41 25 47 47 16 31 47 19 50 45 47 41 16 24 41 16 39 16
split_gain=5.11753 4.6919 3.1046 2.21924 1.81647 1.0879 0.873978 0.861971 1.66566 0.566848 0.528112 0.511247 0.478086 0.507178 0.462196 0.415802 0.380731 0.284366 0.200906 0.158069 0.131208 0.122998 0.119289 0.113586 0.0405428 0.0277885 0.0244146 0.00155916
threshold=1.5000000000000002 0.53469792008399974 87.585617065429702 61.733762741088874 1.0000000180025095e-35 1.0000000180025095e-35 0.61250001192092907 125.50000000000001 145.50000000000003 100.50000000000001 5.5000000000000009 2.5000000000000004 148.50000000000003 103.50000000000001 87.939392089843764 3.5000000000000004 157.50000000000003 89.512962341308608 23.531040191650394 0.78297075629234325 166.50000000000003 10.500000000000002 99.367088317871108 99.704143524169936 1.0000000180025095e-35 91.820003509521499 0.46428571641445165 86.295150756835952
decision_type=2 2 2 2 2 2 2 2 2 2 2 2 2 2 2 2 2 2 2 2 2 2 2 2 2 2 2 2
left_child=1 15 14 -3 6 7 24 9 10 -4 -9 -6 13 27 -2 18 -14 25 -1 -10 -16 -13 -19 -12 -5 -15 -18 -7
right_child=2 3 5 4 11 12 -8 8 19 -11 23 21 16 17 20 -17 26 22 -20 -21 -22 -23 -24 -25 -26 -27 -28 -29
leaf_value=0.0037290689476032063 -0.046898273423027853 -0.019855567891008563 0.013364583735175507 -0.0017024517062457136 0.079718570018072601 0.0096971706999981408 0.027101269053192628 0.046173432103680551 -0.024911344738274232 -0.02658249454469519 -0.012079097677578927 0.019322533527094038 0.018866113088290781 -0.0038183516550119459 -0.010680952618667488 0.0083393468786485663 -0.01672300185811032 -0.04202081761914267 -0.03783048951647968 0.0050119465475224612 0.012381508061193524 -0.0051151698786388927 -0.0042521780315117079 0.0093692080837250447 -0.028061231383296133 0.0081188240400825208 0.0014655802581983941 0.00041308084092994669
leaf_weight=0.13584671792705538 7.9651997169088435 0.63967237133351762 0.66507272177932275 0.31823186516521651 2.7375264232721297 0.23312253241056202 0.70572713670117082 2.2421513796634835 0.88373981310451177 1.32484706696232 0.31026561140151887 0.51130839305415055 0.72181444873876877 0.079374699371328794 0.24875495549622417 0.27427713696806666 0.53207275789645792 2.1683965157490097 1.9566651543111673 0.19884100884155487 0.22528735055675497 0.26822219938094349 0.48484091188947775 0.20892989262938499 0.33128690545163408 0.15370111437732703 0.038927180517021043 0.14327872545072751
leaf_count=798 350411 7621 81 54 1463 480 67 459 1584 538 845 322 2431 1372 467 382 3836 6709 10612 34 54 382 962 3 1183 19 52 122
internal_value=-0.00972774 0.0222716 -0.0235657 0.0452604 0.0557347 -0.004272 0.00281312 0.00947284 0.0215286 -0.0132269 0.0386035 0.0709899 -0.0204105 -0.028568 -0.0443488 -0.0288078 0.00365739 -0.0345333 -0.034799 -0.0196477 0.00124353 0.0127647 -0.0381723 -0.00296217 -0.0240081 0.00425381 -0.0153394 0.00903084
internal_weight=26.7074 7.87876 18.8286 5.51198 4.8723 10.3894 1.35525 5.83385 3.84393 1.98992 2.76135 3.51706 4.55553 3.26271 8.43924 2.36679 1.29281 2.88631 2.09251 1.08258 0.474042 0.779531 2.65324 0.519196 0.649519 0.233076 0.571 0.376401
internal_count=393343 22884 370459 11092 3471 19527 1304 3544 2925 619 1307 2167 15983 9664 350932 11792 6319 9062 11410 1618 521 704 7671 848 1237 1391 3888 602
is_linear=0
shrinkage=0.05


Tree=85
num_leaves=18
num_cat=0
split_feature=44 28 0 1 34 2 48 17 47 18 18 47 44 20 1 20 13
split_gain=4.16198 2.62648 2.55142 2.67596 1.55488 1.18515 1.47288 1.0993 0.801917 0.78471 0.637321 0.608494 0.583509 0.402985 0.230907 0.13188 0.00813963
threshold=4.5000000000000009 1.5000000000000002 151.01722717285159 2.5000000000000004 0.20942982286214831 2.5000000000000004 1.5000000000000002 89.022754669189467 150.50000000000003 90.366767883300795 99.367088317871108 128.50000000000003 1.5000000000000002 0.99629628658294689 1.5000000000000002 0.95259785652160656 52.500000000000007
decision_type=2 2 2 10 2 8 2 2 2 2 2 2 2 2 8 2 2
left_child=1 2 3 4 5 6 8 9 15 -5 -2 -11 -6 -12 -15 -1 -8
right_child=10 -3 -4 7 12 -7 16 -9 -10 11 13 -13 -14 14 -16 -17 -18
leaf_value=0.069620652361798638 -0.041778363684387421 -0.033778347358921781 -0.0048363132996533942 -0.015023028201061044 0.086737699488793091 -0.020802298433717673 -0.0017333889693136669 -0.016653125959413137 -0.009318026709927615 -0.0042766040510707308 -0.021678353183882948 0.048542648936630663 0.017769367909625824 0.019820502559022721 -0.010057360905384225 0.014087870813325949 -0.015426898635480524
leaf_weight=0.85745130561009364 4.4440500326917336 2.017109580843452 7.926357186282984 0.42190188289168906 1.8659085366725778 0.71199293947756803 0.42606090527988261 2.7608608889458992 0.2267488522829807 0.53687496993916273 0.6749898490752454 1.060220515032597 1.0479273069458939 0.84670690725761222 0.25166681249265832 0.78573423265152087 0.42900864842158626
leaf_count=1851 238299 103706 269 10087 180 27940 238 288 847 202 3880 476 1268 42 3263 127 181
internal_value=-0.00026488 0.0105212 0.0166604 0.0311054 0.0500468 0.0186867 0.0318191 0.00163405 0.049842 0.0238737 -0.0332169 0.0359771 0.0728116 -0.0044339 0.0114442 0.0584424 -0.0132163
internal_weight=27.2916 21.0742 19.057 11.1307 6.35083 3.437 2.725 4.77986 1.86993 2.019 6.21741 1.5971 2.91384 1.77336 1.09837 1.64319 0.85507
internal_count=393144 147660 43954 43685 32632 31184 3244 11053 2825 10765 245484 678 1448 7185 3305 1978 419
is_linear=0
shrinkage=0.05


Tree=86
num_leaves=26
num_cat=0
split_feature=20 39 43 34 7 16 26 24 8 17 19 19 16 21 20 18 18 21 23 20 34 34 17 19 26
split_gain=3.94686 2.77201 2.48316 2.04782 1.48265 1.95205 1.3107 1.1164 1.1531 0.986775 0.981922 0.967405 0.956671 0.896328 0.675784 0.391056 0.284408 0.267454 0.258114 0.234594 0.182556 0.0738839 0.0555822 0.0501928 0.00645994
threshold=0.82545602321624767 0.77500000596046459 2.5000000000000004 0.76696833968162548 1.0000000180025095e-35 73.375530242919936 4.5000000000000009 95.940452575683608 1.0000000180025095e-35 62.115564346313484 37.590579986572273 36.237373352050788 95.101959228515639 92.450141906738295 0.93925386667251598 84.273937225341811 75.582656860351577 71.937500000000014 15.535444736480715 0.33191312849521643 0.82480818033218395 0.70710784196853649 62.76789855957032 96.60919570922853 1.5000000000000002
decision_type=2 2 2 2 2 2 2 2 2 2 2 2 2 2 2 2 2 2 2 2 2 2 2 2 2
left_child=3 2 12 -1 6 9 20 8 -7 24 11 19 13 17 15 -11 18 -2 -12 -5 -4 -19 -16 -15 -6
right_child=1 -3 4 10 5 7 -8 -9 -10 14 16 -13 -14 23 22 -17 -18 21 -20 -21 -22 -23 -24 -25 -26
leaf_value=-0.043181807580243092 -0.013054983741234875 0.05440376980818571 -0.032548699049655981 0.011220847994039976 0.00082547090787361659 -0.030426883960459117 0.029107264690518081 0.035999280514194799 0.012515395766692068 -0.00278078322663451 0.0075589988215341479 0.051082111660985065 0.015521262484856356 -0.046482131801797583 0.0089255144388728294 0.089797405163945188 0.008732999763280026 -0.0035272245651396931 -0.030115925082048342 -0.01994726044559943 0.00018365319168465338 0.020568793702990768 -0.0066439327643872436 -0.013097888513991233 -0.0084557144025097734
leaf_weight=5.5834123943013783 0.32650344632930195 2.1756132242589947 1.7892429119508504 0.20121591117276716 0.028765938237483968 1.4618068694653628 0.55187981199651392 1.6972929770900007 3.3279841978710465 0.058888758822831511 0.14768337696477818 0.58642694955096886 0.75264945727758448 2.2770734907271617 0.16496935642862809 0.9213451020177672 0.33186943046371187 0.075693462747949525 1.0956363660955046 0.47499431081541843 0.4895662862491007 0.63056922309397123 0.1654610295454404 1.1953829610383766 0.2024163367852907
leaf_count=311166 3481 245 32411 92 270 8116 1006 44 240 4107 100 1296 368 1135 6 719 133 2513 11341 3353 53 33 595 276 10165
internal_value=-0.00132548 0.0116757 0.00306671 -0.0278089 0.0163533 0.0265021 -0.0118364 0.0101992 -0.00358194 0.0640967 0.00580775 0.0287694 -0.0226035 -0.0306351 0.0745422 0.08564 -0.0166223 0.00611342 -0.0242661 -0.0095116 -0.0276053 0.0174326 0.00199537 -0.0404879 -0.00756839
internal_weight=26.7143 18.2931 16.1175 8.42124 10.8596 8.02893 2.83069 6.48708 4.78979 1.54185 2.83783 1.26264 5.25787 4.50522 1.31066 0.980234 1.57519 1.03277 1.24332 0.67621 2.27881 0.706263 0.33043 3.47246 0.231182
internal_count=393264 65783 65538 327481 57732 24262 33470 8400 8356 15862 16315 4741 7806 7438 5427 4826 11574 6027 11441 3445 32464 2546 601 1411 10435
is_linear=0
shrinkage=0.05


Tree=87
num_leaves=26
num_cat=0
split_feature=20 44 8 24 34 50 0 13 35 13 47 11 16 47 12 33 34 16 25 12 16 38 38 40 37
split_gain=3.96372 2.58136 3.3884 2.07395 2.03684 1.01522 1.00363 0.975676 0.84425 1.06792 0.797012 0.620972 0.613929 0.44035 0.347096 0.288178 0.170261 0.143141 0.0847058 0.0492041 0.023513 0.021673 0.0142377 0.00133584 0.000733287
threshold=0.82545602321624767 2.5000000000000004 1.0000000180025095e-35 87.821357727050795 0.91987180709838878 93.369964599609389 75.821289062500014 62.500000000000007 1.5000000000000002 1.5000000000000002 145.50000000000003 -0.0082145053893327696 23.606810569763187 134.50000000000003 1.5000000000000002 0.81666666269302379 0.54356062412261974 99.367088317871108 3.5000000000000004 4.5000000000000009 59.122919082641609 4.5000000000000009 1.0000000180025095e-35 1.0000000180025095e-35 4.5000000000000009
decision_type=2 2 2 2 2 2 2 2 2 2 2 8 2 2 2 2 2 2 2 2 2 2 2 2 2
left_child=4 3 5 16 -1 17 -7 8 10 11 14 -10 -6 23 -4 -12 -2 18 21 -16 -15 -3 -20 -14 -23
right_child=1 2 7 -5 12 6 -8 -9 9 -11 15 -13 13 20 19 -17 -18 -19 22 -21 -22 24 -24 -25 -26
leaf_value=-0.044197570444498145 -0.023249542605966955 -0.040012646581397054 0.066067496673247295 0.049198397281330422 0.027166825183510747 -0.028227233421018891 0.014243140430333368 -0.017666633279067763 -0.013712359976357717 -0.025353139590507681 -0.015185523307517428 0.037312088636429916 0.014946838721598006 -0.026174564083541005 0.0094188306991004403 0.016581293920979057 0.0059605190345460865 0.00092055721105132769 0.0036334906391782655 -0.0055010290645273376 -0.00090819146185115739 -0.001073423984288368 -0.0044743624469727747 0.00062534981643128725 0.00083376969904772492
leaf_weight=6.0032764152996396 0.76591964119779987 3.8306784186827358 1.4843524861844337 4.1570228480886726 0.91416468760917302 1.258788971386821 2.6395067334560736 0.53277793814868335 0.24518741079828033 0.82088366207699426 0.38563399248323538 1.0684166946057305 0.27196150265262986 0.74314395550868539 0.28439208995769139 0.48263223608955741 0.22477742283990665 0.19410648246048356 0.091254701463185373 0.12281705772147689 0.17539711542622172 0.021938188270723802 0.095104888761852635 0.10857081719313988 0.024342298571355059
leaf_count=325147 1102 42898 630 256 208 7856 103 1993 294 1744 1443 933 10 1122 140 7 25 96 219 1274 71 1371 3381 934 82
internal_value=-0.00391402 0.00887605 -0.00307428 0.0357792 -0.0308701 -0.0224218 -0.00243378 0.0249656 0.0318163 0.00444646 0.0461718 0.0259779 0.00778445 -0.0117388 0.058811 0.00189608 -0.0169571 -0.0367797 -0.0384068 0.00420749 -0.024338 -0.0396827 -0.000787984 0.0142735 -0.000232163
internal_weight=26.947 18.7305 13.5828 5.14772 8.21651 8.15572 3.8983 5.42709 4.89432 2.13449 2.75983 1.3136 2.21324 1.29907 1.89156 0.868266 0.990697 4.25742 4.06332 0.407209 0.918541 3.87696 0.18636 0.380532 0.0462805
internal_count=393339 65847 64464 1383 327492 56006 7959 8458 6465 2971 3494 1227 2345 2137 2044 1450 1127 48047 47951 1414 1193 44351 3600 944 1453
is_linear=0
shrinkage=0.05


Tree=88
num_leaves=35
num_cat=0
split_feature=44 19 50 13 17 47 47 1 47 18 31 33 34 24 0 45 33 18 17 12 17 18 13 27 12 38 24 18 17 17 50 34 45 37
split_gain=4.0038 2.26961 2.50154 1.63392 1.23614 1.37274 1.26348 0.936294 0.75742 0.646 0.405268 0.403662 0.342589 0.268503 0.26498 0.229501 0.227511 0.475742 0.228708 0.212044 0.198845 0.192404 0.12019 0.119409 0.0965295 0.0879987 0.0643554 0.0533977 0.0306531 0.1043 0.0210046 0.0181121 0.00739752 0.00287731
threshold=4.5000000000000009 76.817703247070327 23.531040191650394 62.500000000000007 71.50376129150392 129.50000000000003 129.50000000000003 46.500000000000007 108.50000000000001 85.215545654296889 3.5000000000000004 0.81666666269302379 0.82480818033218395 88.32251358032228 112.80730438232423 0.53095394372940075 0.58571431040763866 81.872947692871108 18.301435470581058 1.5000000000000002 92.40384674072267 84.273937225341811 1.5000000000000002 2.5000000000000004 21.500000000000004 4.5000000000000009 82.554244995117202 74.601570129394545 80.217391967773452 77.849929809570327 67.748519897460952 0.95619046688079845 0.99985355138778698 4.5000000000000009
decision_type=2 2 2 2 2 2 2 10 2 2 2 2 2 2 2 2 2 2 2 2 2 2 2 2 2 2 2 2 2 2 2 2 2 2
left_child=1 2 14 4 5 21 8 9 15 30 16 -2 -5 -10 -1 -6 18 27 -4 28 -13 32 26 -22 -21 -20 -7 -18 29 -11 -8 -12 -3 -27
right_child=11 3 10 12 6 22 7 -9 13 19 31 20 -14 -15 -16 -17 17 -19 25 24 23 -23 -24 -25 -26 33 -28 -29 -30 -31 -32 -33 -34 -35
leaf_value=-0.0043052135192818957 -0.042016021158917949 -0.0019904644463944444 -0.0016744756701696799 -0.028787150119802391 0.027579858812107335 -0.004558955456264161 0.0017429027811748021 -0.016392887755542148 -0.028453365597612176 0.015325195219069585 -0.0017345902597830556 -0.015785186871402762 0.0084568077500220273 -0.000960265763136649 0.049513568610036585 -0.0020409504052389554 -0.0025046828779451955 -0.022544272073138999 -0.040359545168595481 -0.0084042821983153181 -0.0067950739207171852 0.087598840873321759 -0.011021662173064885 0.017207377214942306 0.011121188086570992 -0.0020837197211941625 0.014554112165310634 0.019498203061277739 0.042275523262092718 -0.0061529819028018906 -0.01296223044111644 0.01150770405104057 0.0043611655858269817 0.0015847051807010824
leaf_weight=0.094209551411956194 4.4052441385871353 0.041456992187021369 0.55246321697268275 1.1943451614683898 0.78908140652310776 0.10011738585308194 0.038570717322727321 0.4670909153719548 1.2937703966572371 0.38905229050942569 0.03593797123448883 0.39692613087481721 0.34292600979097176 1.5672912855052346 0.49552617501785789 0.82857821075413085 0.08748318555899437 0.62140785578003488 3.3586228669903453 0.2211631402860802 0.15720132879687299 0.61020038568494783 0.28067339821541282 0.39255061457697593 0.38852195390063571 0.043486027515427739 0.33594324214027438 0.44470776225170994 4.6882752824349154 0.24987812912786467 0.27891909553000005 0.20018341766808589 0.086792906532537017 0.11653215747628565
leaf_count=3789 243425 2521 275 3538 289 3659 53 394 1029 438 2640 57 18 76 30 157 388 2042 112041 572 1307 314 4343 263 563 3781 132 1065 1108 196 1699 6 27 547
internal_value=-0.0019251 0.00856087 -0.0154133 0.0191232 0.0250703 0.0586642 0.0162549 0.0285481 -0.00403747 0.0337015 -0.0275522 -0.0366911 -0.0204204 -0.017542 0.0436161 0.0174242 -0.0305275 -0.0051579 -0.0352816 0.0373728 -0.00305745 0.0826704 0.000182283 0.010388 0.00321741 -0.0390199 0.010047 0.0166072 0.0401555 0.00829628 -0.0112088 0.00971946 0.00236357 -0.000349096
internal_weight=25.5951 20.2432 6.05056 14.1926 12.6554 1.45518 11.2002 6.72147 4.47872 6.25438 5.46082 5.35192 1.53727 2.86106 0.589736 1.61766 5.2247 1.1536 4.0711 5.93689 0.946678 0.73845 0.716734 0.549752 0.609685 3.51864 0.436061 0.532191 5.32721 0.63893 0.31749 0.236121 0.12825 0.160018
internal_count=392782 147730 126604 21126 17570 10996 6574 5023 1551 4629 122785 245052 3556 1105 3819 446 120139 3495 116644 2877 1627 2862 8134 1570 1135 116369 3791 1453 1742 634 1752 2646 2548 4328
is_linear=0
shrinkage=0.05


Tree=89
num_leaves=26
num_cat=0
split_feature=20 44 16 16 16 19 50 24 32 47 18 16 46 23 47 50 27 34 13 49 1 47 1 47 19
split_gain=4.79288 2.08089 2.64373 1.08601 0.952091 0.934219 0.876672 0.873391 0.799349 0.579977 0.620547 0.538774 0.509632 0.429675 0.374955 0.287245 0.26012 0.240132 0.187759 0.143351 0.103785 0.0595489 0.0504603 0.0367793 0.00715102
threshold=0.82545602321624767 4.5000000000000009 76.339714050292983 83.43881988525392 91.820003509521499 65.599384307861342 91.683689117431655 87.821357727050795 0.77500000596046459 103.50000000000001 74.601570129394545 20.761494636535648 5.5000000000000009 84.680576324462905 94.500000000000014 76.923076629638686 3.5000000000000004 0.92582416534423839 3.5000000000000004 11.500000000000002 35.500000000000007 124.50000000000001 2.5000000000000004 133.50000000000003 93.44086074829103
decision_type=2 2 2 2 2 2 2 2 2 2 2 2 2 2 2 2 2 2 2 2 10 2 8 2 2
left_child=11 2 5 15 8 21 9 18 12 -7 22 17 -5 -12 -3 -4 -16 -1 -6 -13 -20 -2 -11 -8 -17
right_child=1 14 3 4 7 6 23 -9 -10 10 13 19 -14 -15 16 24 -18 -19 20 -21 -22 -23 -24 -25 -26
leaf_value=-0.013996670830414691 0.0048302692393515697 0.01040175506865415 0.0063242183698976571 0.014124728129168027 -0.00012645370835468101 -0.00560417486614238 0.010690664859248314 0.016674007871012909 0.038284361863432849 0.0098474647859344271 0.085046266915369623 -0.043688042770575163 -0.021814745890367002 -0.00076192498660061 -0.035035475544950921 -0.037198503638108803 -0.0018811788654072709 0.0157500160405501 -0.031249059331515918 0.0022955735755632841 -0.003626251052453601 -0.012574874689817975 -0.0053465201719768568 -0.0021132350206126099 -0.0016584795577530222
leaf_weight=0.3749501029906267 0.12696193626834729 0.22158772700186036 0.16969687696109659 1.4119226909424454 0.91843968510329466 0.11444610315265968 0.61587783224967985 1.7302617925015509 2.3685093413077993 0.33189237042915953 1.6311432253223754 5.9618827677218178 0.66992977596873959 0.13577130951489369 2.081369506858437 0.92301571037751251 0.87904394782981388 0.34271330137380573 1.4175799466920582 0.074329288558146689 0.7356861176122037 0.31376351649669232 0.11970920508156269 0.43215810877791228 0.11174304711676086
leaf_count=6084 691 671 237 41 64 343 150 145 382 41 2372 320483 1051 403 46704 1732 271 110 506 990 99 3845 5774 352 131
internal_value=-0.00585173 0.00824647 0.0164296 0.00210014 0.00878245 0.04707 0.0543336 -0.00630119 0.0232278 0.0671436 0.0714717 -0.0386622 -0.000766208 0.0805603 -0.0236216 -0.0299302 -0.0281516 0.00110792 -0.0201595 -0.042876 -0.0259544 -0.00768841 0.00491128 0.00695707 -0.0360618
internal_weight=24.2144 17.4605 14.2785 10.4568 9.25233 3.82172 3.381 4.80197 4.45036 2.33296 2.21852 6.75388 2.08185 1.76691 3.182 1.20446 2.96041 0.717663 3.07171 6.03621 2.15327 0.440725 0.451602 1.04804 1.03476
internal_count=393672 66005 18359 4388 2288 13971 9435 814 1474 8933 8590 327667 1092 2775 47646 2100 46975 6194 669 321473 605 4536 5815 502 1863
is_linear=0
shrinkage=0.05


Tree=90
num_leaves=24
num_cat=0
split_feature=44 24 19 20 27 1 43 45 13 23 41 24 26 19 50 17 17 17 17 34 47 23 17
split_gain=4.03595 3.93894 2.82628 2.17316 1.78451 1.16657 0.906265 2.0065 1.18045 0.857286 0.847664 1.05865 0.613247 0.563648 0.294382 0.141651 0.132849 0.111564 0.0246904 0.0166585 0.0162119 0.0134383 0.00790558
threshold=1.5000000000000002 61.733762741088874 85.880397796630874 0.46713979542255407 2.5000000000000004 3.5000000000000004 2.5000000000000004 0.47561036050319677 1.5000000000000002 93.44086074829103 3.5000000000000004 95.940452575683608 2.5000000000000004 27.429467201232914 23.531040191650394 99.367088317871108 90.521114349365249 80.217391967773452 85.86789703369142 0.8441295623779298 113.50000000000001 83.457714080810561 74.443344116210952
decision_type=2 2 2 2 2 10 2 2 2 2 2 2 2 2 2 2 2 2 2 2 2 2 2
left_child=1 -1 13 14 5 -5 12 8 9 -8 11 -9 16 20 -3 -15 18 21 22 -7 -2 -12 -4
right_child=2 3 6 4 -6 19 7 10 -10 -11 17 -13 -14 15 -16 -17 -18 -19 -20 -21 -22 -23 -24
leaf_value=-0.031616783117138073 0.010301231015578184 0.0103831228106336 0.0026051295310568568 0.070136128698397776 -0.013977604479286832 -0.010987820762402319 -0.020202450336966073 -0.026697429917335043 -0.035437516907099939 0.030796675484779646 0.0063141088190646136 0.026991976830853609 -0.032971327549687277 -0.045026302410183655 -0.02469995889865069 0.0010705567426461703 -0.0079258740800825008 0.045133737598602397 0.015588918394132498 0.0016722004743683801 -0.0017513190667979778 -0.0022645438781988083 -0.0034869099729732175
leaf_weight=1.6199120001685994 0.19500257887466688 0.24510261978684855 0.091926922366836417 3.8807072481258729 0.48264427937101562 0.2351028352841239 0.52223731720005195 0.89282731769344514 2.1583772642698023 1.006275626046772 0.32290796130655541 0.78383394797219808 2.0048807658133683 6.2636489270374796 0.68735085144248842 0.12366591371392122 0.38089230037985544 2.1816514371448648 0.57358571425083937 0.035129930851326208 0.036290051131800283 0.084540063857275527 0.072689888183049334
leaf_count=15533 357 187 623 976 61 4756 4741 675 12297 62 1281 26 744 345187 1404 90 503 688 239 24 1921 260 728
internal_value=-0.00530709 0.0242082 -0.0179469 0.0427961 0.0549827 0.064158 -0.00166966 0.00739681 -0.0172591 0.0122735 0.0279375 -0.000890819 -0.020947 -0.041393 -0.0148772 -0.0441097 0.00598839 0.041653 0.0135972 -0.00932124 0.00852366 0.00418985 -0.000769147
internal_weight=24.8812 7.18595 17.6952 5.56604 4.63358 4.15094 11.0766 7.95265 3.68689 1.52851 4.26576 1.67666 3.12398 6.61861 0.932453 6.38731 1.11909 2.5891 0.738203 0.270233 0.231293 0.407448 0.164617
internal_count=393363 22941 370422 7408 5817 5756 22867 20030 17100 4803 2930 701 2837 347555 1591 345277 2093 2229 1590 4780 2278 1541 1351
is_linear=0
shrinkage=0.05


Tree=91
num_leaves=29
num_cat=0
split_feature=19 41 49 34 0 16 38 16 33 46 0 18 18 34 38 16 17 7 37 17 32 39 28 37 49 32 45 38
split_gain=2.85807 1.75086 1.49317 1.30872 2.2001 1.3364 1.20706 1.32802 1.09419 0.703064 0.621663 0.621342 0.615587 0.613338 0.516118 0.484555 0.379449 0.329597 0.303819 0.246449 0.235313 0.152788 0.142154 0.136676 0.0687136 0.0121792 0.020613 0.00922356
threshold=99.333332061767592 10.500000000000002 1.0000000180025095e-35 0.53452381491661083 151.01722717285159 90.366767883300795 1.0000000180025095e-35 20.761494636535648 0.64583334326744091 92.500000000000014 74.118667602539077 91.715686798095717 93.127067565917983 0.92582416534423839 1.5000000000000002 91.820003509521499 86.616912841796889 1.0000000180025095e-35 4.5000000000000009 87.138130187988295 0.77500000596046459 0.46428571641445165 1.0000000180025095e-35 1.5000000000000002 6.5000000000000009 0.70833334326744091 0.99985355138778698 4.5000000000000009
decision_type=2 2 2 2 2 2 2 2 2 2 2 2 2 2 2 2 2 2 2 2 2 2 2 2 2 2 2 2
left_child=1 3 9 5 10 16 8 13 -3 14 -5 -7 17 -8 20 18 -1 -10 24 -18 22 -16 25 -22 -9 26 -2 -20
right_child=2 6 -4 4 -6 11 7 15 12 -11 -12 -13 -14 -15 21 -17 19 -19 27 -21 23 -23 -24 -25 -26 -27 -28 -29
leaf_value=-0.036359298253407134 -0.0049735379584291556 -0.022296420781898727 0.054493065948915002 -0.0072918754015639207 -0.0072411503706195802 0.040638965447839889 -0.017845239343762722 -0.047742737951431254 -0.0049542177418397931 -0.022511951723301452 0.059460900970774104 -0.012215480082580953 -0.010436458079406234 0.026820767563339561 -0.019215622207169273 0.0071103827984952545 0.017437464750482443 0.052248372795229342 -0.0022477892216022674 -0.013329906560210157 0.029194560375839198 0.0054852294575069606 -0.013396810185526291 0.0046005448324104095 -0.0038453475113312758 0.011444427369393754 0.0046668819007833649 0.0047054097051312475
leaf_weight=2.2978706616575009 0.10723497372146251 0.78812940239401796 1.6376329961967711 0.1707267661354307 2.993639764765021 0.45567767965894734 0.48819630480716092 5.4758734050114981 0.10920056499799102 0.65502604619814508 1.5809813901710184 0.31638020365062403 0.255524665253688 0.70660562872944865 0.54512578635330988 0.21458813810204436 0.26918259865669814 0.55093098155703046 0.047070892390820407 0.35356144553315971 2.9352524735277257 0.46746798672575096 0.33082650388041657 1.1596893510104562 0.27734885824793298 0.20436490984229749 0.11229784733222914 0.1757078655573423
leaf_count=117716 445 39436 187 15560 117 237 4471 197195 1090 3449 1030 1026 191 77 774 393 272 145 4168 1072 636 34 397 267 1696 41 11 559
internal_value=-0.000446972 -0.0117245 0.0224247 0.00458458 0.0201924 -0.0155014 -0.0258189 -0.0337561 0.00834618 0.00818955 0.0526694 0.024309 0.0325921 0.00875489 0.0144007 -0.0420373 -0.0295412 0.0455015 -0.0445684 0.00251948 0.020593 -0.0107529 -0.00248556 0.0244995 -0.0465093 0.00945809 -0.000259044 0.00259948
internal_weight=25.6821 17.5272 8.15492 8.43802 4.74535 3.69267 9.08918 7.38539 1.70379 6.51729 1.75171 0.772058 0.915656 1.1948 5.86226 6.19059 2.92061 0.660132 5.976 0.622744 4.84967 1.01259 0.754724 4.09494 5.75322 0.423898 0.219533 0.222779
internal_count=392692 386451 6241 137030 16707 120323 249421 208559 40862 6054 16590 1263 1426 4548 2605 204011 119060 1235 203618 1344 1797 808 894 903 198891 497 456 4727
is_linear=0
shrinkage=0.05


Tree=92
num_leaves=22
num_cat=0
split_feature=33 26 20 44 8 17 13 13 17 13 34 19 34 7 0 50 37 16 41 16 44
split_gain=2.94611 2.35353 1.92467 1.50039 2.14617 1.27243 1.50903 1.18354 0.955299 0.646952 0.606634 0.801167 0.511391 0.430692 0.316372 0.313331 0.263597 0.21221 0.0904509 0.0334164 0.0179705
threshold=0.64583334326744091 1.5000000000000002 0.53469792008399974 1.5000000000000002 1.0000000180025095e-35 80.788658142089858 2.5000000000000004 59.500000000000007 69.00656890869142 58.500000000000007 0.54356062412261974 96.824596405029311 0.92582416534423839 1.0000000180025095e-35 63.314989089965827 99.655174255371108 4.5000000000000009 72.04651260375978 4.5000000000000009 86.295150756835952 4.5000000000000009
decision_type=2 2 2 2 2 2 2 2 2 2 2 2 2 2 2 2 2 2 2 2 2
left_child=1 2 12 -2 10 13 -7 15 -9 -8 -5 18 -1 -6 -4 16 -3 -10 -12 -18 -17
right_child=3 7 14 4 5 6 9 8 17 -11 11 -13 -14 -15 -16 20 19 -19 -20 -21 -22
leaf_value=-0.026784250645863157 0.040485481042233103 -0.04586399886845216 -0.0035047108325408517 -0.032692552598305169 -0.0041773385537662213 0.031441923732987494 -0.031151177731332552 -0.020994528078245176 0.040080241594242921 0.0098250935408272927 -0.003591200559927012 0.018285229303051764 0.0088136122696816626 0.072365781790059952 0.066191496825731597 0.0043733644751928489 -0.0054173544339097632 -0.0045494455541835272 -0.023088076069850222 0.0068368672703222602 -0.0043602789305313824
leaf_weight=0.93121305099794205 3.0579412606493852 5.375425656909556 0.075315049456094019 1.7658629983502558 0.091093932431249303 2.6596437451789825 1.3083322829024839 0.69450813690480095 0.40929378900409574 1.0149226313706092 1.3629195826833893 1.7919654515853833 1.3609197388313987 0.48223358297946106 0.42242759802684304 0.29894151360713284 0.11981178972837359 0.099850116336256178 1.4360011425842458 0.13199851994795608 0.089180966336243728
leaf_count=5339 533 314388 3657 19109 1407 221 298 34311 1953 245 216 66 106 80 132 166 6524 3218 236 19 1040
internal_value=0.000439677 -0.0194776 0.0156908 0.0141413 0.00476739 0.0252677 0.0105226 -0.0333242 0.00721789 -0.0156806 -0.0141502 -0.00244623 -0.00939144 0.0652789 0.0603468 -0.0413091 -0.0438689 0.0341128 -0.0170386 0.00133639 0.000671131
internal_weight=24.9798 10.0089 2.78988 14.9709 11.913 5.55623 4.9829 7.21901 1.20365 2.32325 6.35675 4.59089 2.29213 0.573328 0.497743 6.01536 5.62724 0.509144 2.79892 0.25181 0.388122
internal_count=393264 370853 9234 22411 21878 2251 764 361619 39482 543 19627 518 5445 1487 3789 322137 320931 5171 452 6543 1206
is_linear=0
shrinkage=0.05


Tree=93
num_leaves=20
num_cat=0
split_feature=44 11 24 0 2 2 13 13 9 25 18 50 33 50 45 50 0 0 50
split_gain=2.76162 2.10213 2.41553 2.46899 1.41946 1.34526 1.19704 0.745846 0.687669 0.585173 0.512947 0.46979 0.363629 0.337447 0.482823 0.120901 0.0631781 0.019505 0.010117
threshold=4.5000000000000009 -0.83677384257316578 88.32251358032228 151.01722717285159 1.5000000000000002 3.5000000000000004 2.5000000000000004 61.500000000000007 1.0000000180025095e-35 2.5000000000000004 99.367088317871108 96.169029235839858 0.77500000596046459 99.655174255371108 0.70489299297332775 84.213130950927749 67.739746093750014 64.198730468750014 67.748519897460952
decision_type=2 8 2 2 8 8 2 2 2 2 2 2 2 2 2 2 2 2 2
left_child=1 5 4 16 6 7 13 9 -2 15 -10 12 -8 14 -3 18 17 -4 -1
right_child=8 2 3 -5 -6 -7 11 -9 10 -11 -12 -13 -14 -15 -16 -17 -18 -19 -20
leaf_value=0.0060894412864671461 -0.03972394693359671 -0.019989832815268307 -0.0032973199538590368 -0.00047943948653099102 -0.038747812427959494 -0.014389306567980882 -0.015759802838131425 -0.007814036368860567 -0.01922449020791854 -0.0057062639403353439 0.021034179128033945 -0.031835876222613364 0.019115654816257856 0.032700452389620591 0.020242503165403949 0.072948371352618488 0.054114227226952707 0.006694877161548228 -0.0019090633734105758
leaf_weight=0.15822991947789056 3.5183980965101673 0.55872618119611517 0.070538129412851425 6.1279315828312519 3.1910268677208942 0.40399307007464802 0.40855665496383153 0.18382022758669325 0.55959944556252572 0.12744153902895039 0.61160614116579382 1.4515829448573641 0.64390950804227032 1.3252666024200153 0.43154635828250321 1.4970543621966497 2.2890565955226521 0.13349875742824224 0.03960831289896305
leaf_count=1280 244384 1331 4081 325 109397 26104 652 580 261 1520 517 160 15 29 49 403 1072 181 739
internal_value=-0.000119976 0.00861226 0.00120619 0.0185662 -0.0174637 0.0443787 0.000865047 0.0570631 -0.0308584 0.0640572 0.00180375 -0.0196408 0.004495 0.0222759 -0.00109563 0.0694738 0.0521153 0.00337093 0.0042312
internal_weight=23.7314 19.0418 16.6316 8.62103 8.01062 2.41015 4.81959 2.00615 4.6896 1.82233 1.17121 2.50405 1.05247 2.31554 0.990273 1.69489 2.49309 0.204037 0.197838
internal_count=393080 147918 117292 5659 111633 30626 2236 4522 245162 3942 778 827 667 1409 1380 2422 5334 4262 2019
is_linear=0
shrinkage=0.05


Tree=94
num_leaves=25
num_cat=0
split_feature=44 38 20 1 13 11 1 13 13 39 18 20 16 37 47 19 9 17 7 16 23 34 20 1
split_gain=2.81922 2.19578 2.01016 1.10699 1.01914 1.74284 1.59538 0.911352 0.727376 0.660123 1.06559 0.796491 0.680671 0.604777 0.600364 0.556309 0.296281 0.258971 0.225794 0.176561 0.119919 0.102494 0.0532428 0.0234292
threshold=4.5000000000000009 1.5000000000000002 0.82545602321624767 1.5000000000000002 1.5000000000000002 -0.45156703889369959 1.5000000000000002 62.500000000000007 46.500000000000007 0.77500000596046459 23.629112243652347 0.83377414941787731 87.298336029052749 1.0000000180025095e-35 143.50000000000003 99.333332061767592 1.0000000180025095e-35 99.367088317871108 1.0000000180025095e-35 91.010101318359389 93.44086074829103 0.92582416534423839 0.41027663648128515 2.5000000000000004
decision_type=2 2 2 8 2 8 8 2 2 2 2 2 2 2 2 2 2 2 2 2 2 2 2 8
left_child=1 2 3 14 18 7 -7 8 -6 10 21 22 17 -8 -1 -2 -17 -12 20 -14 23 -3 -11 -4
right_child=15 9 4 -5 5 6 13 -9 -10 11 12 -13 19 -15 -16 16 -18 -19 -20 -21 -22 -23 -24 -25
leaf_value=-0.012661475527667483 -0.039536058182132947 -0.0042441051798106392 0.0025529582484409381 -0.032309335919432171 -0.008226175127091109 0.026961711009542713 0.011418897739849488 -0.011612003866695541 0.060823446984559854 0.0014263315671819547 -0.043488127748659351 0.029799148555001459 0.014526042588555011 -0.035914271235000642 0.037607303318773239 -0.017169826566755392 0.013140577564920562 0.004616324454215631 0.054623636549000425 -0.0094126419840915541 0.015608642002943937 0.023222855853944152 -0.020958211711155167 -0.0096106381840950234
leaf_weight=0.37125750013434045 3.4288595889316857 0.091711223308492573 0.086791574429297191 1.6716899744125155 0.19359182834614319 1.2383700621212486 0.35453136887917969 0.29700224469706893 1.5026987695191563 0.17522243636756207 2.7649010525423141 0.90200217960955342 0.38066272384730815 2.0591927110908728 0.41313742087527316 0.48367413985306462 0.7692708079739532 0.10778243826644018 2.9188005092591993 0.75860764672142977 0.27358883392298594 0.53668306650433806 0.55726585063928269 0.23437589139484771
leaf_count=277 240137 2765 14 73802 1382 78 356 1381 1474 71 55518 88 330 5215 156 4500 461 11 1059 370 10 9 791 2508
internal_value=-0.000342111 0.0089604 0.0212131 -0.014623 0.0313164 0.0140386 -0.00731953 0.0425429 0.0528148 -0.0135182 -0.021995 0.00976158 -0.0309484 -0.0276535 0.0200528 -0.0312092 -0.000987679 -0.0409573 0.0498165 0.0016372 0.00676617 0.0190696 -0.017871 -0.00687922
internal_weight=22.5717 17.8899 11.615 2.45608 9.15894 5.64539 3.65209 1.99329 1.69629 6.27484 4.64035 1.63449 4.01195 2.41372 0.784395 4.6818 1.25294 2.87268 3.51356 1.13927 0.594756 0.628394 0.732488 0.321167
internal_count=392763 147665 87712 74235 13477 9886 5649 4237 2856 59953 59003 950 56229 5571 433 245098 4961 55529 3591 700 2532 2774 862 2522
is_linear=0
shrinkage=0.05


Tree=95
num_leaves=20
num_cat=0
split_feature=44 0 24 2 18 13 0 41 31 21 24 19 9 19 12 17 0 1 1
split_gain=2.88211 2.10968 3.2235 2.02818 1.82814 0.750332 0.851665 0.698661 0.694563 0.589398 0.5881 0.527587 0.456675 0.343089 0.170479 0.164236 0.0615006 0.00731768 0.00947293
threshold=4.5000000000000009 151.01722717285159 87.821357727050795 2.5000000000000004 93.127067565917983 2.5000000000000004 9.1186523437500018 1.5000000000000002 1.0000000180025095e-35 46.065429687500007 1.0000000180025095e-35 77.581478118896499 1.0000000180025095e-35 99.333332061767592 1.5000000000000002 93.419914245605483 101.58581161499025 7.5000000000000009 21.500000000000004
decision_type=2 2 2 8 2 2 2 2 2 2 2 2 2 2 2 2 2 10 10
left_child=1 2 3 4 7 -6 -7 -1 -3 -10 11 -9 -2 -14 -13 -15 -12 -4 -19
right_child=12 8 17 -5 5 6 -8 10 9 -11 16 14 13 15 -16 -17 -18 18 -20
leaf_value=-0.0091634274765796143 -0.039117673104757229 -0.026353813886000839 0.060056062555777778 -0.032477661665340121 0.01679330495343714 0.011770031435628436 -0.033444343067166586 -0.0054825175970542794 -0.012192271648498303 0.01834749356104062 -0.0090728075931683552 0.073874833388209729 -0.019298333418179187 0.021397888154905523 0.0085899370202569044 -0.0059381974625393194 0.0072317490291352489 0.0066525990184587453 -0.0016340576387875725
leaf_weight=0.22119206963907823 3.2917647301017032 2.8710380904376498 2.8663581332384633 1.8482432076375523 1.882227443380543 1.0602003851799966 1.637532745444332 0.12248266675214825 2.4327274291767935 1.9427887212165158 0.21543403907253367 1.1013294927588502 0.56831347055140191 0.44180895128920383 0.41168258309880901 0.33252373978575633 0.13764847869606456 0.16766676981660555 0.033784038413614326
leaf_count=589 244320 186 1694 134121 94 359 160 4031 395 73 1232 322 329 253 602 219 2 1596 2526
internal_value=0.000502003 0.00940007 0.0218349 0.00406237 0.0169014 -0.00278851 -0.0172976 0.0458653 -0.0108987 0.0022584 0.0530043 0.0611679 -0.0310966 -0.00312764 0.066598 0.0129282 -0.0020695 0.0585763 0.00505951
internal_weight=23.5867 18.9523 11.7058 8.63797 6.78973 4.57996 2.69773 2.20977 7.24655 4.37552 1.98858 1.63549 4.63441 1.34265 1.51301 0.774333 0.353083 3.06781 0.201451
internal_count=393103 147982 147328 141512 7391 613 519 6778 654 468 6189 4955 245121 801 924 472 1234 5816 4122
is_linear=0
shrinkage=0.05


Tree=96
num_leaves=26
num_cat=0
split_feature=1 41 17 44 0 50 49 23 38 50 13 12 17 20 0 50 34 25 19 34 23 17 17 38 0
split_gain=2.49554 1.60683 1.59469 1.42412 1.35247 1.35088 1.31875 0.675816 0.570885 0.408839 0.7831 0.365458 0.28376 0.263478 0.239146 0.226901 0.213324 0.155015 0.1505 0.0999762 0.0933028 0.0371256 0.0243361 0.0184591 0.00803733
threshold=70.500000000000014 10.500000000000002 85.215545654296889 2.5000000000000004 63.314989089965827 93.369964599609389 2.5000000000000004 93.44086074829103 4.5000000000000009 97.68778228759767 2.5000000000000004 3.5000000000000004 86.616912841796889 0.46713979542255407 151.01722717285159 23.531040191650394 0.20942982286214831 3.5000000000000004 99.333332061767592 0.21240601688623431 90.399383544921889 62.316371917724616 23.132664680480961 1.0000000180025095e-35 49.910644531250007
decision_type=8 2 2 2 2 2 2 2 2 2 2 2 2 2 2 2 2 2 2 2 2 2 2 2 2
left_child=1 3 6 4 -1 12 8 -2 15 -7 -11 16 -5 -8 -6 22 -9 -17 20 -18 -4 -10 -3 -19 -12
right_child=7 2 18 5 14 9 13 11 21 10 24 -13 -14 -15 -16 17 19 23 -20 -21 -22 -23 -24 -25 -26
leaf_value=-0.016135205362783175 -0.040354241002978158 -0.0043403733691880489 -0.0082270914498755714 -0.029985620687411976 0.066088460565131027 0.039204634190904752 -0.0091783956881958152 -0.02317088399304456 -0.0032591847145101724 0.024969805896787073 -0.021315197492538077 0.016251466332468528 -0.0015781660635771921 0.026274989828165493 0.019290952382845131 -0.043067870855348647 0.01411948363978245 0.0038595454729083096 0.028081925892126589 -0.0072640584576840238 0.0097687361500989629 0.012225734057091087 0.006270168922316151 -0.0051915755658126237 -0.0017507290805822253
leaf_weight=0.42104204718589811 3.5351069079736126 0.095039491975511647 0.39534202021013709 1.248382864525752 1.3008431960156486 1.0050532105533421 0.17148292100000606 0.84387420300890859 0.068313987178043933 1.0398752454093481 0.67259563093739427 0.60012082949742751 1.6368821548885533 0.71487643408181611 1.6609646655090273 3.5520113443513996 0.22694837180824834 0.15997027369894556 1.163820126878818 0.16648034010768242 0.51514738140122063 0.27433256143467588 0.1419641058828347 0.12465887411372023 0.25342726224789658
leaf_count=10296 213009 5315 420 48669 626 239 590 4508 3185 152 651 238 398 1923 188 92349 8 447 266 493 117 525 689 7595 92
internal_value=-0.0032543 0.00658881 -0.0100884 0.0195896 0.0411748 0.00293397 -0.0235767 -0.0299536 -0.0337689 0.0230918 0.00441322 -0.00277343 -0.0184236 0.0181864 0.0513381 -0.0384339 -0.0151404 -0.0408149 0.0208456 0.0063516 0.00173854 0.00901043 0.00194618 -0.00106007 -0.0196499
internal_weight=21.9886 16.616 7.37696 9.23907 3.38285 5.85622 5.30265 5.37253 4.41629 2.97095 1.9659 1.83742 2.88527 0.886359 2.96181 4.07364 1.2373 3.83664 2.07431 0.393429 0.910489 0.342647 0.237004 0.284629 0.926023
internal_count=392988 174732 113421 61311 11110 50201 112618 218256 110105 1134 895 5247 49067 2513 814 106395 5009 100391 803 501 537 3710 6004 8042 743
is_linear=0
shrinkage=0.05


Tree=97
num_leaves=23
num_cat=0
split_feature=44 27 7 1 11 17 33 0 13 17 18 44 17 17 16 27 0 34 47 24 27 16
split_gain=2.16243 1.70511 2.59139 2.23267 1.3941 1.01661 0.805066 0.737172 0.672146 0.665128 0.6324 0.520566 0.442164 0.401601 0.355075 0.214283 0.188544 0.148955 0.124285 0.343969 0.0061572 0.000264171
threshold=4.5000000000000009 2.5000000000000004 1.0000000180025095e-35 1.5000000000000002 -0.35669387876987452 82.807880401611342 0.77500000596046459 151.01722717285159 1.5000000000000002 92.40384674072267 84.273937225341811 2.5000000000000004 82.807880401611342 77.849929809570327 95.101959228515639 3.5000000000000004 112.80730438232423 0.54356062412261974 132.50000000000003 87.821357727050795 2.5000000000000004 99.367088317871108
decision_type=2 2 2 8 8 2 2 2 2 2 2 2 2 2 2 2 2 2 2 2 2 2
left_child=1 2 3 7 5 10 -3 16 12 -2 -4 -10 13 17 -13 20 -1 -6 -7 -20 -11 -5
right_child=9 6 4 21 8 18 -8 -9 11 15 -12 14 -14 -15 -16 -17 -18 -19 19 -21 -22 -23
leaf_value=-0.0028333294236056357 -0.039194644129891473 -0.040875023772098458 -0.0044935546344431294 -0.0375404609533262 -0.0068085069518767447 0.022464829977439742 0.0041181492579908932 -0.00023708816973791989 0.018040072417770538 -0.011482773960236455 0.08904244963349929 -0.027885669708001333 0.034523321119920673 -0.018889768208948676 0.004263974920492743 0.017752510174381047 0.050733311398010031 0.019907522990659808 -0.016923522643367619 0.017219237190825694 -0.00035029926977505742 -0.0015806461260490859
leaf_weight=0.07242496351773775 3.2821964659341338 1.5754523485297789 0.098723555866854773 2.9311303172831917 0.15313472623756741 0.57679342011851964 1.3472499614726983 2.2006553981298111 0.78140840857486216 0.28370184002142185 0.72813366100854182 1.134200112405779 2.3418709213510738 0.4738324140134863 1.0510076415193905 0.33978884162388567 0.3370099817884693 1.0327889404807136 0.50028455850861064 0.45130385051015764 0.20931326428762986 0.090902637115504947
leaf_count=1131 242787 457 7000 132778 2226 155 138 93 162 2028 566 1716 113 69 100 74 114 58 620 6 378 68
internal_value=-0.00237509 0.00554115 0.0125481 -0.0128567 0.0276535 0.0548285 -0.0243723 0.0177374 0.0127402 -0.0311278 0.081528 -0.00469706 0.0240219 0.00179577 -0.0159387 0.00470347 0.0459705 0.0149212 0.0138518 -0.000204835 -0.0101567 -0.0371207
internal_weight=21.9933 17.8783 14.9556 5.63212 9.32348 2.35524 2.9227 2.61009 6.96824 4.115 0.826857 2.96662 4.00163 1.65976 2.18521 0.832804 0.409435 1.18592 1.52838 0.951588 0.493015 3.02203
internal_count=392837 147570 146975 134184 12791 8347 595 1338 4444 245267 7566 1978 2466 2353 1816 2480 1245 2284 781 626 2406 132846
is_linear=0
shrinkage=0.05


Tree=98
num_leaves=22
num_cat=0
split_feature=39 20 50 23 8 16 43 31 46 0 25 34 34 50 19 16 49 34 45 41 49
split_gain=2.29397 3.45893 2.55195 1.01575 0.8627 0.764507 0.697956 0.643792 0.54781 0.517328 0.381241 0.34627 0.242964 0.18095 0.156238 0.134635 0.0902801 0.0323212 0.0199878 0.113608 0.00214403
threshold=0.77500000596046459 0.53469792008399974 90.036628723144545 30.094339370727543 1.0000000180025095e-35 85.215545654296889 1.5000000000000002 3.5000000000000004 92.500000000000014 67.739746093750014 4.5000000000000009 0.22902098298072818 0.92582416534423839 23.531040191650394 86.425064086914077 99.367088317871108 6.5000000000000009 0.13714733719825747 0.99985355138778698 1.0000000180025095e-35 7.5000000000000009
decision_type=2 2 2 2 2 2 2 2 2 2 2 2 2 2 2 2 2 2 2 2 2
left_child=2 7 3 12 6 16 18 13 -6 -8 -10 17 -1 -2 -7 -16 -5 -3 19 -4 -18
right_child=1 11 4 5 8 14 9 -9 10 -11 -12 -13 -14 -15 15 -17 20 -19 -20 -21 -22
leaf_value=-0.010470728138924794 0.0043836101238330302 -0.0057839970630254251 0.011685586952905358 -0.045538668842329356 0.026260922513577846 0.010463675406295827 -0.032229119974088068 0.015051489461578724 -0.022213760907504921 -0.001481522067833281 0.015362373981629244 0.061706260628076007 0.020605936928688322 -0.033824363205080442 -0.017355586419900131 0.0063724044354230543 0.0020842433317444261 0.0061769868763118449 0.020428628591704235 -0.0095136643761453248 -0.0012430798427358065
leaf_weight=0.26278286614297641 0.1140378385916837 0.12874261188505931 0.36513462754191806 5.2734664563838578 3.7269494501124427 0.44555791573247905 1.6330348388651144 0.4123088930873563 0.63592923217493069 3.0601663339548395 0.26105542895675171 2.1479799221135636 0.58941207820680575 1.4441579907745561 0.80123336396309219 0.27525189991501975 0.045002370014571969 0.1326012171595039 0.70848004455547198 0.21401938762301143 0.025044141488933747
leaf_count=19925 263 560 78 346788 271 947 14059 196 960 215 25 2045 257 3107 1900 60 149 527 27 476 469
internal_value=-0.00335324 0.025686 -0.0112649 -0.0313454 0.00479076 -0.0372244 -0.00738752 -0.0190308 0.0190555 -0.0159621 -0.00894437 0.0571132 0.0105437 -0.0304076 -0.00317568 -0.0111414 -0.0448933 0.000370572 0.0171813 0.00278797 0.000844662
internal_weight=22.7023 4.37983 18.3225 7.71775 10.6048 6.86556 5.98084 1.9705 4.62393 4.6932 0.896985 2.40932 0.852195 1.5582 1.52204 1.07649 5.34351 0.261344 1.28763 0.579154 0.0700465
internal_count=393304 6698 386606 370495 16111 350313 14855 3566 1256 14274 985 3132 20182 3370 2907 1960 347406 1087 581 554 618
is_linear=0
shrinkage=0.05


Tree=99
num_leaves=31
num_cat=0
split_feature=41 44 24 34 11 24 20 34 7 37 1 47 47 47 19 23 33 50 47 0 13 47 47 27 0 19 39 39 16 39
split_gain=2.35912 3.07024 2.74235 2.40308 1.86107 1.558 1.0151 0.867834 0.659761 0.597779 0.505253 0.495937 0.660623 0.493024 0.481834 0.637802 0.479059 0.347508 0.316033 0.171431 0.153571 0.104078 0.109917 0.0856704 0.0700931 0.0432592 0.0409753 0.0101417 0.00439662 0.00257052
threshold=10.500000000000002 2.5000000000000004 1.0000000180025095e-35 0.20942982286214831 -0.45156703889369959 1.0000000180025095e-35 0.48275209963321691 0.95619046688079845 1.0000000180025095e-35 1.0000000180025095e-35 5.5000000000000009 128.50000000000003 145.50000000000003 103.50000000000001 37.590579986572273 96.424011230468764 0.81666666269302379 91.304347991943374 112.50000000000001 75.821289062500014 1.5000000000000002 148.50000000000003 149.50000000000003 3.5000000000000004 43.655761718750007 94.641147613525405 0.77500000596046459 0.46428571641445165 95.101959228515639 0.61250001192092907
decision_type=2 2 2 2 8 2 2 2 2 2 10 2 2 2 2 2 2 2 2 2 2 2 2 2 2 2 2 2 2 2
left_child=1 3 4 -1 8 11 -5 28 -2 19 -8 18 17 25 -9 -16 -6 -13 20 -7 -3 26 27 29 -14 -11 -15 -23 -4 -24
right_child=2 5 7 6 16 9 10 14 -10 13 -12 12 24 21 15 -17 -18 -19 -20 -21 -22 22 23 -25 -26 -27 -28 -29 -30 -31
leaf_value=-0.021243225230012847 -0.0063710132111984771 0.018313612904048992 -0.042833016994911197 -0.010698339999590044 -0.025066624090590506 -0.0092801567204690971 0.067074667113605865 0.019565582772578468 0.071540168113260236 -0.003856195938534944 -0.0051527936590036886 -0.0065082067303485307 -0.014865618484638042 -0.041877433734772596 -0.027230781231710091 0.016228837965259556 0.016511056275387927 0.041850050175502869 -0.019942730902794144 0.017066920125484122 -0.0079792440109139971 -0.0013783907032144599 -0.018986756985968783 0.0040781712993104291 0.0048658716098582419 0.01197300101982636 0.00085155297587996841 0.0083674700048404303 -0.00032821975090099507 -0.00031906825799496105
leaf_weight=0.66715412797339269 0.14575011539409388 0.56114906631319017 4.8442688507986418 0.21912806187856437 0.93309974576777477 0.22564528154180141 3.1071629465674282 0.46867592971307237 0.53033619099323914 0.081290862034620992 0.11254832248823721 0.148913500307572 0.4070687172657016 2.2409850970766465 1.6401820840346775 0.46161852288059879 0.24614998220931739 1.6747156529572746 0.63995118069760792 0.54459445622160274 0.1700063949538162 0.028343951247279509 0.59576006780662283 0.15048422072140966 0.095635687634967326 0.27992711472325027 0.017065869567886582 0.15937760611814156 0.021620358140353235 0.053730780207501994
leaf_count=4415 8309 605 220175 2271 22142 4336 1136 368 430 3642 5191 6981 7420 64074 1066 13 3 104 2685 26 537 2303 34441 37 24 77 3 71 160 64
internal_value=-0.00113284 0.0129238 -0.0190252 0.0433403 0.0260214 -0.00561472 0.057833 -0.0320163 0.060964 -0.023502 0.0639271 0.0160563 0.0267183 -0.0306845 -0.00544419 -0.0155309 -0.0127939 0.0369948 -0.00567271 0.00846625 0.0111223 -0.0359223 -0.00888418 -0.0144128 -0.0103718 0.00819479 -0.0413922 0.00697436 -0.0427323 -0.0185721
internal_weight=21.4723 12.1806 9.2917 4.10599 1.85534 8.07465 3.43884 7.43637 0.676086 4.37721 3.21971 3.69744 2.32633 3.60697 2.57048 2.1018 1.17925 1.82363 1.37111 0.77024 0.731155 3.24575 0.987697 0.799975 0.502704 0.361218 2.25805 0.187722 4.86589 0.649491
internal_count=393109 140443 252666 13013 30884 127430 8598 221782 8739 109074 6327 18356 14529 104712 1447 1079 22145 7085 3827 4362 1142 100993 36916 34542 7444 3719 64077 2374 220335 34505
is_linear=0
shrinkage=0.05


Tree=100
num_leaves=25
num_cat=0
split_feature=20 39 8 35 46 0 34 34 28 38 26 16 16 16 43 44 48 37 47 33 50 47 19 48
split_gain=2.34331 2.18821 1.71376 1.57134 1.24603 1.25706 1.22213 0.87054 0.964141 0.711077 0.472408 0.298362 0.378314 0.285915 0.255856 0.225001 0.107201 0.103628 0.073785 0.0701025 0.0521006 0.0150753 0.00846731 0.000390327
threshold=0.82545602321624767 0.77500000596046459 1.0000000180025095e-35 1.5000000000000002 87.500000000000014 20.089843750000004 0.92582416534423839 0.39208073914051061 1.0000000180025095e-35 1.5000000000000002 4.5000000000000009 83.910789489746108 88.548007965087905 27.334994316101078 1.0000000180025095e-35 4.5000000000000009 11.500000000000002 1.0000000180025095e-35 105.50000000000001 0.73214286565780651 46.808748245239265 100.50000000000001 99.333332061767592 12.500000000000002
decision_type=2 2 2 2 2 2 2 2 2 2 2 2 2 2 2 2 2 2 2 2 2 2 2 2
left_child=6 2 3 9 5 -4 16 -5 -9 11 -6 22 -13 -8 -14 -10 -1 -16 21 -15 -19 -11 -2 -18
right_child=1 -3 4 7 10 -7 13 8 15 18 -12 12 14 19 17 -17 23 20 -20 -21 -22 -23 -24 -25
leaf_value=-0.040951941819649458 -0.023616041685827087 0.046114370237548052 0.062504449323600123 -0.020849385095071931 -0.026602322726600243 0.0068867447106508457 0.021995054818832089 0.042956413024172413 0.007899569237618826 -0.0052095746146592825 0.015233232471947853 0.019363512784066284 0.011903587603054697 -0.01465283393427975 0.0034294866610058263 -0.018526216456885208 0.0006952808639041656 0.00059770123374770117 -0.044114235953470554 0.0049227479807935244 -0.024026283989363944 0.0032795375656383546 0.00010801549380512005 -0.00065666167697878673
leaf_weight=3.8459007279668667 0.71476549025828928 2.0041887908992058 1.0868113421956871 0.70150631273872965 0.95044869202047244 2.5429768873027569 0.67440313179235978 1.3725784093726361 0.84222018260243203 0.12069182383220356 0.25100644964277308 0.88115801049889375 0.24992401372583106 0.35131936005268471 0.21244054664566636 0.54622419402596734 0.14532771299616332 0.18831565403524997 2.491576027282008 0.10481337830424309 0.91792640734502129 0.081834006889948796 0.029177500576224702 0.013307848828844726
leaf_count=321054 12728 256 807 23633 7385 120 415 130 193 526 139 1277 10 1758 73 1063 2791 4 15740 3 1691 114 33 1239
internal_value=-0.0022209 0.00734788 -0.000807374 -0.0129718 0.0209226 0.0334431 -0.0286633 0.0117308 0.0233512 -0.027093 -0.0149127 -0.00722338 0.00292544 0.0105451 -0.0102522 -0.00590047 -0.0396277 -0.017774 -0.0423157 -0.00986307 -0.0215409 -0.00190467 -0.0231572 0.000112998
internal_weight=21.3208 16.1858 14.1816 9.35034 4.83124 3.62979 5.13507 3.46253 2.76102 5.88781 1.20146 3.19371 2.44976 1.13054 1.56861 1.38844 4.00454 1.31868 2.6941 0.456133 1.10624 0.202526 0.743943 0.158636
internal_count=393182 65922 65666 57215 8451 927 327260 25019 1386 32196 7524 15816 3055 2176 1778 1256 325084 1768 16380 1761 1695 640 12761 4030
is_linear=0
shrinkage=0.05


Tree=101
num_leaves=27
num_cat=0
split_feature=28 38 11 2 41 24 13 25 21 26 33 37 40 35 25 2 39 20 39 0 39 19 41 24 24 19
split_gain=2.00461 1.85644 1.21082 1.30682 1.19458 1.24762 1.5903 0.923421 0.896174 0.570612 0.535509 0.499141 0.391645 0.317664 0.309271 0.302488 0.236642 0.211021 0.172723 0.148249 0.126583 0.0570888 0.0640887 0.0423347 0.0326983 0.0086104
threshold=1.5000000000000002 1.5000000000000002 -0.45156703889369959 3.5000000000000004 10.500000000000002 83.922328948974624 1.5000000000000002 2.5000000000000004 96.871944427490249 3.5000000000000004 0.58571431040763866 1.0000000180025095e-35 1.5000000000000002 1.5000000000000002 3.5000000000000004 1.5000000000000002 0.77500000596046459 0.93925386667251598 0.46428571641445165 151.01722717285159 0.46428571641445165 99.333332061767592 18.500000000000004 99.704143524169936 95.940452575683608 96.60919570922853
decision_type=2 2 8 8 2 2 2 2 2 2 2 2 2 2 2 8 2 2 2 2 2 2 2 2 2 2
left_child=1 2 3 7 5 6 15 -1 10 14 12 -8 24 16 21 -4 25 -14 -12 -7 -15 -6 -23 -16 -3 -10
right_child=-2 8 4 -5 9 19 11 -9 13 -11 18 -13 17 20 23 -17 -18 -19 -20 -21 -22 22 -24 -25 -26 -27
leaf_value=0.066738112669239208 -0.035022464396253936 -0.00222291281648016 0.033217481391752429 -0.013973466157200833 -0.031312346717525176 0.052223473584434812 0.011186228235573852 -0.0090387036028944222 -0.044553658772416682 0.012406153042961478 -0.0058986775535224377 -0.033609724197223571 -0.027812905744326384 -0.012072186598913253 -0.0039503493383969074 -0.0074273554886852035 0.004850210887672117 0.0066779528816626778 0.025958988522937921 0.013840484143090094 0.0093479232614350136 0.0060472284787435743 -0.010256381351896257 0.011537189681134314 0.015508572812618256 -0.0096877275771276566
leaf_weight=1.6320406389204438 2.2968217588644384 0.046189785231035674 1.4849459624360914 0.38778880711697628 1.7217110771925956 1.2112124573400251 0.27995230665010229 0.21751022236958295 1.3912595151837206 0.95081486653270975 0.13255549106543174 1.6677477329171777 1.0189443838730761 0.26000948644059452 0.083317484334202052 0.17338464853537527 0.10683716915082175 0.1473997969856099 1.2082621021281736 1.4038333408534527 0.52579598685542805 0.21945521631459985 0.35811223739892739 0.23048124283286597 0.34190209079679335 0.7111369228332477
leaf_count=2925 266982 3621 369 35966 17796 548 378 1902 3340 345 7759 9587 27670 1849 2089 7129 54 433 329 100 58 160 471 11 63 1023
internal_value=0.00100486 0.00723197 0.0180331 0.0448703 0.00830529 0.0203891 -0.000329118 0.057782 -0.0142312 -0.0126338 0.00529841 -0.0255604 -0.0117462 -0.0297109 -0.022657 0.0277725 -0.0366904 -0.0223835 0.021635 0.0411468 -0.000530879 -0.0278176 -0.00415513 0.0075482 0.0133171 -0.0396843
internal_weight=20.2094 17.9126 12.0223 2.23734 9.78497 6.22108 3.60603 1.84955 5.89029 3.56389 2.89525 1.9477 1.55444 2.99504 2.61308 1.65833 2.20923 1.16634 1.34082 2.61505 0.785805 2.29928 0.577567 0.313799 0.388092 2.1024
internal_count=392957 125975 79776 40793 38983 18111 17463 4827 46199 20872 39875 9965 31787 6324 20527 7498 4417 28103 8088 648 1907 18427 631 2100 3684 4363
is_linear=0
shrinkage=0.05


Tree=102
num_leaves=21
num_cat=0
split_feature=44 24 41 24 20 7 35 0 11 19 34 44 19 26 34 23 9 17 19 16
split_gain=1.8363 1.25597 2.57469 1.97957 1.13286 1.58354 0.812931 0.636893 0.446132 0.421506 0.395325 0.502001 0.598464 0.340039 0.315026 0.295925 0.261925 0.15583 0.125116 0.00124307
threshold=4.5000000000000009 61.733762741088874 9.5000000000000018 1.0000000180025095e-35 0.95259785652160656 1.0000000180025095e-35 1.5000000000000002 112.80730438232423 inf 99.333332061767592 0.13714733719825747 2.5000000000000004 82.807880401611342 4.5000000000000009 0.88562092185020458 99.090908050537124 1.0000000180025095e-35 93.419914245605483 85.880397796630874 80.735492706298842
decision_type=2 2 2 2 2 2 2 2 8 2 2 2 2 2 2 2 2 2 2 2
left_child=1 3 10 4 5 13 7 18 19 -2 -3 -12 -13 -1 15 -8 -11 -18 -4 -7
right_child=9 2 6 -5 -6 8 14 -9 -10 16 11 12 -14 -15 -16 -17 17 -19 -20 -21
leaf_value=-0.022010696352467069 -0.037284891815179903 -0.0072805224043521041 -0.0074645830848246893 -0.036983946003707864 -0.010534948691160284 0.065763759272406838 -0.019955675973350285 -0.036359314273131903 -0.0052228080046433228 -0.016837439827189736 0.053300884512966357 -0.018331867740182497 0.024633806348898543 0.01332732650330882 0.022003390890655242 0.0125872310729722 0.02023571294057596 -0.0061650453541656899 0.016279545477251047 0.0066232006686527834
leaf_weight=0.77630395274946462 2.7092953783631506 0.13829991370630335 0.17209296718692724 2.6508279342372703 2.6776404172305774 0.80151815510589564 0.5668656257425938 1.7025880061773933 0.11529315921006866 0.47212432495916823 2.8444394011335135 0.41170135954314435 1.1673926558210039 0.27720647397609355 1.1845734382836781 0.37079553971489077 0.42668934811536019 0.32393955245606776 0.4355205113665761 0.24620952892610148
leaf_count=45564 240529 7 12076 66114 193 842 9430 155 1348 4503 4451 5923 273 1256 181 23 259 217 192 34
internal_value=-0.00199197 0.00567922 0.0174648 -0.00876983 0.0101938 0.0307249 -0.00912834 -0.0252685 0.0558957 -0.0288682 0.0402991 0.0428547 0.0106673 -0.0107503 0.0109071 -0.00723209 -0.00183506 0.0118289 0.0090945 0.0618874
internal_weight=20.4713 16.5393 8.99427 7.545 4.89417 2.21653 4.43244 2.3102 1.16302 3.93205 4.56183 4.42353 1.57909 1.05351 2.12223 0.937661 1.22275 0.750629 0.607613 1.04773
internal_count=393570 148062 32711 115351 49237 49044 22057 12423 2224 245508 10654 10647 6196 46820 9634 9453 4979 476 12268 876
is_linear=0
shrinkage=0.05


Tree=103
num_leaves=16
num_cat=0
split_feature=28 0 24 24 46 35 13 12 41 11 32 0 1 16 16
split_gain=1.95805 1.56619 2.71918 1.83175 1.22238 1.06048 0.764593 0.729207 0.818179 0.351868 0.319885 0.225712 0.165048 0.127446 0.102144
threshold=1.5000000000000002 151.01722717285159 87.821357727050795 1.0000000180025095e-35 166.50000000000003 1.5000000000000002 1.5000000000000002 1.5000000000000002 3.5000000000000004 -0.45156703889369959 0.77500000596046459 101.58581161499025 5.5000000000000009 99.367088317871108 99.367088317871108
decision_type=2 2 2 2 2 2 2 2 2 8 2 2 8 2 2
left_child=1 2 3 5 11 7 10 8 14 -10 12 -5 -7 -9 -1
right_child=-2 -3 -4 4 -6 6 -8 13 9 -11 -12 -13 -14 -15 -16
leaf_value=-0.01130295082147386 -0.034282280376341095 -0.0077437599640281865 0.056045056074141113 -0.036881255323448991 0.027408045748319138 0.0098522213742840686 -0.02704109621632253 -0.014574936007317969 0.070714303531924344 0.012594691255623354 0.027185339656432023 0.0047458084218224301 -0.016606149733585446 0.0084074055814946629 0.0081247715397462141
leaf_weight=0.26071531627349265 2.1453365939976257 8.3107090489938855 2.6211511078217891 2.5739358287082732 0.2294639777278461 0.17833353081732661 0.98566651899773194 0.40498308599580912 0.88851503791875075 0.91449877434206428 0.72756325189266136 0.12622255759288226 0.37698101501337078 0.21172931650653481 0.47370112454518676
leaf_count=701 267003 313 2465 100302 797 2 5294 8368 2501 159 15 151 4982 7 11
internal_value=0.00255704 0.00814341 0.0198173 0.00367125 -0.0236077 0.0197898 -0.00550317 0.0349269 0.0439249 0.0562457 0.0156413 -0.0341786 -0.00723786 -0.00636479 -0.00131244
internal_weight=21.4295 19.2842 10.9735 8.35231 2.92962 5.42269 2.26854 3.15414 2.53743 1.80301 1.28288 2.70016 0.555315 0.616712 0.734416
internal_count=393071 126068 125755 123290 101250 22040 10293 11747 3372 2660 4999 100453 4984 8375 712
is_linear=0
shrinkage=0.05


Tree=104
num_leaves=12
num_cat=0
split_feature=8 24 0 20 18 0 47 37 46 37 37
split_gain=2.26799 2.77834 3.19351 0.881727 1.24054 0.636147 0.371135 0.143823 0.0525609 0.0160598 0.00252289
threshold=1.0000000180025095e-35 88.32251358032228 151.01722717285159 0.8582085669040681 91.715686798095717 63.314989089965827 150.50000000000003 4.5000000000000009 75.500000000000014 6.5000000000000009 5.5000000000000009
decision_type=2 2 2 2 2 2 2 2 2 2 2
left_child=1 7 5 -2 6 9 8 -1 -5 -3 -9
right_child=3 2 -4 4 -6 -7 -8 10 -10 -11 -12
leaf_value=-0.041789301024892561 -0.017651596128018778 -0.0089612923482378492 -0.012986741769382372 0.0085035451637660037 0.0079301926833287521 0.053907978191734575 -0.0043465055555949239 0.001313110453382373 0.067941922490855206 0.0020084263641779237 -0.0020826134160256637
leaf_weight=4.6340754741771688 0.53892349191846634 0.21571696516457306 7.3972165668384378 0.36594981329380949 3.6129721470406366 1.8248921242179674 0.094912505448519258 0.19985264474053099 0.87594401507794828 0.040926157247668016 0.043385351378219639
leaf_count=313496 43557 19986 361 163 358 3777 1460 4531 2456 44 2719
internal_value=-0.00277694 -0.0131292 0.0032855 0.0221506 0.0287226 0.0465614 0.0574766 -0.0401615 0.0620327 -0.00700579 -0.000480543
internal_weight=19.8448 14.3561 9.47875 5.4887 4.94978 2.08154 1.33681 4.87731 1.24189 0.256643 0.243238
internal_count=392908 344914 24168 47994 4437 23807 4079 320746 2619 20030 7250
is_linear=0
shrinkage=0.05


Tree=105
num_leaves=26
num_cat=0
split_feature=19 39 8 20 37 24 24 31 17 24 11 47 44 7 44 49 17 29 47 31 47 47 47 49 49
split_gain=1.84403 1.53 1.87488 1.57779 1.45954 0.712611 0.713648 0.52664 0.511036 0.473723 0.473087 0.354469 0.23265 0.174346 0.128341 0.108514 0.0815734 0.0565493 0.0439282 0.0406489 0.0181658 0.00961156 0.00310803 0.00201435 0.00012
threshold=99.333332061767592 0.77500000596046459 1.0000000180025095e-35 0.53469792008399974 2.5000000000000004 61.733762741088874 1.0000000180025095e-35 3.5000000000000004 86.616912841796889 82.554244995117202 -0.98531541228294361 160.50000000000003 2.5000000000000004 1.0000000180025095e-35 4.5000000000000009 6.5000000000000009 95.040985107421889 2.5000000000000004 124.50000000000001 1.0000000180025095e-35 123.50000000000001 174.50000000000003 163.50000000000003 1.0000000180025095e-35 2.5000000000000004
decision_type=2 2 2 2 2 2 2 2 2 2 8 2 2 2 2 2 2 2 2 2 2 2 2 2 2
left_child=1 2 11 7 8 6 -2 18 -4 -5 13 15 -7 -6 17 16 -1 19 20 22 -3 23 -13 -21 -25
right_child=5 3 4 9 10 12 -8 -9 -10 -11 -12 14 -14 -15 -16 -17 -18 -19 -20 21 -22 -23 -24 24 -26
leaf_value=-0.03923505877640119 0.013471742339185591 -0.0050392806098097584 -0.026216939590481287 -0.0072724763078913721 -0.0019801230704612261 0.041365349498524752 -0.02446093765549583 0.014642336995771683 0.011407383911102225 0.04936758354628841 -0.0056963625392327886 0.00097564375941075379 0.010731906882964609 0.065747783957792086 -0.013686712690625831 0.0022878080235632101 -0.0014664942106168471 -0.0050964737842038969 -0.029166462217187907 0.014942496841368412 0.0040591430375001595 -0.00070343204750893378 -0.0037166099026175042 -0.0003993004496965511 0.00037201150307477948
leaf_weight=5.9644317651021783 2.4452679536379942 0.10400074104347767 1.0043775796502816 0.16564671769549466 0.041216824698494747 1.5601645093956906 0.93713477069240969 0.39233008839551065 0.86117525051849941 1.1842146422609401 0.12785638927743992 0.032186042056309594 2.1002950675915599 0.26000792432796516 0.36783488217264448 0.057197000974269829 0.22705548119029106 0.10976025552901092 1.0461446406651473 0.43652631095466177 0.11047441254368096 0.014268563586483651 0.078742299240730063 0.0080491529001847084 0.011287096526302776
leaf_count=282804 233 921 40065 2806 2165 149 5585 200 187 248 5271 164 320 77 36912 615 358 2999 2432 5196 66 1661 739 797 295
internal_value=-0.00189064 -0.0130278 -0.0222832 0.0147408 0.0130633 0.0171834 -0.000221424 -0.0152086 -0.010929 0.0422801 0.0520309 -0.033619 0.0298628 0.0620807 -0.00323208 -0.0376111 -0.0382465 0.00713703 -0.0268663 0.0112098 -0.000869343 0.0140977 -0.00270244 0.014726 -2.58051e-05
internal_weight=19.6476 12.6048 9.60197 3.00281 2.29463 7.04286 3.3824 1.65295 1.86555 1.34986 0.429081 7.30734 3.66046 0.301225 1.05865 6.24868 6.19149 0.69082 1.26062 0.581059 0.214475 0.470131 0.110928 0.455863 0.0193362
internal_count=393265 386978 380305 6673 47765 6287 5818 3619 40252 3054 7513 332540 469 2242 48763 283777 283162 11851 3419 8852 987 7949 903 6288 1092
is_linear=0
shrinkage=0.05


Tree=106
num_leaves=31
num_cat=0
split_feature=41 44 50 34 47 16 47 18 46 33 1 50 19 45 46 19 16 16 16 38 16 38 2 49 34 0 41 16 34 37
split_gain=2.12711 2.08502 1.57252 1.51507 1.08286 0.7392 0.736523 0.539436 0.912293 0.534658 0.439692 0.404885 0.503949 0.301561 0.303521 0.289304 0.290336 0.252967 0.203674 0.185887 0.166917 0.125358 0.119568 0.111034 0.0584241 0.0418707 0.038191 0.0110789 0.00595986 0.00329228
threshold=10.500000000000002 2.5000000000000004 90.036628723144545 0.13714733719825747 149.50000000000003 27.072835922241214 158.50000000000003 91.715686798095717 5.5000000000000009 0.47222222387790685 2.5000000000000004 23.531040191650394 92.907444000244155 0.39768548309803015 92.500000000000014 93.908470153808608 75.134407043457045 91.820003509521499 18.350168228149418 4.5000000000000009 99.367088317871108 2.5000000000000004 1.5000000000000002 1.0000000180025095e-35 0.95619046688079845 21.535644531250004 1.5000000000000002 62.316371917724616 0.8441295623779298 4.5000000000000009
decision_type=2 2 2 2 2 2 2 2 2 2 10 2 2 2 2 2 2 2 2 2 2 2 10 2 2 2 2 2 2 2
left_child=1 3 20 -1 11 -5 9 26 -9 -6 -7 24 17 14 25 -14 27 19 -8 -13 -3 22 -11 -18 -2 -10 -4 -17 -12 -21
right_child=4 2 7 5 6 10 18 8 13 21 28 12 15 -15 -16 16 23 -19 -20 29 -22 -23 -24 -25 -26 -27 -28 -29 -30 -31
leaf_value=-0.016856735286504367 -0.0046531054772675721 -0.033761461667860995 0.003104136454414705 -0.009291380341124476 -0.010962445045381556 0.061258440063939185 0.0081774205940455449 0.024882415219130188 0.014962548747782313 0.042097784887727613 -0.0053880876973794074 -0.041945291098562897 0.015515721452658469 -0.024502431350707211 -0.016425755718290948 -0.00089869958403085589 -0.026196387877825456 0.0018484038466797786 -0.021939810276255824 -0.0011744643685967996 0.0038027467816673082 -0.0027368812361009466 -0.0023715166757379137 0.0027213584745673564 0.013165621261025051 -0.0014957547360302714 0.038007268405900213 0.010448401445540316 0.0012887607513554979 0.0033191600660598102
leaf_weight=0.46307344770298398 0.1009453457302224 1.7954991508606779 0.28269053876874728 0.17622398922026183 0.27789678710780696 2.8480066698128899 0.20365554897307425 1.784682073910062 1.0994699988764298 0.98532543630130909 0.1186972172172317 3.5144815534006293 0.36272148836724194 1.2679524677987499 0.48250925316642668 0.080688870453741512 0.93043446326964818 0.29737237057997834 0.81944117048101361 0.02405385731572085 0.12034860725179886 0.055645142298544559 0.052879166504681052 0.19087231758658163 0.27904061445678963 0.2670791338600792 0.74266765567244875 0.36324036889845956 0.028059301933353709 0.12557481367275614
leaf_count=2670 5200 120687 415 1172 28286 973 424 148 846 1374 8099 163684 477 923 3342 731 1588 108 40760 3843 54 1211 3659 27 105 218 865 742 32 407
internal_value=0.0020288 0.0155816 -0.000115114 0.0421723 -0.0156783 0.0527672 0.0100468 0.0128629 0.00320012 0.0270614 0.0578308 -0.0255353 -0.0286443 -0.0122427 0.00181353 -0.00441043 -0.0132764 -0.0371723 -0.014866 -0.0400565 -0.0309069 0.0373435 0.0397805 -0.0223115 0.00849034 0.0124731 0.0346683 0.00919191 -0.00410088 0.00220354
internal_weight=20.1412 11.477 7.8429 3.63406 8.66427 3.17099 2.39484 5.92705 4.90169 1.37175 2.99476 6.26943 5.88944 3.11701 1.84906 1.92796 1.56524 3.96148 1.0231 3.66411 1.91585 1.09385 1.0382 1.12131 0.379986 1.36655 1.02536 0.443929 0.146757 0.149629
internal_count=393070 140444 127498 12946 252626 10276 75714 6757 5477 34530 9104 176912 171607 5329 4406 3565 3088 168042 41184 167934 120741 6244 5033 1615 5305 1064 1280 1473 8131 4250
is_linear=0
shrinkage=0.05


Tree=107
num_leaves=28
num_cat=0
split_feature=44 34 38 20 27 47 18 18 28 33 45 47 43 17 47 45 41 27 46 17 39 39 47 41 2 2 2
split_gain=2.69489 1.68486 1.57435 1.43956 1.08951 0.970753 0.664859 0.723169 0.564127 0.554064 0.444134 0.349896 0.335775 0.36737 0.289287 0.286303 0.237325 0.164672 0.117345 0.0636215 0.0361484 0.0309333 0.0177698 0.0105616 0.00293164 0.0173104 0.0149798
threshold=2.5000000000000004 0.20942982286214831 1.0000000180025095e-35 0.46713979542255407 2.5000000000000004 128.50000000000003 87.007671356201186 91.715686798095717 1.5000000000000002 0.81666666269302379 0.7889811396598817 101.50000000000001 1.5000000000000002 89.825496673583999 89.500000000000014 0.99985355138778698 17.500000000000004 3.5000000000000004 145.50000000000003 85.86789703369142 0.77500000596046459 0.53571429848670971 117.50000000000001 27.500000000000004 1.5000000000000002 3.5000000000000004 4.5000000000000009
decision_type=2 2 2 2 2 2 2 2 2 2 2 2 2 2 2 2 2 2 2 2 2 2 2 2 8 10 10
left_child=1 18 5 16 8 10 -7 24 -5 15 14 19 13 21 -2 -9 -3 20 -1 -4 -14 22 -13 -18 -8 -26 -27
right_child=2 3 11 4 -6 6 7 9 -10 -11 -12 12 17 -15 -16 -17 23 -19 -20 -21 -22 -23 -24 -25 25 26 -28
leaf_value=-0.024897781009879428 0.0074287063411601628 -0.022528166859895938 -0.0062592531830809525 0.055173798784376352 -0.0098132018324787792 -0.017613339864887497 0.044839276621342142 -0.024889998618788003 -0.0069874776472369591 0.018509747174301781 0.01009722206905282 0.0044065800078658497 -0.041872808648098503 0.014709436659229093 -0.032368221763376628 0.009522052965407056 0.010314895444118198 0.0011546893496932476 0.0039903676976825002 0.010606810441170992 0.00075025480300042018 -0.021917581440863285 -0.0045830375696212641 -0.0011447082967447086 -0.0026203639372602292 0.0092324693450469928 -0.0018208697590178819
leaf_weight=0.91763455864719634 0.15985260053730455 0.62338633348906558 0.14101182999394257 3.7506602469879913 0.51049288086414879 0.53990580559866419 1.077740180406181 0.89639096048176725 0.16888922853343036 1.4536132231150987 0.4876227958346816 0.099698537048879876 4.0271454084301581 0.48486695885731024 1.7193840401932901 0.26206215703859925 0.22664528272616735 0.180177153653858 0.12928736090316306 0.26617803389081018 0.01506114591120411 0.54204077425174546 0.099880549924137085 0.023423189976597314 0.054917032729463355 0.18311092466774426 0.037779438355755701
leaf_count=12753 469 2425 11253 1489 63 48609 115 1217 18069 166 318 1111 265617 132 13713 8 349 279 118 124 4 234 10405 2716 290 71 1376
internal_value=-0.00125948 0.0232357 -0.0142829 0.0339543 0.0440368 0.00230655 0.0149927 0.022085 0.0516194 0.00283273 -0.019123 -0.0312482 -0.0341963 -0.00545754 -0.0275786 -0.0163004 -0.0133928 -0.0399006 -0.0211237 0.00446864 -0.0415967 -0.0195179 -0.000162461 0.00918445 0.0422483 0.00491384 0.00739901
internal_weight=19.0789 6.35042 12.7284 5.3035 4.43004 6.87238 4.50552 3.96561 3.91955 2.61207 2.36686 5.85606 5.44887 1.22649 1.87924 1.15845 0.873455 4.22238 1.04692 0.40719 4.04221 0.74162 0.199579 0.250068 1.35355 0.275807 0.22089
internal_count=393493 37982 355511 25111 19621 66352 51852 3243 19558 1391 14500 289159 277782 11882 14182 1225 5490 265900 12871 11377 265621 11750 11516 3065 1852 1737 1447
is_linear=0
shrinkage=0.05


Tree=108
num_leaves=20
num_cat=0
split_feature=44 34 43 0 1 2 18 24 19 19 18 43 43 41 27 17 39 43 39
split_gain=1.90235 1.75729 1.51143 1.38095 0.66239 0.610554 0.79668 0.566382 0.488529 0.453129 0.37797 0.228478 0.172429 0.163469 0.121899 0.0737457 0.0333987 0.00899442 0.00590432
threshold=1.5000000000000002 0.13714733719825747 4.5000000000000009 151.01722717285159 6.5000000000000009 1.5000000000000002 91.715686798095717 95.940452575683608 99.333332061767592 27.429467201232914 87.007671356201186 2.5000000000000004 1.5000000000000002 10.500000000000002 2.5000000000000004 95.040985107421889 0.77500000596046459 1.5000000000000002 0.46428571641445165
decision_type=2 2 2 2 10 8 2 2 2 2 2 2 2 2 2 2 2 2 2
left_child=1 -1 8 4 13 6 10 -7 9 17 -4 12 -10 -3 18 16 -11 -2 -13
right_child=2 3 5 -5 -6 7 -8 -9 11 15 -12 14 -14 -15 -16 -17 -18 -19 -20
leaf_value=-0.025534520594147569 0.0096774342980243729 0.063483167276948069 -0.0072624945778415901 0.0042523214835790768 -0.0076759785351204245 -0.028458390349959142 -0.0014588843142226459 0.015391368564042782 0.0061241651048483297 -0.039503430041339355 0.041059768642329311 -0.0071407526126224799 -0.0214379337382107 0.0044386081239194157 0.017937973183645074 0.0011259896037251582 0.00074286673921117796 -0.0010479174593705533 0.00090025528155495956
leaf_weight=0.96491009408544215 0.18204648731943773 1.7782768961792506 0.16918257101178813 2.9088698338266568 0.17892601400444608 1.2842564132364485 4.0028868271074316 0.33917235551052716 0.32731043236844903 4.2814056999499144 1.2318523734465996 0.16642051387998436 0.62225604722698336 0.28799406048460685 0.50632708559578532 0.059530439523768908 0.0151870490199143 0.021398799891358067 0.034851709349823068
leaf_count=5076 272 990 2968 288 14712 74254 328 238 134 285062 147 3810 493 1792 717 399 7 1865 18
internal_value=-0.00159106 0.0195941 -0.0120674 0.0308191 0.0533223 0.00391847 0.0118442 -0.0169223 -0.0281767 -0.0353117 0.0346301 -0.00264424 -0.0136693 0.0593851 0.0114916 -0.0385888 -0.0392478 0.00861596 -0.00615805
internal_weight=19.3631 6.11898 13.2441 5.15407 2.2452 7.02735 5.40392 1.62343 6.21673 4.55957 1.40103 1.65717 0.949566 2.06627 0.707599 4.35612 4.29659 0.203445 0.201272
internal_count=393570 22858 370712 17782 17494 77935 3443 74492 292777 287605 3115 5172 627 2782 4545 285468 285069 2137 3828
is_linear=0
shrinkage=0.05


Tree=109
num_leaves=28
num_cat=0
split_feature=44 11 1 47 19 2 21 48 46 17 45 1 38 16 47 23 24 24 47 47 31 20 23 40 27 16 23
split_gain=1.64162 1.51521 1.05204 0.861609 0.706248 0.656916 0.597471 0.496383 0.407473 0.384195 0.376426 0.471154 0.362926 0.336607 0.305863 0.247908 0.260276 0.178997 0.160865 0.113435 0.0602798 0.0500771 0.024846 0.17243 0.0230913 0.0219948 0.0183461
threshold=4.5000000000000009 -0.83677384257316578 40.500000000000007 142.50000000000003 91.010101318359389 3.5000000000000004 93.44086074829103 4.5000000000000009 75.500000000000014 92.40384674072267 0.70489299297332775 33.500000000000007 1.5000000000000002 91.010101318359389 108.50000000000001 29.708431243896488 95.017730712890639 99.704143524169936 133.50000000000003 204.50000000000003 1.0000000180025095e-35 0.93925386667251598 29.708431243896488 1.5000000000000002 2.5000000000000004 99.367088317871108 83.910789489746108
decision_type=2 8 8 2 2 8 2 2 2 2 2 10 2 2 2 2 2 2 2 2 2 2 2 2 2 2 2
left_child=1 5 3 4 6 8 15 10 -1 -2 11 19 -10 -6 25 -3 -17 -11 -18 -5 -12 -13 -22 -24 -16 -4 -9
right_child=9 2 14 7 13 -7 -8 26 12 17 20 21 -14 -15 24 16 18 -19 -20 -21 22 -23 23 -25 -26 -27 -28
leaf_value=-0.006371875186161606 -0.035842372605628961 -0.015237536170379609 -0.002463587590559172 -0.021086237793403701 0.020860096408296738 -0.010400955901646542 -0.033269938763717921 -0.013167559171787066 0.053159722989540761 -0.013383325824611367 0.0034072410781883521 -0.0020514431178416974 -0.0051417334902103193 -0.0043936380143999899 -0.032435965938949686 -0.010996027327676738 0.025606154202062099 0.011563144562939678 -0.0035972237127313007 0.0052589904551418902 0.0028978301880834122 0.02408768232469001 0.0019953263998476844 0.045973036876834843 -0.0026568217923441453 0.0099079162587984645 0.00094367188723716859
leaf_weight=0.13470591972691259 2.3608210301374579 0.3631674995190225 0.05181440171503604 0.60823308348409522 1.8179039749447838 0.26261867364883063 1.66663388743018 0.28968681850233213 1.7907388910252846 0.31339132166749539 0.33150573640887193 0.042098707468994689 0.11215170009245401 1.9434879355321755 1.7845725072953089 0.27868193911962147 0.8353240968189084 0.58997275203000754 0.33838001198523671 0.10257704773357545 0.20574557855707087 0.46110482807853259 0.34937450379436552 1.394238341734876 0.26120382781255091 0.17905178666114807 0.12779022707763943
leaf_count=635 242693 3490 5054 10734 340 26226 239 1309 3250 2523 101 2695 596 175 64813 23793 544 12 239 6 329 6 308 2735 195 1 44
internal_value=-0.000383028 0.00669302 -0.000712348 0.00611219 -0.00430883 0.0370503 -0.0181539 0.0223558 0.0445768 -0.0280598 0.0279735 0.0022329 0.049136 0.00962935 -0.0258131 0.00261029 0.0114667 0.00042427 0.0194052 -0.0164326 0.0368176 0.0219909 0.0394177 0.0411001 -0.0307544 0.00738562 -0.0112296
internal_weight=18.997 15.7328 13.4326 11.1559 7.24358 2.30022 3.48219 3.91235 2.0376 3.26419 3.49488 1.21401 1.90289 3.76139 2.27664 1.81555 1.45239 0.903364 1.1737 0.71081 2.28086 0.503204 1.94936 1.74361 2.04578 0.230866 0.417477
internal_count=393085 147857 117150 47087 28820 30707 28305 18267 4481 245228 16914 13441 3846 515 70063 28066 24576 2535 783 10740 3473 2701 3372 3043 65008 5055 1353
is_linear=0
shrinkage=0.05


Tree=110
num_leaves=35
num_cat=0
split_feature=26 33 47 50 19 43 17 18 37 19 23 16 47 35 43 20 46 50 44 44 0 20 20 0 37 20 44 46 45 20 20 20 47 37
split_gain=1.57352 1.0606 1.04081 1.08125 1.31252 0.736932 0.621714 1.06635 0.401066 0.337735 0.313384 0.306356 0.253614 0.246545 0.361486 0.311209 0.187238 0.12511 0.0863601 0.0846741 0.0786295 0.0680096 0.251328 0.0644344 0.0598806 0.0442505 0.0325034 0.0307359 0.208438 0.0245995 0.0181297 0.011725 0.00456664 0.000834871
threshold=2.5000000000000004 0.81666666269302379 134.50000000000003 30.303404808044437 85.215545654296889 1.5000000000000002 76.63120269775392 75.582656860351577 1.0000000180025095e-35 31.662488937377933 30.094339370727543 85.215545654296889 150.50000000000003 1.0000000180025095e-35 1.5000000000000002 0.93003022670745861 77.500000000000014 93.77976226806642 1.0000000180025095e-35 2.5000000000000004 112.80730438232423 0.89542675018310558 0.8582085669040681 151.01722717285159 4.5000000000000009 0.8582085669040681 1.0000000180025095e-35 11.500000000000002 0.39123311638832098 0.86001089215278637 0.93925386667251598 0.89223185181617748 103.50000000000001 5.5000000000000009
decision_type=2 2 2 2 2 2 2 2 2 2 2 2 2 2 2 2 2 2 2 2 2 2 2 2 2 2 2 2 2 2 2 2 2 2
left_child=2 13 6 10 24 -6 7 9 -7 -1 20 26 -3 15 25 18 32 19 -2 -13 -4 22 -16 -10 -5 -15 -8 -19 -29 -24 -11 -31 -9 -26
right_child=1 12 3 4 5 8 11 16 23 30 -12 17 -14 14 21 -17 -18 27 -20 -21 -22 -23 29 -25 33 -27 -28 28 -30 31 -32 -33 -34 -35
leaf_value=0.016698266565159173 0.0036483688561196009 -0.0055416358433761082 -0.0015505790403166893 -0.035310034558607484 0.028530795786519569 0.013620882398429277 0.0020920943770197766 0.0034776414994061471 -0.024558703173561944 -0.018021089156755106 -0.0063475528291858478 0.0075220233517857803 0.024008325296415667 -0.0048060463244236178 -0.02064726468055 0.010609873654326075 -0.0022801424349904969 0.022215009888486029 -0.022385185238884431 -0.011231247081583386 0.043587979236957154 -0.039441148840405865 0.012149341537556584 0.0019457399949516789 0.0014331910904856989 0.0098282725519214173 -0.016044607950642175 0.014426821032501378 -0.012306910960197299 -0.0045136243338280112 0.0010306664769149244 0.0029432185345272029 0.063406789607586986 -0.00070717302449058996
leaf_weight=0.40339775047664472 0.087123134957208803 0.69987581167379154 0.032000158546907076 2.3429334037948597 1.2649817946526127 0.39540029011186573 0.046712967572603126 0.12463414252442806 1.0431161342723951 0.54955814484907251 0.14174096506644673 0.1994531875257054 0.81070391620733062 0.10582318129422663 0.70151708066288143 0.86600726545839279 0.047764319747784501 0.8721271928202442 0.68111930602560733 0.3105082231581946 0.41393743902790447 3.018584112867984 0.243449579154003 0.10225875792093564 0.062555742575341244 0.25818466471946522 0.49118499613859967 0.77711845228168364 0.29670305599347557 0.097905261902610619 0.02342104813305923 0.093784625924399734 1.0611934672201639 0.014307513582480169
leaf_count=2611 547 281 3424 96546 536 446 19 699 10319 54592 8722 43 143 10754 137607 409 3772 82 37931 905 17 5454 367 6 2152 206 2454 578 248 6379 98 498 2914 1104
internal_value=-0.00148669 -0.0176618 0.010299 -0.00423493 -0.0131132 0.00935339 0.0246007 0.0401188 -0.0114237 -0.00173834 0.0332455 0.00596851 0.0135634 -0.0261516 -0.0313824 -0.00526444 0.0591942 0.0131869 -0.0190392 -0.0037725 0.0415166 -0.0349661 -0.0101845 -0.0223884 -0.0342809 0.00516943 -0.0141334 0.0174033 0.0046676 0.00931673 -0.0170822 -0.00145699 0.0615807 0.000748056
internal_weight=18.6811 7.66408 11.017 5.81323 5.22555 2.80576 5.20378 2.20997 1.54078 0.976377 0.587679 2.99381 1.51058 6.1535 4.51925 1.63425 1.23359 2.45591 0.768242 0.509961 0.445938 4.15524 1.13666 1.14537 2.4198 0.364008 0.537898 1.94595 1.07382 0.435139 0.572979 0.19169 1.18583 0.0768633
internal_count=392863 200576 192287 123272 111109 11307 69015 64686 10771 57301 12163 4329 424 200152 161265 38887 7385 1856 38478 948 3441 150305 144851 10325 99802 10960 2473 908 826 7244 54690 6877 3613 3256
is_linear=0
shrinkage=0.05


Tree=111
num_leaves=16
num_cat=0
split_feature=28 0 24 24 46 35 13 13 20 41 11 41 0 46 23
split_gain=1.58551 1.00901 1.95216 1.4235 1.02782 1.00763 0.751089 0.629332 0.60268 0.414802 0.295894 0.243987 0.156656 0.148871 0.00489486
threshold=1.5000000000000002 151.01722717285159 87.821357727050795 1.0000000180025095e-35 166.50000000000003 1.5000000000000002 1.5000000000000002 62.500000000000007 0.86684024333953869 3.5000000000000004 -0.45156703889369959 3.5000000000000004 101.58581161499025 5.5000000000000009 95.742755889892592
decision_type=2 2 2 2 2 2 2 2 2 2 8 2 2 2 2
left_child=1 2 3 5 12 7 11 8 -1 -10 -11 -7 -5 -13 -2
right_child=14 -3 -4 4 -6 6 -8 -9 9 10 -12 13 -14 -15 -16
leaf_value=-0.0097114218976658423 -0.031496156582006524 -0.0043543699905610692 0.050453037024028181 -0.034839581188577162 0.024450106829582957 0.025264933613395046 -0.027254084051560462 -0.01142334146227268 0.00777933563326977 0.067934369189548885 0.012118962364284606 0.0097785242325000368 0.0035346395128079463 -0.015296569506528832 0.00014697052361461983
leaf_weight=0.23720864621100801 1.6864131453877449 7.2103017282206556 2.4652249321829904 2.1431368930313974 0.24838490321462803 0.68688849237423732 1.0187725941741517 0.29046005020654764 1.0284897898009149 0.8866228264714664 0.87596816673340072 0.17722432315349579 0.10180723652047152 0.33198738368992053 0.0029753191074634025
leaf_count=9208 267304 324 2443 100500 764 680 5331 1418 246 256 587 1 162 4240 4
internal_value=0.00481513 0.00976628 0.0190046 0.00482702 -0.0214947 0.0181616 -0.00661426 0.0323995 0.0383951 0.0439668 0.0546231 0.0153708 -0.0325463 -0.00587281 -0.0314065
internal_weight=19.3919 17.7025 10.4922 8.02695 2.49333 5.53362 2.21487 3.31875 3.02829 2.79108 1.76259 1.1961 2.24494 0.509212 1.68939
internal_count=393468 126160 125836 123393 101426 21967 10252 11715 10297 1089 843 4921 100662 4241 267308
is_linear=0
shrinkage=0.05


Tree=112
num_leaves=15
num_cat=0
split_feature=28 0 24 24 44 23 12 0 46 23 46 23 44 44
split_gain=1.41984 1.49749 1.52486 1.57671 1.09508 0.754865 0.991636 0.516626 0.458264 0.446567 0.0215802 0.00486902 0.000386479 0.0378258
threshold=1.5000000000000002 151.01722717285159 87.821357727050795 1.0000000180025095e-35 1.0000000180025095e-35 86.72955703735353 1.5000000000000002 20.089843750000004 87.500000000000014 73.942821502685561 112.50000000000001 95.742755889892592 1.5000000000000002 3.5000000000000004
decision_type=2 2 2 2 2 2 2 2 2 2 2 2 2 2
left_child=1 2 3 5 -5 6 9 8 -7 -1 -10 -2 -4 -14
right_child=11 -3 12 4 -6 7 -8 -9 10 -11 -12 -13 13 -15
leaf_value=-0.00547768932543453 -0.031339953158929755 -0.0080725871711552748 0.053954422344188124 0.022500227811229474 -0.034200616285375837 0.031248841830530113 -0.012373509857500192 -0.013019956810758621 -0.0079808822489086852 0.059203153791495503 0.0015737386224710021 0.00014723957482601797 -0.0034217592693720246 0.011773766005146876
leaf_weight=0.1224410436057094 1.6613310939691233 7.7812995714484705 1.5929357809791329 0.4008470661253799 2.0296286433765545 1.1324497925443218 0.32498993284161759 1.5020609937782863 0.58350855909702637 1.2891473365029922 0.50161817270600295 0.0029690741334890127 0.070733586109326896 0.36829795833750723
leaf_count=4305 266938 332 113 430 100622 62 15964 50 129 1174 302 3 275 2074
internal_value=0.00308734 0.00781444 0.0198758 0.00727729 -0.0210163 0.0211837 0.0412857 0.00503963 0.0175169 0.0536478 -0.00492759 -0.0312496 0.0502468 0.00864903
internal_weight=19.3643 17.7 9.91866 7.88669 2.43048 5.45622 1.73658 3.71964 2.21758 1.41159 1.08513 1.6643 2.03197 0.439032
internal_count=392773 125832 125500 123038 101052 21986 21443 543 493 5479 431 266941 2462 2349
is_linear=0
shrinkage=0.05


Tree=113
num_leaves=16
num_cat=0
split_feature=28 0 0 2 18 33 37 11 18 41 47 46 7 0 13
split_gain=1.68379 0.765422 1.39904 1.06718 1.20322 0.514932 0.56742 0.421938 0.364913 0.359596 0.273323 0.221405 0.194073 0.177675 0.0948694
threshold=1.5000000000000002 151.01722717285159 63.314989089965827 2.5000000000000004 91.715686798095717 0.77500000596046459 1.5000000000000002 -0.83677384257316578 91.54584121704103 3.5000000000000004 102.50000000000001 5.5000000000000009 1.0000000180025095e-35 20.089843750000004 48.500000000000007
decision_type=2 2 2 8 2 2 2 8 2 2 2 2 2 2 2
left_child=1 2 3 4 7 10 13 9 -9 -1 -6 -12 -11 -7 -8
right_child=-2 -3 -4 -5 5 6 14 8 -10 12 11 -13 -14 -15 -16
leaf_value=-0.0040779777377541277 -0.030992478336282173 0.00016513034518588393 0.048722496152758775 -0.025441535498293283 0.0096215820357208257 0.030861289627603206 0.0027806707793994515 -0.014437783549135825 0.021891110582941763 -0.0020925741444449745 0.0052648964135469135 -0.029176692862481209 0.067828846300136636 0.0019995440875733689 -0.017897495414476616
leaf_weight=0.08803431780347637 1.6129734102140663 7.7344951706472775 2.207384173735818 1.0347080999181342 0.24070979584848817 1.2574957340334556 0.49435903056109942 0.39588877376718812 0.44670189137832494 0.043642849014304375 0.25396712370365992 1.1203217010934166 0.56594332717781981 0.89110470754985716 0.58091271898547348
leaf_count=795 266908 330 2014 114214 43 315 157 3680 14 1411 59 1227 1388 186 301
internal_value=0.00711437 0.0121514 0.0208644 0.00776495 0.015869 0.00102539 0.0116745 0.0437411 0.0062501 0.0586676 -0.0165676 -0.0232752 0.0646329 0.023328 -0.0116318
internal_weight=18.9686 17.3557 9.62117 7.41379 6.37908 4.83887 3.22387 1.54021 0.842591 0.69762 1.615 1.37429 0.609586 2.1486 1.07527
internal_count=393042 126134 125804 123790 9576 2288 959 7288 3694 3594 1329 1286 2799 501 458
is_linear=0
shrinkage=0.05


Tree=114
num_leaves=28
num_cat=0
split_feature=28 44 43 41 17 6 43 35 46 33 21 19 17 41 23 41 38 0 47 49 49 47 16 39 39 23 19
split_gain=1.3805 1.21883 1.08225 1.03393 0.975372 0.825211 0.684588 0.626383 0.443213 0.630504 0.425811 0.38124 0.271052 0.578929 0.219704 0.21133 0.209661 0.112665 0.103292 0.100188 0.209887 0.0417895 0.0396067 0.0331325 0.00710302 0.00495822 0.00268833
threshold=1.5000000000000002 1.5000000000000002 4.5000000000000009 10.500000000000002 82.807880401611342 1.0000000180025095e-35 1.5000000000000002 1.5000000000000002 5.5000000000000009 0.77500000596046459 92.450141906738295 99.333332061767592 81.872947692871108 23.500000000000004 99.090908050537124 3.5000000000000004 1.5000000000000002 151.01722717285159 134.50000000000003 1.0000000180025095e-35 1.5000000000000002 114.50000000000001 82.793453216552749 0.77500000596046459 0.30952382087707525 95.742755889892592 42.020372390747077
decision_type=2 2 2 2 2 2 2 2 2 2 2 2 2 2 2 2 2 2 2 2 2 2 2 2 2 2 2
left_child=1 3 6 19 5 -4 10 15 -6 21 -3 23 13 26 -13 -7 -16 -9 -11 -1 -21 -10 -12 -8 -18 -2 -5
right_child=25 2 4 12 8 7 11 17 9 18 22 14 -14 -15 16 -17 24 -19 -20 20 -22 -23 -24 -25 -26 -27 -28
leaf_value=0.0090576565610993448 -0.031045013166277249 0.022908674340955483 -0.012470411007037442 -0.0014052935649177417 0.017158930472441269 -0.0025666236000263429 -0.038785523042922598 -0.011098303690611726 -0.0025483545468831261 -0.0036589791784559528 -0.015995986263090033 -0.016982539411813154 -0.019123043881793915 0.024595906133299449 0.018630273278666624 0.061838120579911574 -0.010766412787833151 0.010104080257809702 0.012228857079350177 0.054767589612708723 0.0097830983586810177 -0.030146103766682947 0.00074890541890383253 0.00076153238614948683 0.00054400336058240241 0.00015157941484734088 -0.016933143246436071
leaf_weight=0.82149095236400826 1.6184384922457853 0.74597037075909411 0.33077538914994842 0.22804731557289437 1.2395051089397382 0.053732017139282107 1.9331910556034015 0.27916752348187401 0.35780526064900176 1.16036171124415 0.44997019117363379 0.45877175488521971 0.40836526867769851 0.97519337688254382 0.593931174204954 0.90225244916246083 0.23059990915453454 0.23476960882544518 1.3886421038778278 1.3959548535331125 0.87300145656354278 1.2113542007750764 0.35369949424330116 0.015223421156406514 0.052873386252031196 0.0030664048681502401 0.49501931844179126
leaf_count=469 267012 3230 24470 203 58 759 81338 3296 105 177 276 1847 95 706 1760 3114 1087 5 368 414 266 1272 187 1 50 4 435
internal_value=0.00317021 0.00791345 -0.00128598 0.0259237 0.0105684 0.0344955 -0.0176422 0.0458342 -0.00163436 -0.00953823 0.00698842 -0.0281817 -0.00173555 0.00798312 -0.00331938 0.0587567 0.00906517 -0.00113636 0.00600327 0.0405928 0.0457468 -0.0272945 -0.0122971 -0.038323 -0.00987662 -0.0309507 -0.0156936
internal_weight=18.8112 17.1897 11.9926 5.19707 7.15837 1.8007 4.83423 1.46992 5.35767 4.11816 1.54964 3.28459 2.10663 1.69826 1.33618 0.955984 0.877404 0.513937 2.549 3.09045 2.26896 1.56916 0.80367 1.94841 0.283473 1.6215 0.723067
internal_count=393004 125988 123400 2588 33624 31644 89776 7174 1980 1922 3693 86083 1439 1344 4744 3873 2897 3301 545 1149 680 1377 463 81339 1137 267016 638
is_linear=0
shrinkage=0.05


Tree=115
num_leaves=32
num_cat=0
split_feature=44 34 47 17 18 33 13 41 35 39 19 19 19 1 34 43 41 41 33 34 28 44 37 34 34 19 16 47 47 47 1
split_gain=1.86903 1.86609 1.42999 1.15797 1.0015 0.952842 0.988093 0.843778 0.700299 0.4549 0.448785 0.438808 0.405092 0.300319 0.26277 0.251676 0.224578 0.22168 0.199592 0.182098 0.119359 0.0995766 0.0939811 0.053405 0.0499649 0.0141877 0.01313 0.00980085 0.00839537 0.00612515 3.04627e-05
threshold=1.5000000000000002 0.13714733719825747 104.50000000000001 82.413585662841811 92.40384674072267 0.81666666269302379 3.5000000000000004 10.500000000000002 1.0000000180025095e-35 0.61250001192092907 81.754161834716811 91.734970092773452 27.429467201232914 2.5000000000000004 0.87228259444236766 1.5000000000000002 7.5000000000000009 22.500000000000004 0.52777779102325451 0.90238094329833995 1.5000000000000002 2.5000000000000004 4.5000000000000009 0.95619046688079845 0.90238094329833995 99.333332061767592 91.010101318359389 100.50000000000001 113.50000000000001 155.50000000000003 3.5000000000000004
decision_type=2 2 2 2 2 2 2 2 2 2 2 2 2 10 2 2 2 2 2 2 2 2 2 2 2 2 2 2 2 2 10
left_child=1 -1 8 12 10 15 -7 13 16 19 21 -12 28 -3 -8 -6 27 23 -17 26 -19 -5 24 -11 -10 -14 -9 -2 -4 -13 -15
right_child=2 7 3 4 5 6 14 9 22 17 11 29 25 30 -16 18 -18 20 -20 -21 -22 -23 -24 -25 -26 -27 -28 -29 -30 -31 -32
leaf_value=-0.02366767804796524 -0.003960310275501519 0.055758748381132608 0.0093585330101596999 0.00664972930201494 0.0034096620807223029 0.028740747765361802 -0.025391271580652353 -0.024442211604387209 -0.01562345151231425 -0.010620125497829204 0.038303309836083155 -0.0091148406324344008 -0.038820070854236471 1.9956713556239382e-06 0.0089648500202733333 0.0034911117188031991 0.053263783658857089 0.029204874792489784 -0.034729223319633615 0.0072996428479010101 -0.0037264674707222431 -0.015345132967144823 0.0074463481780571777 0.0053713657926007345 0.0032948050184832193 -0.0063369025039187541 0.00053658400707172656 0.0028430704049401362 -0.0010148827755011988 0.00066212531470747867 -0.0039883284774617387
leaf_weight=0.84135218661220079 0.094655166453093242 2.4174040902086067 0.17408983458017102 0.12773845575293341 0.37940135646067608 1.4532565890663138 0.97312009294182622 0.37294259699899579 0.42574639775432388 0.24983531971565764 1.429743463695331 0.21122636389418392 2.9255943283172887 0.0037998799602972913 0.20086359977722168 0.18869279850105192 0.52317911879890744 1.0116156348799448 2.4669328896509342 0.15273818564855901 0.07936912734191981 0.33538602059775258 0.14680507606726678 0.10853605899319518 0.071260049186548713 0.4803016801238299 0.010863611798413331 0.077748999718778578 0.020708910374878542 0.038337569928444282 0.084916323379275127
leaf_count=5052 1008 706 198 8 163 52 1884 7498 13222 874 2046 1007 336442 115 6 70 2531 126 4736 10 3009 1401 336 6 153 2445 3 295 1927 406 5412
internal_value=0.00380695 0.0261238 -0.00675325 -0.0130971 -0.00121012 -0.0120645 0.0085944 0.0380611 0.029774 0.00763821 0.0221873 0.0308716 -0.0329995 0.0531143 -0.0180933 -0.0276456 0.0470984 0.0193552 -0.0318014 -0.0160104 0.0261727 -0.00887998 -0.00620873 -0.00538811 -0.012522 -0.0367172 -0.0238584 -0.00108415 0.00832932 -0.00828499 -0.00397257
internal_weight=18.0782 5.33337 12.7448 11.4054 7.8047 5.66227 2.62724 4.49202 1.33939 1.9859 2.14243 1.67931 3.60069 2.50612 1.17398 3.03503 0.695583 1.44936 2.65563 0.536544 1.09098 0.463124 0.643812 0.358371 0.497006 3.4059 0.383806 0.172404 0.194799 0.249564 0.0887162
internal_count=393147 22811 370336 352791 11779 6911 1942 17759 17545 11526 4868 3459 341012 6233 1890 4969 3834 4015 4806 7511 3135 1409 13711 880 13375 338887 7501 1303 2125 1413 5527
is_linear=0
shrinkage=0.05


Tree=116
num_leaves=32
num_cat=0
split_feature=39 20 18 16 29 11 50 21 20 17 24 20 1 48 43 6 50 17 17 47 33 37 17 16 16 1 43 48 1 48 17
split_gain=1.24608 1.85685 1.68412 0.708747 0.525116 0.503636 0.712272 0.778731 0.532942 0.635783 0.47313 0.396943 0.352653 0.278379 0.239019 0.189528 0.14877 0.117906 0.10843 0.102026 0.0638473 0.033343 0.0301155 0.022165 0.0200132 0.01593 0.013926 0.0134757 0.00770437 0.00642767 0.00448198
threshold=0.77500000596046459 0.53469792008399974 87.007671356201186 74.388786315917983 3.5000000000000004 -0.85049855709075917 94.673755645751967 92.450141906738295 0.93925386667251598 93.419914245605483 95.940452575683608 0.33191312849521643 1.5000000000000002 2.5000000000000004 3.5000000000000004 1.0000000180025095e-35 23.531040191650394 87.895435333251967 87.138130187988295 112.50000000000001 0.64583334326744091 6.5000000000000009 65.545505523681655 75.809822082519545 74.115688323974624 3.5000000000000004 1.5000000000000002 1.5000000000000002 5.5000000000000009 16.500000000000004 85.215545654296889
decision_type=2 2 2 2 2 8 2 2 2 2 2 2 10 2 2 2 2 2 2 2 2 2 2 2 2 10 2 2 10 2 2
left_child=2 4 11 14 16 21 7 12 -8 -10 19 26 17 -9 24 -16 -2 23 -17 -11 -13 -5 27 -7 -4 -3 -1 -22 -27 30 -24
right_child=1 25 3 5 -6 6 8 13 9 10 -12 20 -14 -15 15 18 -18 -19 -20 -21 22 -23 29 -25 -26 28 -28 -29 -30 -31 -32
leaf_value=0.0092270314334591125 0.0043388826908689919 0.046378792758207388 -0.0077954585354208204 -0.026962983538552435 0.015501469771061611 0.0038213470291806363 -0.01644831618124034 -0.035158184302756926 0.033799913260618826 0.0019455004062483893 0.019757290873306646 -0.040904134633143643 -0.012901681758662263 0.00063112975567322172 -0.0045724223383539937 0.038438195395002664 -0.030133976971926102 0.026429155244366377 -0.00099407422019183022 -0.020820415292062001 0.0055179465562282017 0.0011488985505327927 -0.010771557269053322 -0.0065210627643213573 0.0028710749816787421 0.0044058921486236739 -0.0016981571256763422 -0.0027855474995323987 -0.0020491650451309497 0.00070819719976567474 0.00031271571165838704
leaf_weight=0.17457903497484339 0.10017346992026377 1.9028224432159961 0.18973820056692048 0.99606797478941189 0.3322303263876164 0.084355444005719926 0.4712638188841537 1.5095694260810435 2.0969532334288488 0.45094232149313007 0.5856546644354238 2.689086586777194 0.32761767405168019 0.64912214125752132 0.10036703305991035 1.024952087828751 1.1124568499737959 0.81813777191837289 0.13667548462262868 0.89935006278710716 0.15689917006238818 0.02773713135457001 0.26532285595885696 0.13611336175358701 0.061053243954802383 0.08974503192166583 0.034933077452024008 0.057242116135057586 0.042617556292043446 0.014158140867948532 0.03903825083261836
leaf_count=354 231 745 1018 9221 280 87 946 880 931 86 30 352104 2532 211 3603 2920 3062 176 142 750 1550 40 5544 1118 28 112 1868 176 2279 1 297
internal_value=-0.00126752 0.0216292 -0.00817562 0.00245181 -0.0150231 -0.00368941 0.00172221 -0.0131566 0.0136411 0.0197267 -0.0018373 -0.0340685 0.0116888 -0.0276035 0.0260452 0.0316863 -0.0266123 0.0219694 0.0354851 -0.0156246 -0.03791 -0.02601 -0.00596847 -0.00267518 -0.0049794 0.0452342 0.00750749 0.00283222 0.00235331 -0.00954582 -0.0102001
internal_weight=17.577 3.58005 13.9969 10.5657 1.54486 9.05289 8.02908 3.52492 4.50416 4.0329 1.93595 3.43126 1.36622 2.15869 1.51279 1.26199 1.21263 1.03861 1.16163 1.35029 3.22175 1.02381 0.532661 0.220469 0.250791 2.03519 0.209512 0.214141 0.132363 0.318519 0.304361
internal_count=393322 6709 386613 24719 3573 17008 7747 5004 2743 1797 866 361894 3913 1091 7711 6665 3293 1381 3062 836 359672 9261 7568 1205 1046 3136 2222 1726 2391 5842 5841
is_linear=0
shrinkage=0.05


Tree=117
num_leaves=32
num_cat=0
split_feature=20 16 38 40 31 44 32 46 0 37 33 50 18 13 23 44 47 44 50 18 16 43 47 13 17 32 20 16 18 26 17
split_gain=1.7311 0.834816 0.821065 0.778348 0.60006 0.596614 0.453392 0.705358 0.547035 0.45597 0.404157 0.402641 0.327603 0.267899 0.22089 0.216006 0.214597 0.198564 0.185496 0.163047 0.134908 0.0838811 0.0472995 0.0450579 0.041918 0.0318222 0.0304451 0.0267732 0.00842307 0.00643463 0.00153179
threshold=0.82545602321624767 72.04651260375978 1.5000000000000002 1.5000000000000002 1.0000000180025095e-35 4.5000000000000009 0.77500000596046459 18.500000000000004 151.01722717285159 1.5000000000000002 0.47222222387790685 88.476039886474624 15.047169685363771 62.500000000000007 40.270269393920906 1.0000000180025095e-35 109.50000000000001 1.5000000000000002 95.099250793457045 74.601570129394545 18.350168228149418 2.5000000000000004 118.50000000000001 72.500000000000014 95.040985107421889 1.0000000180025095e-35 0.92222753167152416 19.560019493103031 66.987178802490249 1.5000000000000002 78.738201141357436
decision_type=2 2 2 2 2 2 2 2 2 2 2 2 2 2 2 2 2 2 2 2 2 2 2 2 2 2 2 2 2 2 2
left_child=3 5 6 14 15 10 7 8 -3 13 25 19 27 18 20 -4 -11 -18 -8 28 -1 26 -17 -15 -14 -2 -6 -5 -12 -22 -31
right_child=1 2 4 12 21 -7 9 -9 -10 16 11 -13 24 23 -16 22 17 -19 -20 -21 29 -23 -24 -25 -26 -27 -28 -29 -30 30 -32
leaf_value=-0.0057627340950482031 0.0042729591917933024 0.028607203142981152 0.0059066366426864273 -0.0033931178350003069 0.018038066028671203 -0.010700850116086761 0.0040195744345500719 -0.026872198866547549 -0.012430837824921322 0.012185585794643355 0.0033333533004967389 -2.7114171829366282e-05 -0.038426134333405582 0.0048827037076912211 -0.011103533728886774 -0.0034371087762425333 0.0072253281562150995 -0.021743071936199787 0.033311435128165021 0.059209576982900497 0.023140789596919849 -0.0052907812578915992 -0.032986507076811437 -0.0090458507162182802 0.00093487778634135973 -0.0081774733711631291 -0.00040315626713580604 0.0087685185392874457 -0.0029536921612436096 -0.0012373428445060601 0.0015056252314632978
leaf_weight=0.1124093841316387 0.092116481198899591 0.90548968912821537 0.14346383331576351 0.07181970207853039 0.51893523206831549 0.26715021483454382 0.9793415993233342 0.95998191385046983 0.65844615796549988 0.37323286150467527 0.078593911760890367 0.38283610706776006 2.8792426032668748 0.21657373088896736 0.26141260887521867 0.40948996455631492 0.30831024989129197 0.71959679340238836 2.8919476910086814 1.0064419006257592 0.58574003338230796 0.11251263451777049 1.6711177550248519 0.28523445316841389 0.021220604683548916 0.19252618329619509 0.21221426546730981 0.16584390292609896 0.061313536512443534 0.025344694581633576 0.030085339523793664
leaf_count=151 314 556 52 1054 1202 29920 379 9351 33 75 457 369 307169 247 13694 263 36 1288 455 1228 253 4525 3362 1376 30 9074 209 253 888 4386 5
internal_value=0.000665493 0.00950663 0.00297287 -0.0242499 -0.0160231 0.0326451 0.0109634 -0.00532764 0.0132199 0.0178196 0.0405634 0.0471391 -0.0341999 0.0245513 0.00821881 -0.0267368 -0.00466558 -0.0137759 0.0282476 0.0555646 0.0174312 0.0114033 -0.0301744 -0.00378602 -0.0379723 -0.00395852 0.0155446 0.00532125 0.000404016 0.0225312 0.000267398
internal_weight=17.6 13.4469 11.3659 4.15312 3.06773 2.08098 8.29816 2.52392 1.56394 5.77424 1.81383 1.52919 3.13813 4.3731 1.01499 2.22407 1.40114 1.02791 3.87129 1.14635 0.753579 0.843662 2.08061 0.501808 2.90046 0.284643 0.731149 0.237664 0.139907 0.64117 0.05543
internal_count=392654 65659 23409 326995 9613 42250 13796 9940 589 3856 12330 2942 308506 2457 18489 3677 1399 1324 834 2573 4795 5936 3625 1623 307199 9388 1411 1307 1345 4644 4391
is_linear=0
shrinkage=0.05


Tree=118
num_leaves=19
num_cat=0
split_feature=44 24 38 2 18 47 47 20 18 17 1 1 24 48 47 39 39 47
split_gain=1.36472 1.58143 1.11639 0.522954 0.54721 0.516637 0.473443 0.457606 0.360018 0.35962 0.331628 0.229104 0.21503 0.117409 0.104802 0.064673 0.0364091 0.0227953
threshold=2.5000000000000004 61.733762741088874 1.0000000180025095e-35 1.5000000000000002 91.715686798095717 119.50000000000001 148.50000000000003 0.38908314704895025 87.007671356201186 89.825496673583999 3.5000000000000004 1.5000000000000002 95.940452575683608 5.5000000000000009 157.50000000000003 0.61250001192092907 0.77500000596046459 173.50000000000003
decision_type=2 2 2 8 2 2 2 2 2 2 10 8 2 2 2 2 2 2
left_child=1 -1 3 4 8 11 16 -3 -2 -8 13 -4 -5 -9 -11 -12 -7 -16
right_child=2 7 5 12 -6 6 9 10 -10 14 15 -13 -14 -15 17 -17 -18 -19
leaf_value=-0.023611012373235693 -0.0077412499347367519 -0.0094014164026242353 0.013715009838775031 -0.024007466897018114 3.761120744350541e-05 -0.04119353251911001 -0.020465300515628559 0.044785024513301491 0.037356818337096448 0.017933336500137415 -0.0094128377538989158 -0.013508925080775482 0.007556689792455426 0.0062181717944868563 -0.0071678750154888079 0.0071411362817244105 0.00076910842702557322 0.0034098936077872318
leaf_weight=0.87172209251633859 0.181476903033852 0.20621236546753641 0.84395646397820168 0.91404562878818729 3.8495550726856891 2.6678079639211494 0.67947380845538397 2.6369395429208007 1.1810205567289811 0.53648023558343993 0.2103005109654531 0.35796469730536284 0.21509723837903039 0.58912089537977852 0.28636472737593976 0.18700687172258768 0.015685328011386335 0.094221996042961109
leaf_count=24123 2738 548 331 63147 292 150981 95417 1528 142 706 9525 40414 128 331 736 1634 5 285
internal_value=-0.000320346 0.0200503 -0.00935235 0.00486883 0.0116728 -0.0240158 -0.0307981 0.0328198 0.0306159 -0.0047394 0.0367364 0.00315417 -0.0172695 0.0408801 0.0115097 -0.00208672 -0.040806 -0.00397608
internal_weight=16.5245 4.7013 11.8232 6.3412 5.21205 5.48196 4.28003 3.82958 1.3625 1.59654 3.62337 1.20192 1.12914 3.22606 0.917067 0.397307 2.68349 0.380587
internal_count=393011 37689 355322 66447 3172 288875 248130 13566 2880 97144 13018 40745 63275 1859 1727 11159 150986 1021
is_linear=0
shrinkage=0.05


Tree=119
num_leaves=31
num_cat=0
split_feature=44 38 44 25 20 12 0 24 33 33 37 28 20 47 33 24 34 47 17 47 46 46 37 20 23 16 41 20 47 47
split_gain=1.28458 1.00745 0.815451 0.638938 0.77701 0.723601 0.703932 0.596286 0.535923 0.355283 0.439107 0.360767 0.314625 0.309054 0.28024 0.218166 0.189917 0.175799 0.121734 0.0922807 0.0563398 0.0767377 0.0465073 0.0372654 0.121058 0.0346553 0.0158544 0.0141053 0.004162 0.00923313
threshold=4.5000000000000009 1.5000000000000002 1.5000000000000002 2.5000000000000004 0.95259785652160656 1.5000000000000002 151.01722717285159 88.32251358032228 0.64583334326744091 0.73214286565780651 1.5000000000000002 1.5000000000000002 0.33191312849521643 150.50000000000003 0.81666666269302379 99.704143524169936 0.87228259444236766 162.50000000000003 84.028984069824233 108.50000000000001 42.500000000000007 134.50000000000003 4.5000000000000009 0.83377414941787731 22.431865692138675 99.367088317871108 1.0000000180025095e-35 0.43771485984325414 101.50000000000001 100.50000000000001
decision_type=2 2 2 2 2 2 2 2 2 2 2 2 2 2 2 2 2 2 2 2 2 2 2 2 2 2 2 2 2 2
left_child=1 3 7 5 8 6 9 22 15 11 -11 13 -4 18 -2 -5 -16 28 -1 25 -10 -22 -3 24 -9 -7 -19 -26 29 -14
right_child=14 2 12 4 -6 19 -8 23 20 10 -12 -13 17 -15 16 -17 -18 26 -20 -21 21 -23 -24 -25 27 -27 -28 -29 -30 -31
leaf_value=0.069114867253206064 -0.032442717497943065 -0.018814452840711569 0.0088984667160515816 -0.019578997212009147 -0.021604837628535489 -0.0041411655805687819 -0.0025549104250813183 0.013565580504358974 0.029921787551157139 0.025047661323447896 -0.011749988729952934 -0.0044247857757408462 -0.0044486757323542476 -0.0035787630151369286 -0.012429560518759361 0.010201502353305976 0.014465773200052566 0.0060169892031316247 0.0079380918202296216 -0.015782798196142204 -0.007701334453350338 0.010261508157413632 0.0021501406759648497 0.026859614299603343 0.0010258168422988447 0.0092091415994942326 -0.0029984082335656973 -0.01007188138054641 -0.033580731758058084 0.0024182173589904674
leaf_weight=1.1226793751502575 1.7134671707167677 0.56807236428517094 0.17074608315147122 0.60682359475021108 1.3112749689835252 0.088174589828440619 1.010277745705366 0.3382959131208737 1.3962626889619967 1.7925261015761864 0.46134721729731598 0.097043187839062628 0.093952700139426137 0.076546684822915156 0.3085148007708084 0.22093959756875847 0.32826787233352661 0.1426579275153016 0.3833232251154185 0.45780343083674779 0.17896936856641321 0.25209982327532998 0.092947951468886458 1.0261187364812938 0.1553327245477476 0.16894575953483582 0.062772434393650656 0.19877451902812027 1.8883073450008963 0.051421863292944181
leaf_count=5303 243576 11088 535 35302 185 2046 130 33 119 733 634 16008 2762 1870 1630 145 3 213 89 24433 613 182 218 116 35 1 5214 404 39204 194
internal_value=0.00285093 0.00880525 -0.008753 0.0175437 0.00131484 0.0270133 0.0330805 0.0102186 0.0154482 0.0408958 0.0162193 0.055599 -0.024989 0.0595679 -0.0253957 -0.0103977 0.00180241 -0.0295225 0.0629248 -0.00976693 0.0266927 0.00263355 -0.0163468 0.0226913 0.00429331 0.00497858 0.0030601 -0.00804128 -0.0327376 -0.0020291
internal_weight=16.7647 14.4144 4.7894 9.62504 3.96637 5.65867 4.94374 2.37954 2.6551 3.93347 2.25387 1.67959 2.40986 1.58255 2.35025 0.827763 0.636783 2.23911 1.506 0.714924 1.82733 0.431069 0.66102 1.71852 0.692403 0.25712 0.20543 0.354107 2.03368 0.145375
internal_count=393018 147809 60016 87793 36546 51247 24767 11894 36361 24637 1367 23270 48122 7262 245209 35447 1633 47587 5392 26480 914 795 11306 588 472 2047 5427 439 42160 2956
is_linear=0
shrinkage=0.05


Tree=120
num_leaves=33
num_cat=0
split_feature=18 16 34 37 32 13 38 13 50 18 19 1 39 2 47 47 34 33 17 2 47 34 20 0 17 38 0 16 17 17 38 38
split_gain=1.08883 1.27926 1.2619 0.740719 1.07783 0.560551 0.458546 0.423032 0.404927 0.325838 0.303802 0.314051 0.299103 0.261677 0.373368 0.241224 0.166924 0.162652 0.143485 0.0820107 0.0611008 0.0531326 0.0453768 0.0441411 0.0394577 0.0347084 0.0240041 0.0181908 0.0122164 0.00284055 0.000389547 4.27628e-05
threshold=84.273937225341811 73.375530242919936 0.91987180709838878 1.5000000000000002 0.77500000596046459 65.500000000000014 1.5000000000000002 70.500000000000014 88.270568847656264 23.629112243652347 77.581478118896499 21.500000000000004 0.77500000596046459 2.5000000000000004 117.50000000000001 150.50000000000003 0.95619046688079845 0.73214286565780651 69.00656890869142 4.5000000000000009 165.50000000000003 0.82480818033218395 0.95259785652160656 151.01722717285159 58.204833984375007 4.5000000000000009 20.089843750000004 92.63776016235353 99.367088317871108 85.215545654296889 1.5000000000000002 1.0000000180025095e-35
decision_type=2 2 2 2 2 2 2 2 2 2 2 10 2 10 2 2 2 2 2 10 2 2 2 2 2 2 2 2 2 2 2 2
left_child=2 10 5 4 8 17 7 26 21 -4 -2 15 13 14 -5 16 22 25 -7 -15 -16 -3 -12 -9 -11 -1 -6 -10 -13 -17 31 -19
right_child=1 3 9 12 6 18 -8 23 27 24 11 28 -14 19 20 29 -18 30 -20 -21 -22 -23 -24 -25 -26 -27 -28 -29 -30 -31 -32 -33
leaf_value=-0.040860773700048765 -0.005358867313681976 -0.0038527841871110317 0.027675532937137926 0.0054237623363180398 0.040244294227359895 -0.0092224932093331793 -0.010959525351771266 -0.011717007701224075 -0.025097714874396649 -0.011760416585884349 0.059850045876426908 -0.0057994386821641581 0.011642525131432074 0.012225782036610214 -0.032014343393295605 -0.0035840515000445023 0.00019057748188622788 -0.00030049238470965695 0.014998881478052787 -0.0067455962271266894 -0.0003077001908054024 0.014213471518605136 0.0034696407844812616 0.0040171910989246417 0.0031261971814177027 -0.00079803546699126835 0.015387021011803483 -9.5712773767060917e-05 0.0024219283354821441 0.00092836293223814742 0.003110760391264491 0.00017509243616154152
leaf_weight=2.5758808105003408 0.1214093953660712 0.083148565232021077 0.80166389246369341 0.58851348114171864 1.5517298011745881 0.22309780593295148 0.37190824506455999 0.30104658824802744 1.4629954021470437 0.28294616173025133 0.92836955568259305 0.12812618004909371 0.28076187252372609 0.35906393792674851 2.1305949473896821 0.081717795596318754 0.1450389919700682 0.0060459298210843162 0.37476205658322215 0.15984424954331189 0.18023144619382936 0.45243012078572065 0.16795650620224478 0.083008811518084258 0.16744847974473487 0.09586929059474858 2.3017439214722799 0.082877187362555449 0.050489342520450009 0.029357542305433526 0.072787196530498477 0.016712047814962716
leaf_count=322075 4876 2933 216 166 625 23390 1113 1322 4670 2056 2354 1441 74 893 2409 1854 12 375 2566 6620 296 13 378 8 68 7950 349 249 10 82 1046 686
internal_value=0.00139267 0.0092472 -0.0170923 0.00121606 0.0106775 -0.0307973 0.0227416 0.0272271 -0.014749 0.0170616 0.0402473 0.0445522 -0.0145282 -0.0188264 -0.0235864 0.0496345 0.0533976 -0.038164 0.00584524 0.00578822 -0.0303813 0.0107262 0.056988 -0.00787087 -0.00788634 -0.0400321 0.0316261 -0.0243214 -0.00339236 -0.00262927 0.00293269 -0.000121525
internal_weight=16.6596 12.0424 4.61721 10.3899 6.69089 3.36516 4.60944 4.23753 2.08145 1.25206 1.65247 1.53106 3.69901 3.41825 2.89934 1.35244 1.24137 2.7673 0.59786 0.518908 2.31083 0.535579 1.09633 0.384055 0.450395 2.67175 3.85347 1.54587 0.178616 0.111075 0.0955452 0.022758
internal_count=393175 32747 360428 21740 11282 358088 3417 2304 7865 2340 11007 6131 10458 10384 2871 4680 2744 332132 25956 7513 2705 2946 2732 1330 2124 330025 974 4919 1451 1936 2107 1061
is_linear=0
shrinkage=0.05


Tree=121
num_leaves=27
num_cat=0
split_feature=35 35 34 1 47 44 43 47 47 37 20 34 17 16 34 37 43 34 27 34 45 26 16 46 37 45
split_gain=1.35117 1.21884 1.85011 0.648582 0.422994 0.576347 0.528833 0.366961 0.343426 0.303191 0.297926 0.221349 0.174382 0.138837 0.213418 0.112877 0.107842 0.0884258 0.0432623 0.0195264 0.016314 0.0147328 0.0114342 0.00697366 0.00641412 0.00332601
threshold=1.0000000180025095e-35 1.5000000000000002 0.83771929144859325 2.5000000000000004 104.50000000000001 1.5000000000000002 4.5000000000000009 166.50000000000003 157.50000000000003 4.5000000000000009 0.93003022670745861 0.20942982286214831 99.367088317871108 85.215545654296889 0.95619046688079845 4.5000000000000009 3.5000000000000004 0.8441295623779298 2.5000000000000004 0.13714733719825747 0.7889811396598817 1.5000000000000002 93.582702636718764 4.5000000000000009 4.5000000000000009 0.79457059502601635
decision_type=2 2 2 10 2 2 2 2 2 2 2 2 2 2 2 2 2 2 2 2 2 2 2 2 2 2
left_child=3 15 9 4 -1 11 13 16 17 12 22 19 -3 -7 24 -2 -4 20 -10 -6 23 -11 -8 -5 -15 -22
right_child=1 2 7 8 5 6 10 -9 18 21 -12 -13 -14 14 -16 -17 -18 -19 -20 -21 25 -23 -24 -25 -26 -27
leaf_value=0.045835790765018106 -0.041235775796000823 -0.031389574204826652 0.0091711700819612479 -0.00015719087471228758 -0.006915652719922504 -0.025236218836749209 -0.012005469132626059 -0.01123280400103229 -0.0028764056763008338 0.0098113737115064822 0.020141628109016603 0.034719261884405356 -0.0011888399352566765 -0.014892308163617857 0.012665498523748292 0.0010874604431978046 0.033663680765336296 0.0035870219461988867 0.015736977203149771 0.003160743233423996 0.0019509581923171872 -0.0016774144043198388 0.00099463172546553611 -0.024421686442136679 0.0003540785093295671 -0.0020467681180258899
leaf_weight=0.4029890842379612 2.2054908046217165 2.9011155377840234 1.848194490376273 0.043265476325586749 0.1586412729510015 0.77740115659807452 0.31398166702894093 0.2355347141221954 0.060848559587611706 0.2057402546877255 1.7720786675631641 1.2586415470183281 0.63694511661196873 0.38911187131043334 0.50940366635040846 0.11257295330960904 1.4133334468156133 0.080028520050291152 0.30917177252194961 0.073473354691316217 0.04023974598044322 0.034670871197022279 0.030493123225824093 1.0206794580574294 0.024699403306385648 0.042070078434335301
leaf_count=1398 98942 191034 405 361 801 29773 14550 494 5903 91 402 433 502 4041 9 2457 3900 697 23 109 99 2997 24 31699 183 1723
internal_value=-0.00261749 -0.0143287 -0.00251604 0.0126321 0.0198375 0.0109102 -0.00103331 0.0207879 -0.010858 -0.023921 0.0131826 0.029629 -0.0274127 -0.017056 -0.000627547 -0.0394721 0.0251935 -0.0205462 0.0128107 -0.00374948 -0.0231174 0.00813794 -0.0109708 -0.0239892 -0.0143755 -9.55471e-05
internal_weight=16.9008 9.5936 7.27553 7.30722 5.71091 5.30793 3.81717 3.49706 1.5963 3.77847 2.11655 1.49076 3.53806 1.70062 0.923215 2.31806 3.26153 1.22628 0.37002 0.232115 1.14625 0.240411 0.344475 1.06394 0.413811 0.0823098
internal_count=393050 300822 199423 92228 51723 50325 48982 4799 40505 194624 14976 1343 191536 34006 4233 101399 4305 34579 5926 910 33882 3088 14574 32060 4224 1822
is_linear=0
shrinkage=0.05


Tree=122
num_leaves=29
num_cat=0
split_feature=44 26 47 20 34 11 47 37 31 50 46 33 33 20 47 48 20 34 16 19 44 45 50 37 45 34 46 23
split_gain=1.1839 0.870136 0.886351 0.724168 0.67984 1.23396 0.767618 0.711295 0.638291 0.47422 0.471369 0.363036 0.35918 0.312269 0.290104 0.277178 0.2652 0.184386 0.16331 0.142913 0.123244 0.101799 0.0430363 0.0233181 0.0195702 0.00609069 0.00732703 0.00132472
threshold=4.5000000000000009 2.5000000000000004 149.50000000000003 0.46713979542255407 0.54356062412261974 -0.45156703889369959 132.50000000000003 3.5000000000000004 1.0000000180025095e-35 23.531040191650394 145.50000000000003 0.73214286565780651 0.81666666269302379 0.93003022670745861 112.50000000000001 5.5000000000000009 0.86684024333953869 0.87228259444236766 91.820003509521499 96.60919570922853 1.5000000000000002 0.39123311638832098 99.655174255371108 6.5000000000000009 0.99985355138778698 0.22902098298072818 146.50000000000003 90.399383544921889
decision_type=2 2 2 2 2 8 2 2 2 2 2 2 2 2 2 2 2 2 2 2 2 2 2 2 2 2 2 2
left_child=1 3 8 9 5 6 16 15 19 -1 23 18 -2 27 21 -6 -5 -14 -10 -3 -9 22 -7 -8 -23 26 -12 -4
right_child=12 2 13 4 7 14 10 20 11 -11 25 -13 17 -15 -16 -17 -18 -19 -20 -21 -22 24 -24 -25 -26 -27 -28 -29
leaf_value=0.014481042836887585 -0.032773339426669774 -0.038255409445503319 -0.0093325589378750948 -0.0041800266452208992 0.044179792187988537 -0.0030023398747742965 -0.020948516431370523 0.0074286631878978217 -0.019882935399128821 -0.025859020077647801 0.003351955077711322 0.018607861339272436 -0.012030595835656584 0.027641546444237459 -0.026363362979245682 0.00076363094743040622 0.050232203508854815 0.014005101257332932 0.0078273972684167383 -0.0050673023917335268 -0.015779079678991316 -0.0096607377976382532 0.014981734051725874 0.0010914817723820702 0.0022195410797507557 0.020644029226462912 -0.0025732913071207413 0.00014056041773142096
leaf_weight=0.38717837137528721 1.7604902789527721 1.465246182421424 0.24394638918977296 0.090330084205789141 3.1756451006555158 0.063236207926819055 0.69139463516466981 0.21828674819244032 0.63927929068751133 0.86015052389237212 0.069265452375020686 0.85579045776921703 0.29634165233483134 1.0010852223713298 1.4258001484772078 0.44213567689030231 0.88594180249765486 0.46294358745217323 0.15187640429940075 0.7712904666450412 0.35738491610584333 0.2686656237740408 0.38454233058109821 0.026805712014947858 0.05063603707776565 0.25499817538070602 0.054096803458833165 0.00786061669305127
leaf_count=1553 243962 1063 18837 7070 5065 2238 14899 86 46267 10377 57 178 1600 181 35384 242 712 5 8 194 672 1906 30 120 91 52 855 35
internal_value=0.00203982 0.00776589 -0.00790113 0.01602 0.0210941 0.00499835 0.0268956 0.0333521 -0.0189066 -0.0124654 -0.00359237 0.00413866 -0.0243134 0.0194619 -0.0176411 0.0401882 0.0456301 0.00278119 -0.0131633 -0.0319121 -0.00784938 0.00431578 0.0121225 -0.0199694 -0.0075224 0.0194288 0.000775913 -0.00916079
internal_weight=17.3626 14.8429 5.13638 9.70649 8.45917 4.26571 2.07283 4.19345 3.88348 1.24733 1.09656 1.64695 2.51978 1.25289 2.19288 3.61778 0.976272 0.759285 0.791156 2.23654 0.575672 0.76708 0.447779 0.7182 0.319302 0.37836 0.123362 0.251807
internal_count=393739 148172 66763 81409 69479 63414 23765 6065 47710 11930 15983 46453 245567 19053 39649 5307 7782 1605 46275 1257 758 4265 2268 15019 1997 964 912 18872
is_linear=0
shrinkage=0.05


Tree=123
num_leaves=38
num_cat=0
split_feature=18 34 17 47 32 50 13 50 35 47 13 47 47 47 19 24 38 44 35 17 24 48 47 23 44 41 40 18 18 39 41 47 34 34 34 44 50
split_gain=1.45106 1.06041 0.943312 0.689106 0.4554 0.568091 0.569822 0.586176 0.431027 0.374316 0.303586 0.261535 0.219291 0.206576 0.217343 0.182862 0.161319 0.147979 0.185265 0.13232 0.103278 0.0998547 0.0396051 0.0354634 0.0309045 0.0283538 0.0196414 0.0189017 0.0302482 0.0187326 0.00995205 0.00781175 0.00585814 0.00280875 0.00152552 0.00129744 0.00120917
threshold=84.273937225341811 0.95619046688079845 65.419578552246108 144.50000000000003 0.77500000596046459 95.099250793457045 2.5000000000000004 97.68778228759767 1.5000000000000002 130.50000000000003 61.500000000000007 127.50000000000001 134.50000000000003 166.50000000000003 37.590579986572273 88.32251358032228 4.5000000000000009 4.5000000000000009 1.0000000180025095e-35 92.40384674072267 95.940452575683608 11.500000000000002 91.500000000000014 71.010189056396499 1.5000000000000002 3.5000000000000004 1.5000000000000002 92.031745910644545 85.89511871337892 0.90000000596046459 8.5000000000000018 142.50000000000003 0.85357144474983226 0.54356062412261974 0.91987180709838878 1.5000000000000002 64.711742401123061
decision_type=2 2 2 2 2 2 2 2 2 2 2 2 2 2 2 2 2 2 2 2 2 2 2 2 2 2 2 2 2 2 2 2 2 2 2 2 2
left_child=1 16 11 4 9 8 -7 -8 25 24 17 -2 27 14 -3 -9 21 18 26 -19 -20 22 34 -16 -4 -6 -5 28 -11 -14 -27 -18 -23 -33 -1 -12 -13
right_child=2 13 3 10 5 6 7 15 -10 12 35 36 29 -15 23 -17 31 19 20 -21 -22 32 -24 -25 -26 30 -28 -29 -30 -31 -32 33 -34 -35 -36 -37 -38
leaf_value=-0.0012606384555889712 0.050394999106949556 0.02575661138135911 -0.00014441563470812813 0.0025690609110036932 -0.028413147829629389 0.032232149144546161 0.020573711274181113 -0.025481550156656613 0.012069125714919962 0.0059573007490934561 -6.1128800188466074e-06 0.00033407962578950147 -0.013823545540227378 -0.010243073662772507 -0.0097539276093858741 0.0063825025461923049 -0.0021042418528478802 -0.011446833850563337 -0.010580977666918703 0.010945657218567778 0.0098309035095989969 -0.0021226552213118549 -0.038786013144325247 0.0037867942356287366 -0.03022160158234969 0.0023795890501567343 0.032167767777921429 0.016725951345419991 -0.0056708385448621659 0.0014402738004151636 -0.0045087167451034324 -0.00066586463672675797 0.0032697644274361608 0.0049854079231026679 0.0014718636576207167 -0.010033701354325054 -0.0042372096780143266
leaf_weight=0.025863980700196243 0.54829007119178541 0.7464436181763856 0.098423308428208123 0.24478164397078295 0.84772374407043549 1.2565286427284266 0.53013269850566724 0.96588843234781052 0.4310993844837866 0.12142000003564113 0.034366956198937149 0.010119510164827261 0.37055789537953387 0.20207340210163227 0.23147774112396746 0.14679708488984033 0.043323341153609252 0.27700821091843852 0.2549866498807204 0.36500824152471978 0.22791474591940641 0.044028453439409421 2.763246204367988 0.12125616078947132 1.4861181121727893 0.13476682550867736 2.036646567205481 0.43267462324934058 0.11693979772530838 0.032698137409170158 0.13248281852838772 0.01349688273518268 0.065140438511207321 0.10647124193724267 0.029452197187310958 0.24678100295182048 0.09174775674864577
leaf_count=5100 1056 527 91 114 300 83 172 1885 178 201 46 39 4704 224 1360 30 4664 6225 489 619 27 4051 339922 43 4377 173 2476 386 812 14 388 3492 32 327 3 4112 3502
internal_value=-2.03417e-05 -0.0216834 0.00936999 0.0036333 -0.00550781 0.00437166 0.0157562 -0.00427345 -0.0147809 -0.018706 0.0186623 0.0446852 0.00330277 0.0108218 0.0177292 -0.0202465 -0.0346678 0.0226936 0.0264782 0.000196838 -0.000814265 -0.0367827 -0.038166 -0.0057408 -0.0291321 -0.0259603 0.0307427 0.0145476 0.000279927 -0.0124415 -0.00189841 0.00227454 0.00114198 0.00432276 0.000210335 -0.00976948 -0.00389203
internal_weight=15.8342 4.39227 11.4419 10.7917 7.10425 4.44542 2.89935 1.64282 1.54607 2.65883 3.68749 0.650157 1.07429 1.30125 1.09918 1.11269 3.09102 3.40635 2.76433 0.642016 0.482901 2.92773 2.81856 0.352734 1.58454 1.11497 2.28143 0.671034 0.23836 0.403256 0.26725 0.163291 0.109169 0.119968 0.0553162 0.281148 0.101867
internal_count=392244 359745 32499 27902 13794 3209 2170 2087 1039 10585 14108 4597 6117 2154 1930 1915 357591 9950 3106 6844 516 349108 345025 1403 4468 861 2590 1399 1013 4718 561 8483 4083 3819 5103 4158 3541
is_linear=0
shrinkage=0.05


Tree=124
num_leaves=42
num_cat=0
split_feature=28 26 47 24 47 38 31 41 41 16 43 37 43 46 20 47 13 13 50 20 34 37 43 20 49 37 39 47 24 16 13 39 20 13 38 35 23 50 43 43 21
split_gain=1.05176 0.756792 0.799934 1.03737 0.776936 0.682632 0.564717 0.361826 0.336935 0.327967 0.269539 0.254646 0.233215 0.218641 0.218442 0.161144 0.160922 0.154824 0.152771 0.14688 0.0994808 0.0866546 0.0744595 0.0646707 0.0641146 0.0529878 0.0523801 0.0505853 0.0403056 0.0365006 0.029115 0.0253864 0.0232218 0.0208415 0.0167434 0.0092217 0.00379742 0.00292463 0.000150693 0.00249707 5.44868e-05
threshold=1.5000000000000002 2.5000000000000004 129.50000000000003 61.733762741088874 149.50000000000003 1.5000000000000002 1.0000000180025095e-35 10.500000000000002 1.0000000180025095e-35 71.50376129150392 2.5000000000000004 1.0000000180025095e-35 1.5000000000000002 77.500000000000014 0.93003022670745861 132.50000000000003 1.5000000000000002 1.5000000000000002 86.375549316406264 0.82545602321624767 0.68301436305046093 1.5000000000000002 4.5000000000000009 0.95259785652160656 3.5000000000000004 1.0000000180025095e-35 0.46428571641445165 125.50000000000001 1.0000000180025095e-35 99.367088317871108 1.5000000000000002 0.61250001192092907 0.89223185181617748 1.5000000000000002 2.5000000000000004 1.0000000180025095e-35 95.742755889892592 43.752269744873054 4.5000000000000009 1.0000000180025095e-35 92.940196990966811
decision_type=2 2 2 2 2 2 2 2 2 2 2 2 2 2 2 2 2 2 2 2 2 2 2 2 2 2 2 2 2 2 2 2 2 2 2 2 2 2 2 2 2
left_child=1 2 8 11 6 7 9 12 17 -3 26 28 -5 19 -12 30 31 -1 -18 21 -20 -10 -14 27 33 -21 -6 -8 -4 -11 -13 -7 37 38 -23 -16 -2 -29 39 -9 -39
right_child=36 4 3 5 10 16 23 24 13 29 14 15 22 -15 35 -17 18 -19 20 25 -22 34 -24 -25 -26 -27 -28 32 -30 -31 -32 -33 -34 -35 -36 -37 -38 40 -40 -41 -42
leaf_value=0.012326053369097974 -0.027542983814432959 0.0065010170101837328 0.011559564732279613 0.049434341990748067 -0.011894841884630261 -0.0022186536218001722 -0.0035511295489382938 0.0017177230857377782 -0.0071873868930894345 -0.03503799260683281 -0.0064648360398515186 0.0074234857753405215 -0.0075890947251432321 -0.0042555623372125782 0.03190202665748177 -0.028023674496133907 -0.020636649738421858 -0.011490339850758154 -0.0079937262166897491 0.0013999454326387786 0.012571582253309467 0.013325144235476713 0.010054967596331031 -0.0050954439511564677 0.0078462909045561354 0.047460037707620924 0.0043274557817698459 0.0013891157896187287 -0.0037567106665606694 -0.0033309747176527302 -0.0043299745745790296 0.01242593571343902 0.015771350293670345 -0.01060703987215556 -0.0013612887697392179 0.0040557591581819596 0.00013477167229408041 -0.0025555261939722469 0.0019739472872002677 -0.001750790032321364 2.3211888997882408e-05
leaf_weight=0.38726046372221246 1.2148084269360031 0.28786230440368843 0.22077551684174102 0.93689746036989185 0.28945652038464675 0.045734532840015052 0.075005277983791308 0.039790653298041323 0.1638083078985354 1.8022937247005759 0.14654122218871624 0.17762951939243965 0.17126980810462555 0.092968495014701946 0.83499354099376411 1.5687882411807548 0.62895576750611304 0.34677995006813944 0.18432762329280195 0.12710021719317444 0.29080741840789415 0.36028070516772459 0.28379259894904862 0.14977631246051715 0.14926428537864922 2.0450444880141276 0.16179485815041517 0.028592702294645278 0.08086018630979197 0.32775891452365602 0.093891475726422868 0.25735985949722817 0.77100479768910191 0.25657367502299167 0.027724693749632934 0.36390490623557525 0.002703684711832576 0.053534426066107699 0.041470408918712565 0.035929757187886935 0.0026920495697595461
leaf_count=638 266825 654 670 162 640 1770 2178 38 5653 1820 5731 2029 1504 11166 184 65386 2838 1103 496 411 47 2447 286 139 14 3214 50 36 2306 139 2533 23 986 1551 850 890 2 4233 149 882 61
internal_value=0.00518488 0.00957277 0.0177168 0.00402278 -0.00490421 0.0194194 -0.0171661 0.033443 0.0332745 -0.0275715 0.0165729 -0.0184377 0.0417101 0.039248 0.0241573 -0.0239345 -0.00562987 0.000936822 -0.0127637 0.0414768 0.00458284 0.00538864 0.0027625 0.00817781 -0.00149891 0.0460558 -0.0071044 0.0118464 0.00772194 -0.032782 0.00315024 0.0102094 0.0143822 -0.00822582 0.012051 0.0291381 -0.0274485 -0.00114326 0.00181543 -2.56787e-05 -0.00252698
internal_weight=15.5278 14.3103 9.01509 5.46412 5.29521 3.32217 3.49852 1.91499 3.55097 2.41791 1.79669 2.14194 1.39196 2.81693 1.34544 1.84031 1.40719 0.73404 1.10409 2.72396 0.475135 0.551814 0.455062 1.08061 0.523029 2.17214 0.451251 0.930829 0.301636 2.13005 0.271521 0.303094 0.855824 0.373764 0.388005 1.1989 1.21751 0.0848192 0.117191 0.0757204 0.0562265
internal_count=392734 125907 108166 82684 17741 9760 10246 4586 25482 2613 7495 72924 1952 23741 6805 69948 5174 1741 3381 12575 543 8950 1790 7633 2634 3625 690 7494 2976 1959 4562 1793 5316 2620 3297 1074 266827 4330 1069 920 4294
is_linear=0
shrinkage=0.05


Tree=125
num_leaves=27
num_cat=0
split_feature=19 16 33 34 44 19 43 2 37 47 26 1 33 6 43 44 39 34 47 39 16 24 33 17 19 48
split_gain=1.14955 0.784792 0.843346 0.771573 0.418917 0.388868 0.311512 0.441793 0.328265 0.325341 0.292274 0.234023 0.211518 0.198685 0.214056 0.174918 0.139473 0.125039 0.092126 0.0856371 0.0658074 0.0132588 0.0120672 0.010495 0.00148504 0.000178758
threshold=77.303031921386733 73.375530242919936 0.64583334326744091 0.88562092185020458 4.5000000000000009 87.585617065429702 1.5000000000000002 1.5000000000000002 1.5000000000000002 128.50000000000003 1.5000000000000002 21.500000000000004 0.58571431040763866 1.0000000180025095e-35 3.5000000000000004 1.5000000000000002 0.90000000596046459 0.70294117927551281 121.50000000000001 0.90000000596046459 74.388786315917983 99.704143524169936 0.095454547554254546 99.367088317871108 99.333332061767592 9.5000000000000018
decision_type=2 2 2 2 2 2 2 8 2 2 2 10 2 2 2 2 2 2 2 2 2 2 2 2 2 2
left_child=3 4 16 12 11 15 -7 8 9 -8 -5 13 -1 22 -15 -4 20 -14 -10 -12 24 -9 -2 -13 -3 -24
right_child=1 2 5 10 -6 6 7 21 18 -11 19 23 17 14 -16 -17 -18 -19 -20 -21 -22 -23 25 -25 -26 -27
leaf_value=-0.033262281210176894 0.0032797131926457406 -0.00075904542049670762 0.0078110175061596974 0.017702406199441287 -0.00758227499421833 0.030869704076332851 0.00039949209349772892 -0.018110317212846862 0.0047693567282662431 0.027030805082466466 -0.016463084731473811 -0.0049999659879150955 -0.010796038643978 0.00035902792683699955 0.054708984096530834 -0.019447373554603131 0.0045076818488697986 0.011482081951911001 -0.011957636069935034 0.0051784077422426522 -0.030021190707717051 0.00045157859521949799 -0.0043083710742383438 0.0024340633213384855 0.0023670356775753543 4.4791875432347157e-05
leaf_weight=2.0257666547373421 0.066138814433996829 0.015371321923793202 0.25554664146056794 1.3151104445062172 0.17559427745885603 1.494508991006567 1.7149272156325421 0.55210172265651625 0.77881571196962773 2.6574960967000152 0.41384468397359331 0.10885757395089957 0.26945148182403489 0.21224326725473486 1.1600134593484197 0.60434065425010886 0.10067973221384818 0.25094168683040152 0.76717941970787251 0.11994284754018736 0.84112871805473333 0.051749245407791022 0.095676921458846209 0.050093864891096018 0.057558819413770834 0.0032771128160220533
leaf_count=316960 96 1546 97 203 21615 563 166 8976 41 456 3421 2153 11214 188 1468 4773 52 65 373 36 11714 39 6738 3 23 129
internal_value=0.00558026 0.013494 0.00612418 -0.0141758 0.0367445 0.0116719 0.0151576 0.00793219 0.0126188 0.0186042 0.00825102 0.0424434 -0.0281954 0.0462799 0.0499977 -0.0115024 -0.0241117 0.000433025 -0.0049676 -0.0113945 -0.0279721 -0.0172298 -0.00101195 -0.00257841 0.0016148 -0.00425463
internal_weight=16.1584 11.7633 9.8914 4.39506 1.8719 8.87667 8.01678 6.52227 5.91842 4.37242 1.8489 1.6963 2.54616 1.53735 1.37226 0.859887 1.01474 0.520393 1.546 0.533788 0.914059 0.603851 0.165093 0.158951 0.0729301 0.098954
internal_count=393108 61209 28819 331899 32390 15484 10614 10051 1036 622 3660 10775 328239 8619 1656 4870 13335 11279 414 3457 13283 9015 6963 2156 1569 6867
is_linear=0
shrinkage=0.05


Tree=126
num_leaves=27
num_cat=0
split_feature=39 20 18 43 18 13 21 41 45 18 16 21 24 41 50 34 26 34 34 50 34 50 24 34 49 41
split_gain=0.955826 1.27142 1.1367 0.882478 0.829521 0.557375 0.459185 0.371526 0.259321 0.272039 0.236407 0.191582 0.155533 0.151191 0.168119 0.126472 0.101456 0.0986543 0.0900661 0.078519 0.0426923 0.033931 0.0327817 0.112392 0.0222478 0.00796645
threshold=0.77500000596046459 0.53469792008399974 87.007671356201186 2.5000000000000004 23.629112243652347 62.500000000000007 92.450141906738295 17.500000000000004 0.34840443730354315 91.715686798095717 99.367088317871108 91.596042633056655 95.940452575683608 3.5000000000000004 95.099250793457045 0.92582416534423839 2.5000000000000004 0.22902098298072818 0.95619046688079845 60.872537612915046 0.81534090638160717 99.655174255371108 99.704143524169936 0.56832298636436474 16.500000000000004 1.0000000180025095e-35
decision_type=2 2 2 2 2 2 2 2 2 2 2 2 2 2 2 2 2 2 2 2 2 2 2 2 2 2
left_child=2 7 4 6 15 8 20 -2 9 11 -11 -5 -7 14 19 -1 22 25 -9 -10 -4 -15 23 -8 -6 -3
right_child=1 17 3 5 24 12 16 18 13 10 -12 -13 -14 21 -16 -17 -18 -19 -20 -21 -22 -23 -24 -25 -26 -27
leaf_value=-0.0065954958700903789 -0.024453704873037881 0.0030419373536355733 -0.0028419464092015894 -0.0073452520163418897 -0.037241686521196707 -0.020555951041814999 -0.0094238050034252292 -0.0054819862076717031 0.0051469102425536588 -0.021242948967437801 0.0075063994773253186 0.024059949214489763 0.0070832398385519109 0.034777513564793548 0.014675569084749535 0.018550053500953467 -0.03069274764866961 0.04467907241069341 0.016551607504783863 -0.013705330072476036 0.015668748372851288 0.0074031592774663453 -0.0091025635126160114 0.01193642668925142 0.00052603963124117604 -0.0030774038443991611
leaf_weight=0.15045182919629896 0.73471095683857013 0.062400811495422093 0.059979225069353936 0.17083403649257878 2.5356223908538884 0.66794723800580857 0.22928873845444309 0.11771606234310639 0.25010796453693718 0.63753393472893527 0.58016016660076275 0.49564773967131259 0.15484320566383758 1.7031029966979079 1.1138456237367789 0.45381166350580315 1.2436391622484277 1.6089734433239753 0.38127999735206686 0.36647305088013127 0.36558168731426122 0.81012562957926082 0.58363918433133222 0.26327937213136465 0.011512874570598686 0.065127078056548271
leaf_count=11071 1586 43 2297 5002 350314 6393 918 1996 27 4549 552 810 19 2093 221 198 466 2087 8 548 7 733 28 13 79 1031
internal_value=0.00131802 0.0228793 -0.004959 0.00402865 -0.026921 0.0131424 -0.0163933 -0.0114988 0.018322 0.00154651 -0.0103372 0.0164329 -0.0143221 0.024055 0.00685904 0.0120806 -0.0240325 0.0425801 0.0111642 -0.0076048 0.0128964 0.0305724 -0.00525993 0.00234124 -0.0369708 -4.08588e-05
internal_weight=15.8176 2.97021 12.8474 9.69603 3.1514 6.95062 2.74541 1.23371 6.12783 1.88418 1.21769 0.666482 0.82279 4.24366 1.73043 0.604263 2.31985 1.7365 0.498996 0.616581 0.425561 2.51323 1.07621 0.492568 2.54714 0.127528
internal_count=393089 6751 386338 24676 361662 20947 3729 3590 14535 10913 5101 5812 6412 3622 796 11269 1425 3161 2004 575 2304 2826 959 931 350393 1074
is_linear=0
shrinkage=0.05


Tree=127
num_leaves=38
num_cat=0
split_feature=44 13 11 48 26 47 25 1 46 19 37 47 44 13 16 7 20 46 29 1 38 16 1 47 16 1 23 47 16 47 2 47 47 47 47 17 47
split_gain=1.42876 0.693396 0.739424 0.636689 0.724453 1.05671 0.562364 0.480787 0.428427 0.330361 0.27667 0.271736 0.27131 0.257139 0.248985 0.291608 0.236998 0.149308 0.144218 0.131793 0.100835 0.0611987 0.0555345 0.0455372 0.0338789 0.0255202 0.0234944 0.0171752 0.0139898 0.00994009 0.00663553 0.00605184 0.00165599 0.000546542 0.000716463 0.000251462 2.56862e-05
threshold=4.5000000000000009 6.5000000000000009 -0.83677384257316578 2.5000000000000004 2.5000000000000004 125.50000000000001 2.5000000000000004 1.5000000000000002 87.500000000000014 85.880397796630874 1.0000000180025095e-35 94.500000000000014 2.5000000000000004 61.500000000000007 19.560019493103031 1.0000000180025095e-35 0.48275209963321691 75.500000000000014 1.0000000180025095e-35 33.500000000000007 4.5000000000000009 99.367088317871108 39.500000000000007 103.50000000000001 95.101959228515639 2.5000000000000004 89.725547790527358 93.500000000000014 23.606810569763187 92.500000000000014 2.5000000000000004 144.50000000000003 98.500000000000014 152.50000000000003 149.50000000000003 95.040985107421889 94.500000000000014
decision_type=2 2 8 2 2 2 2 8 2 2 2 2 2 2 2 2 2 2 2 10 2 2 10 2 2 8 2 2 2 2 10 2 2 2 2 2 2
left_child=1 3 13 4 6 24 8 12 16 35 22 27 -4 17 -5 26 28 -3 -19 23 -12 -13 -9 29 -6 -8 30 -2 -1 -18 -16 -25 36 34 -33 -7 -31
right_child=11 2 7 14 5 9 25 10 -10 -11 20 21 -14 -15 15 -17 19 18 -20 -21 -22 -23 -24 31 -26 -27 -28 -29 -30 32 -32 33 -34 -35 -36 -37 -38
leaf_value=0.003616159647769113 -0.0021822220094559206 -0.0046670946174019829 0.018707514239169856 0.01343610332483829 -0.025592319185962671 -0.0091599641876030143 0.002860191107943054 -0.0055008297625628111 -0.0061656050906160617 0.027611243617962036 -0.032457598729744123 -0.032591793984147577 -0.0096129974143637741 -0.0083937372023416609 -0.025161954757951646 0.0091011407920829502 0.0082820846627485907 0.032161086112716113 -0.0039634075100547011 -0.0018543247920438416 0.0025423726802502964 -0.00036054987648905142 0.010725152716694955 0.060170609581127937 0.0012959109958312941 -0.0091406061917322853 0.00078770562165448438 0.0088489604290532143 -0.0044332524586724485 -0.0020271950039277872 8.3699698152698169e-05 0.00091497373870117545 0.00097533093531991999 0.0045350490615039723 -0.0009506096598697767 2.4246381067724221e-05 -2.2228158362348318e-05
leaf_weight=0.0864255779390527 0.044984134743118687 0.09420000198974765 0.7230760212293037 0.33185561550789078 0.87278218518201844 0.24684823568301828 0.11802008607355663 0.12210906661175647 0.14012754588748055 2.1822790426551819 1.7642965596963049 1.7079493299100645 0.78872770653919133 0.20046914585600473 0.81768262599632613 0.38367749189615097 0.19192158122132319 1.1619159701724582 0.085917531519726142 0.038489936226824173 0.073289081736675032 0.17959453453659069 0.22471915244159391 1.781244560094535 0.025978963472880423 0.22032703906702977 0.03090888194492436 0.16708013958646006 0.092927348580190028 0.040514326956554214 0.019696455185112427 0.035778721843371275 0.054289221835915669 0.10783819390695726 0.023189779284393808 0.0021986456122249356 0.038991771645783047
leaf_count=1016 3461 618 233 371 11113 32282 296 1844 9393 922 28820 239408 201 3806 11509 262 802 516 5628 5765 1328 1411 738 6081 3 16848 35 512 4367 163 298 723 325 893 351 2 315
internal_value=0.00513013 0.0116024 -0.00239617 0.0201268 0.0264594 0.00689839 0.0411294 -0.0138391 0.0471521 0.0222858 -0.0251321 -0.0260146 0.0059875 0.0196824 -0.0055542 -0.014319 0.0510577 0.0256695 0.0290171 0.0540991 -0.0306577 -0.030712 0.00516975 0.0553233 -0.0245419 -0.00594523 -0.0240001 0.00663914 -0.00077715 0.00661337 -0.0248458 0.0584618 -0.000973844 0.00428448 -2.35548e-05 -0.00912439 -0.00197537
internal_weight=15.2223 13.1227 5.23872 7.88399 6.30017 3.33009 2.97009 3.69622 2.63174 2.43133 2.18441 2.09961 1.5118 1.5425 1.58382 1.25197 2.49161 1.34203 1.24783 2.31226 1.83759 1.88754 0.346828 2.27377 0.898761 0.338347 0.868288 0.212064 0.179353 0.325717 0.837379 1.94805 0.133795 0.166807 0.0589685 0.249047 0.0795061
internal_count=392659 147867 43732 104135 91660 44322 47338 33164 30194 33206 32730 244792 434 10568 12475 12104 20801 6762 6144 15418 30148 240819 2582 9653 11116 17144 11842 3973 5383 1605 11807 8048 803 1967 1074 32284 478
is_linear=0
shrinkage=0.05


Tree=128
num_leaves=26
num_cat=0
split_feature=19 50 13 17 43 47 11 43 33 0 18 41 26 7 47 34 47 13 17 33 23 33 47 17 17
split_gain=0.880207 1.72933 0.812581 0.563749 0.60853 0.564362 0.544595 0.479858 0.522747 0.274022 0.261585 0.196756 0.151886 0.138992 0.0930577 0.0901847 0.0870456 0.0830752 0.0801886 0.0265743 0.0186614 0.00858286 0.00185597 0.00154223 0.000184387
threshold=76.817703247070327 23.531040191650394 62.500000000000007 71.50376129150392 1.5000000000000002 141.50000000000003 -0.45402482151985163 2.5000000000000004 0.77500000596046459 38.766113281250007 15.047169685363771 8.5000000000000018 1.5000000000000002 1.0000000180025095e-35 129.50000000000003 0.82480818033218395 105.50000000000001 49.500000000000007 62.115564346313484 0.13392857462167743 86.72955703735353 0.64583334326744091 140.50000000000003 99.367088317871108 59.67530822753907
decision_type=2 2 2 2 2 2 8 2 2 2 2 2 2 2 2 2 2 2 2 2 2 2 2 2 2
left_child=1 12 3 5 17 13 -6 11 9 -9 -3 -8 -1 22 -11 -4 21 -5 24 -7 -16 -12 -2 -18 -15
right_child=2 10 15 4 6 19 7 8 -10 14 16 -13 -14 18 20 -17 23 -19 -20 -21 -22 -23 -24 -25 -26
leaf_value=0.037667808710769524 -0.0024260133496336132 0.0055204748883360454 -0.023721280117645353 0.030978543001494815 -0.024432080916194497 0.0031199514184555815 0.0050518299563802509 -0.02025749207097953 0.024052374138233204 -0.0053557591494341828 -0.0030494375540611176 -0.022846256054599719 -0.003551340927520795 -0.0010919562042883604 0.01624815575481053 0.0028693540238291658 -0.035884532733237842 0.0028798558963556544 0.052572804423657797 -0.0093364804224590134 0.00054516789994279872 0.0032622341425758311 0.00091803457935114646 -6.9044503230266524e-05 0.00020148252092632183
leaf_weight=0.45019224197949492 0.050986407265525058 0.18201370824067487 0.8615581261602745 1.4379028220860144 0.83917692692762103 0.063447893014654255 0.51994024406030781 0.63804471030744014 2.8091156674531703 0.35122680208610269 0.064945279159360658 0.74149852035861841 0.075783975252193159 0.022280394482550037 0.38105049320392936 0.14706480264226229 2.5533669540136832 0.54387289817577755 0.87031289805406686 0.27760520404541467 0.30240445981235098 0.094084894456727852 0.024254623289039046 0.0068718580696439649 0.016967970281939415
leaf_count=1752 10167 277 13397 711 11890 256 384 5028 697 210 17154 409 7304 2259 631 27 300911 347 2314 15265 122 142 716 28 494
internal_value=0.00350221 -0.015795 0.0103879 0.0151028 0.00807947 0.03749 -0.000355407 0.00626402 0.0135626 -0.00646156 -0.0309471 -0.0141981 0.0332935 0.0482702 0.00782074 -0.0203459 -0.0342161 0.0268192 0.051015 -0.00642065 0.0137512 0.00027754 -0.00149679 -0.0358348 -0.000876965
internal_weight=14.326 3.42726 10.8987 9.89009 8.56423 1.32586 6.58246 5.74328 4.48184 1.67273 2.90128 1.26144 0.525976 0.984802 1.03468 1.00862 2.71927 1.98178 0.909561 0.341053 0.683455 0.15903 0.075241 2.56024 0.0392484
internal_count=392892 327568 65324 51900 20429 31471 19371 7481 6688 5991 318512 793 9056 15950 963 13424 318235 1058 5067 15521 753 17296 10883 300939 2753
is_linear=0
shrinkage=0.05


Tree=129
num_leaves=18
num_cat=0
split_feature=24 8 13 24 25 33 44 17 21 33 20 1 41 38 38 37 0
split_gain=0.917752 1.45687 1.25307 0.696435 0.780908 0.632739 0.584918 0.922694 0.59016 0.523487 0.228657 0.186522 0.14189 0.119103 0.0559987 0.026052 0.0060721
threshold=99.704143524169936 1.0000000180025095e-35 1.5000000000000002 82.554244995117202 2.5000000000000004 0.77500000596046459 2.5000000000000004 89.825496673583999 25.677655220031742 0.64583334326744091 0.33191312849521643 2.5000000000000004 1.0000000180025095e-35 1.0000000180025095e-35 2.5000000000000004 1.0000000180025095e-35 94.899288177490249
decision_type=2 2 2 2 2 2 2 2 2 2 2 10 2 2 2 2 2
left_child=1 3 9 -1 11 -4 8 10 -2 -3 -8 14 -6 -12 -5 -14 -13
right_child=6 2 5 4 12 -7 7 -9 -10 -11 13 16 15 -15 -16 -17 -18
leaf_value=-0.036743972384465584 -0.0010101578041672148 -0.008778089039304977 -0.02746834880694253 0.025154343945908316 0.0037339342980561505 0.01027569172078923 0.0076646118704285539 0.023048938944788249 0.043477161688971755 0.044475058127185912 0.0030294894170062544 -0.0077790639965877612 0.00062113651339850166 -0.029313101347440525 -0.0006976659244982659 -0.029641102819197004 0.00089030092392471713
leaf_weight=2.6686417808383833 0.98827811953742761 0.21074755006156909 1.1044241449956191 1.0810546993677124 0.15545291958034091 1.5446069338986488 0.15469985468439551 1.2773284119525667 1.5644319628897845 1.5141821008073746 0.12704477077431864 0.17093344797262933 0.031979210169993166 1.1974182425243496 0.17417077436525108 0.81788721739044945 0.019720403316114243
leaf_count=307365 135 22037 25387 1159 389 127 105 47 588 543 113 16225 135 7678 362 10521 85
internal_value=0.00246525 -0.00675341 0.0129389 -0.0229421 -0.00162301 -0.00867558 0.0174075 9.09243e-05 0.0308175 0.037135 -0.0210347 0.0177145 -0.0243995 -0.0262421 0.0228484 -0.0287822 -0.00688774
internal_weight=14.803 9.4938 4.37396 5.11984 2.4512 2.64903 5.3092 2.75649 2.55271 1.72493 1.47916 1.44588 1.00532 1.32446 1.25523 0.849866 0.190654
internal_count=393001 384335 48094 336241 28876 25514 8666 7943 723 22580 7896 17831 11045 7791 1521 10656 16310
is_linear=0
shrinkage=0.05


Tree=130
num_leaves=28
num_cat=0
split_feature=39 20 43 26 19 18 31 18 45 13 24 21 41 24 16 1 50 50 49 16 27 23 16 39 16 16 43
split_gain=0.862629 1.4698 0.69607 0.99282 0.530772 0.422748 0.419916 0.40542 0.504821 0.325939 0.3182 0.208361 0.179284 0.163227 0.120095 0.102718 0.100504 0.0714835 0.0713893 0.0623691 0.0500186 0.0411146 0.0382084 0.0376317 0.0235424 0.0193815 0.00994213
threshold=0.77500000596046459 0.53469792008399974 4.5000000000000009 1.5000000000000002 99.333332061767592 87.007671356201186 3.5000000000000004 91.715686798095717 0.52084001898765575 1.5000000000000002 61.733762741088874 91.596042633056655 1.0000000180025095e-35 95.940452575683608 93.582702636718764 39.500000000000007 23.531040191650394 76.48315811157228 6.5000000000000009 95.101959228515639 4.5000000000000009 93.44086074829103 85.880397796630874 0.46428571641445165 74.388786315917983 88.548007965087905 1.5000000000000002
decision_type=2 2 2 2 2 2 2 2 2 2 2 2 2 2 2 10 2 2 2 2 2 2 2 2 2 2 2
left_child=2 6 3 13 18 -4 16 11 9 12 -3 21 -9 -1 17 -11 -2 -6 19 -5 22 -7 24 26 -19 -14 -16
right_child=1 10 5 4 14 7 -8 8 -10 15 -12 -13 25 -15 23 -17 -18 20 -20 -21 -22 -23 -24 -25 -26 -27 -28
leaf_value=-0.0060569538498954642 0.003270762916202514 -0.005184933412831938 -0.019052624099560784 -0.035053545363964204 -0.0060208591187641955 -0.0081187460115061932 0.013978124896817904 0.017227621633701267 0.0152932817067832 -0.026960191688128049 0.048003298641252273 0.032883164594365188 0.00105555683099827 0.024698116226638516 0.00034458509964850381 -0.00041850544417783514 -0.027429274745317974 0.0049856668177200572 0.0017731021634194715 0.0013349444365909292 -0.0037682454570469276 0.0053519602146194622 0.017198108311299708 0.0016261517411648254 -0.0048783962677112803 -0.010996472434195615 -0.015137426881735153
leaf_weight=0.13684712838357693 0.082364270849212717 0.11309263099138878 0.60551490370318095 3.5215254794330528 0.16060904628807271 0.19154906368453328 0.30001624291639917 0.48580655203295497 2.1509896807187943 1.0743805026090738 1.4412471097502928 1.0134677061905675 0.23923232332208499 0.70392216286245457 0.064897625174125895 0.4810186163090292 0.95651163849134946 0.20234498241370602 0.042663124680132003 0.047272557936139381 0.074416637420654297 0.15851375134661794 0.50153067404153262 0.25518378475680947 0.21735694867174971 0.22104401805154339 0.39031756246458826
leaf_count=7807 252 2133 73085 294466 158 2420 203 19 230 1350 1011 385 316 414 49 181 3203 1295 688 264 1 3 1007 36 712 107 1480
internal_value=-0.000422692 0.0204105 -0.0062106 -0.0169214 -0.0245509 0.00488979 -0.0136619 0.00967173 0.000906025 -0.0122998 0.0436186 0.0265432 0.00692561 0.0191213 -0.00132386 -0.0221279 -0.0245849 0.00688354 -0.0336658 -0.0343849 0.0109391 -0.00257289 0.0134701 -0.0108967 3.92631e-05 -0.00829918 -0.0142102
internal_weight=15.8336 2.89323 12.9404 6.31889 5.47812 6.62152 1.33889 6.016 4.65247 2.50148 1.55434 1.36353 0.946083 0.840769 1.86666 1.5554 1.03888 1.15626 3.61146 3.5688 0.995649 0.350063 0.921233 0.710399 0.419702 0.460276 0.455215
internal_count=393275 6802 386473 308377 300156 78096 3658 5011 2203 1973 3144 2808 442 8221 4738 1531 3455 3173 295418 294730 3015 2423 3014 1565 2007 423 1529
is_linear=0
shrinkage=0.05


Tree=131
num_leaves=23
num_cat=0
split_feature=39 19 50 13 48 18 24 37 8 17 24 21 1 24 34 47 49 1 17 1 49 49
split_gain=0.95338 0.905689 0.81729 0.687069 0.678307 0.605458 0.478309 0.390953 0.29102 0.280957 0.205209 0.154575 0.115887 0.110813 0.100096 0.0999717 0.0842566 0.0659535 0.0370431 0.00644196 5.94522e-05 1.05169e-05
threshold=0.77500000596046459 36.237373352050788 91.304347991943374 6.5000000000000009 6.5000000000000009 23.629112243652347 61.733762741088874 1.0000000180025095e-35 1.0000000180025095e-35 92.40384674072267 83.922328948974624 21.483516693115238 34.500000000000007 95.940452575683608 0.92582416534423839 166.50000000000003 3.5000000000000004 1.5000000000000002 87.895435333251967 2.5000000000000004 6.5000000000000009 4.5000000000000009
decision_type=2 2 2 2 2 2 2 2 2 2 2 2 8 2 2 2 2 10 2 10 2 2
left_child=2 -2 5 8 7 14 -3 -5 10 15 -4 -8 -10 -9 -1 16 -7 -13 -17 -19 21 -18
right_child=1 6 3 4 -6 9 11 13 12 -11 -12 17 -14 -15 -16 18 20 19 -20 -21 -22 -23
leaf_value=-0.0056644618952073934 -0.018861306755468505 -0.0096899294792581452 -0.015123181086519609 0.0076767038066598214 0.018554852978471915 -0.034663179696934991 0.0002932200268936909 -0.033221804769369451 0.031382747148292665 0.0051716504372857179 0.0078335616421911555 0.042885045422728085 0.0046134124241444746 0.0019894777674689195 0.017466701389342486 -0.0068293219618688894 0.00010438252963404108 -0.0011331576471792627 0.0058831531265847951 0.0051743933943086884 0.001840950654182283 -0.00012456814746895741
leaf_weight=0.12674536566475847 0.48293260184374398 0.23620521676167561 0.41495474120711184 0.40393201893312003 0.4695509268481145 3.2651619199899371 0.28195453820723093 1.7972374713215229 1.0614318995503711 0.29303900963145668 2.1317086717861002 1.7263744927936389 1.0045781865674142 0.12489450973271221 0.4276094349286268 0.15631347599313006 0.0096161580677288638 0.17304888383989681 0.14680405778972272 0.13254888218625638 0.043943723470761142 0.012621114605849471
leaf_count=11064 1179 3808 3525 295 190 330124 157 9126 15 171 130 306 396 29 198 29188 513 89 88 1200 625 526
internal_value=-0.000976255 0.0203019 -0.00755802 0.00290531 -0.0138703 -0.0222284 0.0309422 -0.0240265 0.0137323 -0.0284943 0.000883596 0.0367623 0.0241165 -0.031036 0.0119363 -0.031739 -0.0336946 0.040057 -0.000882509 0.00347044 0.00178309 -2.03026e-05
internal_weight=14.9232 3.03306 11.8901 7.40829 2.79561 4.48185 2.55013 2.32606 4.61267 3.9275 2.54666 2.31393 2.06601 1.92213 0.554355 3.63446 3.33134 2.03197 0.303118 0.305598 0.066181 0.0222373
internal_count=392942 6739 386203 13706 9640 372497 5560 9450 4066 361235 3655 1752 411 9155 11262 361064 331788 1595 29276 1289 1664 1039
is_linear=0
shrinkage=0.05


Tree=132
num_leaves=26
num_cat=0
split_feature=35 35 13 20 24 16 13 23 43 44 23 50 24 13 37 23 1 48 46 18 20 19 1 31 16
split_gain=1.28965 0.808288 0.772672 0.766785 0.735821 0.573045 0.341859 0.385491 0.333772 0.290444 0.263487 0.371371 0.207262 0.20246 0.114889 0.0655795 0.0564399 0.0524898 0.0463847 0.0384554 0.0255418 0.0212727 0.00740992 0.00548923 0.00149118
threshold=1.0000000180025095e-35 1.5000000000000002 6.5000000000000009 0.86684024333953869 90.09454727172853 76.339714050292983 1.5000000000000002 93.44086074829103 3.5000000000000004 4.5000000000000009 85.215545654296889 30.303404808044437 87.821357727050795 59.500000000000007 1.5000000000000002 99.090908050537124 15.500000000000002 7.5000000000000009 2.5000000000000004 87.298336029052749 0.82545602321624767 99.333332061767592 14.500000000000002 1.0000000180025095e-35 76.028167724609389
decision_type=2 2 2 2 2 2 2 2 2 2 2 2 2 2 2 2 8 2 2 2 2 2 10 2 2
left_child=2 21 3 17 6 13 7 14 10 -5 11 -6 -7 24 -3 -11 22 23 -10 20 -15 -2 -16 -1 -4
right_child=1 4 5 9 8 12 -8 -9 18 15 -12 -13 -14 19 16 -17 -18 -19 -20 -21 -22 -23 -24 -25 -26
leaf_value=0.00012080144218992206 -0.038184578516980233 -0.02171462005286302 -0.0073815477960776617 0.039758392351787714 0.011872741630517759 -0.027115709712077871 -0.030825166046185033 0.01607832682745881 0.027065316994998551 -0.0085983370963919111 0.014845048488019328 -0.023016197169570672 0.0018096659236669058 -0.00092107503470083686 -0.00080997430770160409 0.0075727167415784204 -0.0063423438183674921 0.003433942781390871 -0.0016394373151167715 -0.0014364794336189331 0.026986410716163423 0.00049719744109470037 0.010286954895032056 -0.01593472595860939 0.00023080315120727925
leaf_weight=0.039735771718598101 1.823638117643865 0.66560988766153195 0.19526059784044503 2.395456246996901 0.45455076086886981 1.1261309895004386 1.4552170527763335 0.77039873403168702 0.97857479366336952 0.19544032910164322 0.51067496997347905 1.0074650396161358 0.70723347616376497 0.018767114770923854 0.016434174405958402 0.31873973140113776 0.14490748571930112 0.0820253163216762 0.033885680594949008 0.029497718560378416 0.55888940355998784 0.010188218790062709 0.1854454778864465 0.45777799693794918 0.0056929839635131421
leaf_count=1151 101590 68273 15182 988 564 12143 85041 57 505 2044 71 873 329 6553 3111 39 32631 2010 7816 806 1672 8 252 49309 144
internal_value=-0.00325458 -0.0155952 0.0128763 0.0256879 -0.00469718 -0.00645375 -0.0187058 -0.00129118 0.011379 0.0344547 -0.00218949 -0.0117524 -0.019257 0.0171787 -0.0159303 -0.000193079 0.00305166 -0.0122745 0.0257673 0.0246719 0.0260706 -0.0378701 0.0094613 -0.015428 -0.00715328
internal_weight=14.1876 8.05699 6.13065 3.48918 6.22316 2.64147 3.23801 1.7828 2.98515 2.90964 1.97269 1.46202 1.83336 0.808108 1.0124 0.51418 0.346787 0.579539 1.01246 0.607154 0.577657 1.83383 0.20188 0.497514 0.200954
internal_count=393162 300792 92370 55541 199194 36829 189365 104324 9829 3071 1508 1437 12472 24357 104267 2083 35994 52470 8321 9031 8225 101598 3363 50460 15326
is_linear=0
shrinkage=0.05


Tree=133
num_leaves=21
num_cat=0
split_feature=38 1 29 50 47 39 21 32 12 0 33 28 50 19 47 47 12 40 19 47
split_gain=1.57476 0.604111 1.17317 0.465635 0.36624 0.313932 0.363671 0.282168 0.282002 0.247466 0.402381 0.140605 0.0996572 0.0968671 0.0896381 0.088127 0.0286141 0.0175106 0.00680206 0.00531055
threshold=1.5000000000000002 15.500000000000002 1.0000000180025095e-35 23.531040191650394 128.50000000000003 0.77500000596046459 46.065429687500007 0.77500000596046459 1.5000000000000002 151.01722717285159 0.81666666269302379 1.5000000000000002 99.655174255371108 81.754161834716811 173.50000000000003 89.500000000000014 21.500000000000004 1.5000000000000002 80.982517242431655 174.50000000000003
decision_type=2 8 2 2 2 2 2 2 2 2 2 2 2 2 2 2 2 2 2 2
left_child=1 9 4 17 15 14 -7 -4 13 10 11 12 -1 18 -5 -3 -9 -2 -6 -16
right_child=3 2 7 5 8 6 -8 16 -10 -11 -12 -13 -14 -15 19 -17 -18 -19 -20 -21
leaf_value=0.044238061188715802 0.013658459252938925 0.0060426651005904448 -0.030962368991803185 -0.032886252134972441 -0.0039587701900663545 -0.01771358069492137 0.017469348682601069 -0.0033123009358066234 -0.0080641870458354643 0.0072461816340187828 -0.0065767559087296203 -0.0029283640535394759 0.0037471644449813902 0.03010153341645851 0.0033554539222741399 -0.014819155037173924 0.0095013209789727975 -0.0013855846792067924 0.0020137999958980365 -0.001875539184391863
leaf_weight=1.5819098776429408 0.31900056298559321 0.12181986630116748 1.5506248819115453 3.01105217623055 0.084224639103923304 0.44742566036990172 0.49127789766544083 0.070422060711848533 0.19070555275732193 2.3696972151844307 0.2785001207175809 0.062180118090736758 0.37206192390090098 2.089212125052768 0.07220411348782807 0.4034975631634552 0.20375218001595385 0.028496711930416363 0.045901492270104427 0.038711437537813254
leaf_count=4607 426 99 211628 139291 1224 797 142 1335 1954 179 117 16947 239 2611 845 1613 44 3536 46 5280
internal_value=0.00101824 0.0123132 -0.000676993 -0.0209416 0.0170714 -0.0256579 0.000212803 -0.0251635 0.0238126 0.0233493 0.0327322 0.0385423 0.0404066 0.0282058 -0.0316011 -0.00919144 0.00619356 0.012312 -0.00193426 0.00148489
internal_weight=13.8327 9.42451 4.76016 4.40817 2.93536 4.06067 0.938704 1.8248 2.41004 4.66435 2.29465 2.01615 1.95397 2.21934 3.12197 0.525317 0.274174 0.347497 0.130126 0.110916
internal_count=392960 242643 220554 150317 7547 146355 939 213007 5835 22089 21910 21793 4846 3881 145416 1712 1379 3962 1270 6125
is_linear=0
shrinkage=0.05


Tree=134
num_leaves=27
num_cat=0
split_feature=44 24 24 41 16 37 47 29 45 46 47 41 23 35 34 47 13 13 18 17 1 34 1 47 34 1
split_gain=0.715769 0.628296 1.05995 0.749354 0.798806 0.464338 0.387214 0.380444 0.322988 0.448609 0.302206 0.240979 0.19259 0.138363 0.130264 0.121897 0.106854 0.104515 0.103607 0.106081 0.0955652 0.0349507 0.0344323 0.0201826 0.00826622 0.00656011
threshold=4.5000000000000009 61.733762741088874 1.0000000180025095e-35 10.500000000000002 27.072835922241214 2.5000000000000004 128.50000000000003 1.0000000180025095e-35 0.34840443730354315 134.50000000000003 112.50000000000001 22.500000000000004 99.090908050537124 1.0000000180025095e-35 0.70294117927551281 150.50000000000003 1.5000000000000002 1.5000000000000002 99.367088317871108 93.419914245605483 2.5000000000000004 0.95619046688079845 5.5000000000000009 111.50000000000001 0.90238094329833995 5.5000000000000009
decision_type=2 2 2 2 2 2 2 2 2 2 2 2 2 2 2 2 2 2 2 2 10 2 8 2 2 10
left_child=1 2 6 4 -3 20 10 -5 9 -8 13 17 -2 -1 -13 -11 -7 24 -14 -20 -6 -21 -12 -15 -9 -22
right_child=12 3 -4 7 5 16 8 11 -10 15 22 14 18 23 -16 -17 -18 -19 19 21 25 -23 -24 -25 -26 -27
leaf_value=0.017050540726628285 -0.026511701609658791 -0.014425228451716616 -0.029819016221200607 -0.018039325843440823 0.047796071882815622 0.011052563578842564 -0.019561795830623001 -0.0012136846703393457 0.028427118937262821 0.02308074603152839 0.0015804526318320676 -0.0052624591305309998 -0.010541161433897857 -0.0094519272844905688 0.022674494390744902 -0.0050507111954166475 -0.0087059120990429246 -0.01514072888224839 0.015791226573497713 -0.0096716400156246669 0.002915296524251358 0.0039629340201726036 -0.021909440129526628 0.0023729561426648104 0.0077891788476488234 -0.0026526200290977152
leaf_weight=0.5202685759365957 1.0874330938795549 0.3221314836846435 1.4340440329490602 0.93053732572479964 2.3208877424316947 0.31683980487048291 0.62147357652952473 0.024742724525054771 1.6799865262843239 0.46931726648358563 0.031587600406055572 0.11653453431264882 0.25747551307404126 0.21642224474953764 1.1773021695261716 0.11197483324349378 0.43432199151948225 0.37167624296748158 0.36916945289090108 0.2177147921120195 0.065410998501931661 0.078150615096092224 0.70831696629306862 0.049047408500427991 0.17478662313885707 0.055744134514043253
leaf_count=772 240271 981 65856 117 966 1400 28989 2545 246 2997 2 14213 1606 2243 2195 6606 1695 2221 1830 1571 556 1 7122 169 23 5796
internal_value=0.00426352 0.00905696 -0.00273345 0.018853 0.0314542 0.0384189 0.0099618 -0.0011048 0.0187398 -0.00155362 -0.00747718 0.0106917 -0.0181002 0.00947127 0.018961 0.0178947 0.00118057 -0.00818561 0.000447828 0.00847802 0.0462025 -0.00579123 -0.0205746 -0.00711846 0.00659168 0.000272488
internal_weight=14.1633 12.1534 5.84244 6.31092 3.51534 3.1932 4.40839 2.79558 2.88275 1.20277 1.52564 1.86504 2.00994 0.785738 1.29384 0.581292 0.751162 0.571206 0.92251 0.665035 2.44204 0.295865 0.739905 0.26547 0.199529 0.121155
internal_count=392989 147710 115002 32708 11394 10413 49146 21314 38838 38592 10308 21197 245279 3184 16408 9603 3095 4789 5008 3402 7318 1572 7124 2412 2568 6352
is_linear=0
shrinkage=0.05


Tree=135
num_leaves=40
num_cat=0
split_feature=26 38 44 26 39 47 28 13 25 47 24 1 13 17 43 47 19 17 17 16 47 47 11 25 2 24 17 1 47 34 19 19 47 47 47 43 1 43 43
split_gain=1.36665 0.607799 0.510394 0.381554 0.469509 0.369855 0.327895 0.41003 0.504839 0.462513 0.306947 0.419341 0.400016 0.252354 0.251495 0.227736 0.191343 0.154313 0.125205 0.127317 0.121904 0.120845 0.0871046 0.0803308 0.067545 0.049284 0.0447993 0.0398903 0.027335 0.0270298 0.0259293 0.0130377 0.0120026 0.0112054 0.010002 0.00777536 0.00727134 0.00116827 1.89828e-05
threshold=2.5000000000000004 2.5000000000000004 4.5000000000000009 3.5000000000000004 0.61250001192092907 133.50000000000003 1.5000000000000002 6.5000000000000009 2.5000000000000004 144.50000000000003 61.733762741088874 11.500000000000002 53.500000000000007 99.367088317871108 2.5000000000000004 144.50000000000003 88.303691864013686 18.301435470581058 59.67530822753907 20.761494636535648 146.50000000000003 94.500000000000014 inf 3.5000000000000004 4.5000000000000009 99.704143524169936 92.40384674072267 1.5000000000000002 103.50000000000001 0.39208073914051061 99.333332061767592 96.225070953369155 108.50000000000001 93.500000000000014 92.500000000000014 1.0000000180025095e-35 15.500000000000002 1.5000000000000002 1.0000000180025095e-35
decision_type=2 2 2 2 2 2 2 2 2 2 2 10 2 2 2 2 2 2 2 2 2 2 8 2 8 2 2 8 2 2 2 2 2 2 2 2 8 2 2
left_child=1 2 6 4 13 25 7 8 9 22 11 -9 -13 15 37 35 -16 -3 19 -12 36 33 28 30 -11 -5 -19 -22 34 -6 -10 -28 -24 -4 -1 -2 -17 38 -7
right_child=3 17 21 5 29 14 -8 10 23 24 18 12 -14 -15 16 20 -18 26 -20 -21 27 -23 32 -25 -26 -27 31 -29 -30 -31 -32 -33 -34 -35 -36 -37 -38 -39 -40
leaf_value=0.0086296765357213364 -0.00072440762423475118 0.0081307820324706803 -0.00152991231299498 -0.01874338240484686 -0.0022879029965712102 0.00020217526511378604 -0.0091440957834655837 -0.021086645841179079 -0.011721451573274887 0.0076283660020557802 0.011200373105380884 -0.01351928528626632 0.024017169672192272 0.0041025845032141512 -0.0060590883218106769 0.010141497415221985 0.027973642475495372 -0.020406174260999096 0.026998901003782539 -0.011378615927475614 0.0011899524158220395 -0.016723041928258835 0.0057063824742372982 0.0086102819585750466 -0.0091133684826198557 0.0022021081361681418 0.0040725904579984847 -0.015469590177095644 0.058918403467386249 0.012688938069734848 0.0020389903173596391 -0.0035098587092462392 -0.0023992477243457082 0.0083318535249018964 -0.00091367076354164885 -0.039910681182353497 -0.00080690773910701186 -0.0094211139322593566 -0.00011671664205609727
leaf_weight=0.19521906683598711 0.050333630538718643 0.17139462889599577 0.031017897936635452 0.52939324932640364 0.047434135161608881 0.012329215284921591 0.22132027889071526 0.70461041541170777 0.28520790188372291 0.22903813666107442 0.23970399702034217 0.34349675328655827 0.86352028863802843 0.31323809477180464 0.13738446815781891 0.19218791233322452 0.90335946019865787 0.67818069343317688 1.1275605803079995 0.2581684006455589 0.30218850853782442 0.49291842591321711 0.17488087673041386 0.19228797830828626 0.19046242337549302 0.10981266729675099 0.10523805552134036 0.42921010745783406 1.4629244282922398 0.36566598522585991 0.11866929354846434 0.16804714685576982 0.050126819020988478 0.15660468564033181 0.13100657601489729 1.7626422515374995 0.016400792288550292 0.23187815124541089 0.0023397874188049181
leaf_count=415 2402 332 1435 17340 2052 973 28704 10856 8020 618 52 530 888 239 33398 603 928 35972 476 414 289 91359 414 1413 3043 388 153 53040 3507 669 104 411 2830 191 413 80081 5476 1735 911
internal_value=0.003899 0.0156232 0.0205663 -0.0142647 -0.0223225 0.00294288 0.0245343 0.0267277 0.0383605 0.0457541 0.0105045 -0.00321166 0.0120495 -0.0282626 0.0152295 -0.0320571 0.0227135 -0.011456 0.0217148 -0.000287787 -0.00478834 -0.0100604 0.0526108 -0.00157729 -0.00103809 -0.0159968 -0.0173427 -0.0118746 0.0553547 0.0105671 -0.00910589 0.000315327 0.00341615 0.00678607 0.00699804 -0.039467 0.00932528 -0.00923991 8.64106e-05
internal_weight=13.9974 8.59161 7.46875 5.4058 3.4793 1.9265 6.7882 6.56688 3.02982 2.43366 3.53706 1.91163 1.20702 3.0662 1.28729 2.75296 1.04074 1.12286 1.62543 0.497872 0.939987 0.680541 2.01416 0.596165 0.419501 0.639206 0.951466 0.731399 1.78915 0.4131 0.403877 0.273285 0.225008 0.187623 0.326226 1.81298 0.208589 0.246547 0.014669
internal_count=393074 192550 155682 200524 144851 55673 62697 33993 20777 11240 13216 12274 1418 142130 37945 141891 34326 36868 942 466 59408 92985 7579 9537 3661 17728 36536 53329 4335 2721 8124 564 3244 1626 828 82483 6079 3619 1884
is_linear=0
shrinkage=0.05


Tree=136
num_leaves=28
num_cat=0
split_feature=47 39 20 24 33 33 13 18 18 34 47 19 24 41 20 21 17 43 26 1 17 17 7 48 19 13 17
split_gain=0.72192 0.730392 1.44314 0.431765 0.382686 0.373483 0.436009 0.395261 0.530767 0.496666 0.268127 0.284564 0.267475 0.257629 0.204364 0.152319 0.120681 0.126894 0.112164 0.0976337 0.0603513 0.0180551 0.0136627 0.013551 0.0134437 0.0133001 0.00960726
threshold=104.50000000000001 0.77500000596046459 0.46713979542255407 61.733762741088874 0.64583334326744091 0.81666666269302379 2.5000000000000004 93.127067565917983 87.007671356201186 0.92582416534423839 121.50000000000001 81.754161834716811 93.492378234863295 6.5000000000000009 0.89542675018310558 96.871944427490249 62.563131332397468 1.0000000180025095e-35 1.5000000000000002 39.500000000000007 85.215545654296889 93.419914245605483 1.0000000180025095e-35 16.500000000000004 99.333332061767592 4.5000000000000009 62.316371917724616
decision_type=2 2 2 2 2 2 2 2 2 2 2 2 2 2 2 2 2 2 2 10 2 2 2 2 2 2 2
left_child=4 5 -3 -4 24 7 -7 8 9 23 -10 -12 19 -6 -13 21 26 -18 -11 -8 -20 -9 25 -2 -1 -16 -17
right_child=1 2 3 -5 13 6 12 15 10 18 11 14 -14 -15 22 16 17 -19 20 -21 -22 -23 -24 -25 -26 -27 -28
leaf_value=-0.0087131426445546511 -0.029000387833255148 -0.022639478707617247 -0.0074389905990785337 0.044378610558875271 0.0021919913697682645 0.022351954295276779 -0.022477819343949403 -0.0032378533617710837 -0.011690131710481836 0.016686785622301855 -0.0102013830810692 -0.0065636414555147547 0.011851146072078525 0.048653230703171117 -0.0029926713355123689 -0.0021902980805299636 0.0023437490730651039 -0.03069470548935754 -0.010893252933266734 0.0014266567996694974 0.0058683455889642685 0.0062443749722907622 0.027970000627302784 0.00042636407187538492 0.0016534725210510242 0.00503448247112192 0.0051039277131383343
leaf_weight=0.20675979083020546 1.3586795577036226 0.6934879589990709 0.17177026550115182 1.5692138675127012 0.49614617150973572 1.1940199666084939 0.79144413729363783 0.068430083710837031 0.27928990973271117 0.39695882327123388 0.21531929706748121 0.14742516364992786 0.37160604380187567 0.49579243745984058 0.06165697923211122 0.0453198086875094 0.17001972410776067 2.405789545829748 0.26291192129406227 0.41251901811756397 0.11815699003636837 0.19726125074180345 1.6346848956579834 0.010620602638482413 0.055940480826393468 0.17801482933532498 0.099938244356508221
leaf_count=18494 341305 1352 3423 1566 332 60 1626 1193 1224 100 4857 5139 16 250 239 1074 39 5912 1878 323 2 432 1127 276 228 558 9
internal_value=0.00374206 -0.000775673 0.0194969 0.0384174 0.0298433 -0.00680454 0.00717403 -0.0121093 -0.00181773 -0.0164763 0.0118193 0.017459 -0.00854082 0.0381812 0.0228059 -0.0236925 -0.0264637 -0.0284684 0.00906356 -0.0173563 -0.00521009 0.00317354 0.0265957 -0.0286885 -0.0069444 0.00222116 0.00290279
internal_weight=14.1092 12.8545 2.43447 1.74098 1.25464 10.4201 2.76959 7.65048 4.66372 2.14733 2.51639 2.2371 1.57557 0.991939 2.02178 2.98676 2.72107 2.57581 0.778028 1.20396 0.381069 0.265691 1.87436 1.3693 0.2627 0.239672 0.145258
internal_count=393034 373730 6341 4989 19304 367389 2025 365364 356705 343561 13144 11920 1965 582 7063 8659 7034 5951 1980 1949 1880 1625 1924 341581 18722 797 1083
is_linear=0
shrinkage=0.05


Tree=137
num_leaves=33
num_cat=0
split_feature=44 26 16 23 13 48 48 25 0 28 23 46 34 16 39 17 47 7 37 21 1 47 13 50 50 21 1 1 17 1 23 37
split_gain=1.08659 0.720376 0.696126 0.6341 0.513135 1.12755 0.693558 0.456682 0.308027 0.287571 0.279454 0.273821 0.173617 0.172011 0.127816 0.0937991 0.123147 0.0931828 0.0825669 0.0453358 0.0389165 0.0992624 0.0379083 0.0220937 0.099242 0.0174639 0.0122484 0.0117364 0.0100786 0.00767704 0.00303725 0.00125141
threshold=4.5000000000000009 2.5000000000000004 89.209976196289077 81.557067871093764 6.5000000000000009 2.5000000000000004 2.5000000000000004 2.5000000000000004 112.80730438232423 1.5000000000000002 36.181818008422859 92.500000000000014 0.82480818033218395 19.560019493103031 0.90000000596046459 92.40384674072267 151.50000000000003 1.0000000180025095e-35 1.5000000000000002 91.596042633056655 14.500000000000002 103.50000000000001 60.500000000000007 95.099250793457045 76.923118591308608 86.526824951171889 1.5000000000000002 28.500000000000004 64.565757751464858 33.500000000000007 89.725547790527358 4.5000000000000009
decision_type=2 2 2 2 2 2 2 2 2 2 2 2 2 2 2 2 2 2 2 2 10 2 2 2 2 2 8 10 2 10 2 2
left_child=1 4 3 14 6 12 7 9 19 11 -7 20 -6 -8 -3 -2 -17 30 23 25 21 -1 31 24 -12 -5 -9 -22 -16 -29 -15 -20
right_child=15 2 -4 8 5 10 13 26 -10 -11 18 -13 -14 17 28 16 -18 -19 22 -21 27 -23 -24 -25 -26 -27 -28 29 -30 -31 -32 -33
leaf_value=0.0012248199348481605 -0.028534011297665713 -0.022115471053441568 -0.026898705820675169 0.004911753878678711 -0.027239345152806873 -0.0084761965472583412 0.011082173314319802 0.0015386977273978764 -0.0066453737324115476 -0.0048130020426222671 0.013391730950217982 -0.0043031511693643167 0.00090165033664226901 -0.018399997983347113 -0.0017543503708086845 -0.012499556187174712 0.009220197089523402 0.0046477811819649016 -0.0052445620799764156 0.029525508852402346 -0.0022213922878751781 0.052932391443958983 0.0076858097432101315 0.035272805676652232 -0.0071313573570555931 -0.0040064339840830757 -0.0076223157850355654 0.0072495837659095064 0.0066041820779746841 -0.0012177906942595256 -1.1535732260300854e-05 0.00020837469003621943
leaf_weight=0.14530039590658894 1.2733015509774652 0.69532525365681808 1.2896687379361536 0.14009438940263419 1.1192420591361267 0.18346628825139566 0.31398242684809907 0.12177749744932942 0.43938139263991605 0.10503801860718898 0.38427186448461759 0.093845341401106341 0.65532105124123052 0.52688720449933157 0.036241794902593938 0.30486060860221176 0.3369908451579704 0.16037785485445966 0.13160517927042281 1.4313229845463411 0.045814124609364515 2.1053702872786744 0.41269689989877634 1.061701490677933 0.2094506215387355 0.085790555443281846 0.17727350466941516 0.15159097603691407 0.14425518656253189 0.024941517482602649 0.024065089414307295 0.034822139738025726
leaf_count=385 242867 61709 324 822 22170 811 283 150 28 17439 960 6354 217 7142 3068 1639 865 204 1078 396 783 3100 610 146 238 367 16973 267 45 1823 23 111
internal_value=0.00441987 0.0101677 -0.00567695 0.00798421 0.0181348 0.00414203 0.0290477 0.0386007 0.0204969 0.0437183 0.0227448 0.0464968 -0.0202678 -0.00402485 -0.016928 -0.0236177 -0.00242583 -0.0132723 0.0271362 0.0274859 0.0491085 0.0509979 0.00325407 0.0311192 0.00621989 0.00101944 -0.00557905 0.00390824 0.00486146 0.00603501 -0.0181221 -0.00490313
internal_weight=14.3661 12.4509 4.26208 2.97241 8.18884 4.19258 3.99626 2.97095 2.09659 2.6719 2.41801 2.56686 1.77456 1.02531 0.875822 1.91515 0.641851 0.71133 2.23455 1.65721 2.47302 2.25067 0.579124 1.65542 0.593722 0.225885 0.299051 0.222347 0.180497 0.176532 0.550952 0.166427
internal_count=393397 148026 66759 66435 81267 26341 54926 47274 1613 30151 3954 12712 22387 7652 64822 245371 2504 7369 3143 1585 6358 3485 1799 1344 1198 1189 17123 2873 3113 2090 7165 1189
is_linear=0
shrinkage=0.05


Tree=138
num_leaves=32
num_cat=0
split_feature=47 50 18 18 24 41 33 13 33 37 18 38 46 34 13 38 33 0 41 47 13 38 41 39 50 21 21 21 41 48 33
split_gain=0.973055 0.831823 0.538785 0.711796 0.48658 0.385751 0.36903 0.352204 0.447324 0.335529 0.20099 0.157947 0.150657 0.125847 0.101076 0.116557 0.111904 0.0940779 0.0557822 0.0507528 0.0502492 0.0337617 0.0143434 0.0128406 0.012237 0.00643216 0.00851882 0.00781699 0.00597105 0.00388732 0.000952168
threshold=104.50000000000001 23.531040191650394 87.007671356201186 91.715686798095717 87.821357727050795 2.5000000000000004 0.64583334326744091 2.5000000000000004 0.81666666269302379 1.0000000180025095e-35 15.047169685363771 1.0000000180025095e-35 5.5000000000000009 0.70710784196853649 65.500000000000014 4.5000000000000009 0.64583334326744091 112.80730438232423 4.5000000000000009 128.50000000000003 66.500000000000014 3.5000000000000004 3.5000000000000004 0.46428571641445165 99.655174255371108 91.596042633056655 86.526824951171889 85.912700653076186 5.5000000000000009 11.500000000000002 0.77500000596046459
decision_type=2 2 2 2 2 2 2 2 2 2 2 2 2 2 2 2 2 2 2 2 2 2 2 2 2 2 2 2 2 2 2
left_child=6 17 5 11 7 13 24 8 12 -9 -7 19 -5 -3 15 16 -12 -2 23 -4 -16 -15 -8 -13 -1 26 27 -21 -17 30 -18
right_child=1 2 3 4 -6 10 22 9 -10 -11 14 18 -14 21 20 28 29 -19 -20 25 -22 -23 -24 -25 -26 -27 -28 -29 -30 -31 -32
leaf_value=-0.0077863470356107347 -0.0024087971503677602 -0.0083479899727415055 -0.00011893202405323903 0.0059784887847526237 0.0062726112434221262 0.0050773155773464248 0.0055237346037058672 0.006956862169133821 0.021096400399456483 -0.033125336379625045 -0.036891868456207032 -0.0017147245586217347 -0.021600106452777962 0.016476988788294594 0.0066992430428182027 0.0038418557398377721 -0.0024069489364470387 0.035230709191475758 -0.0083206315809854787 -0.0015144973577099366 -0.0079332903930712639 -0.0021498568739401419 0.045346559134116893 0.0084598903184525103 0.0017190701064676848 0.031519752436135376 -0.0022009796677033935 0.0059928265347069711 -0.0018337609845313343 0.0022376608702027794 0.00045853330191517695
leaf_weight=0.18172511197335051 0.05061275059892878 0.1976740679430401 0.14129252798966074 0.20410023415570344 3.1937145654446795 0.17182926825307765 0.33987875824914227 0.2688045343254547 0.54724163588753072 1.8035910791661534 1.9764329402617602 0.035094975398010209 0.65149878459078536 0.42193660626924157 0.1743878142806351 0.084306393320843998 0.1475310962516686 0.49504440055352461 0.23283835407744391 0.031225325982404462 0.18642634658996826 0.042857511421857453 0.62353549318640944 0.19671067210879301 0.054347078065347887 0.95489465931814266 0.045732264715297788 0.11722545044858634 0.037543698681844262 0.045931245750807648 0.024533243119662984
leaf_count=18396 8292 38817 401 55 330 261 247 332 29 9599 267725 2058 2734 2182 906 758 3628 27 6647 1370 21528 69 335 79 239 220 248 6 5932 4 53
internal_value=0.002773 -0.00244232 -0.00642161 0.000937508 -0.00698532 -0.0203708 0.0334778 -0.0178484 0.00173436 -0.0273542 -0.0267841 0.0226515 -0.0153448 0.0067304 -0.0296538 -0.0324143 -0.0343592 0.0324398 -0.00130329 0.0280802 -0.00113517 0.0144643 0.0412663 0.00677797 -0.00597766 0.0299895 0.00237142 0.00446998 0.00201733 3.95513e-05 -0.00195575
internal_weight=13.6805 12.481 11.9354 8.42397 6.66895 3.51139 1.19949 3.47524 1.40284 2.0724 2.84892 1.75501 0.855599 0.662468 2.67709 2.31628 2.19443 0.545657 0.464644 1.29037 0.360814 0.464794 0.963414 0.231806 0.236072 1.14908 0.194183 0.148451 0.12185 0.217996 0.172064
internal_count=393507 374290 365971 24108 13079 341863 19217 12749 2818 9931 300795 11029 2789 41068 300534 278100 271410 8319 8784 2245 22434 2251 582 2137 18635 1844 1624 1376 6690 3685 3681
is_linear=0
shrinkage=0.05


Tree=139
num_leaves=24
num_cat=0
split_feature=44 34 19 43 46 18 47 41 21 21 47 50 18 11 47 41 1 1 17 17 28 47 1
split_gain=0.659171 0.595554 0.590311 0.43399 0.554013 0.446977 0.421443 0.349973 0.289005 0.265436 0.326606 0.197625 0.221896 0.192687 0.182586 0.119092 0.111926 0.0994308 0.0642007 0.0569166 0.0252588 0.00465907 0.00143585
threshold=1.5000000000000002 0.20942982286214831 81.754161834716811 3.5000000000000004 5.5000000000000009 91.715686798095717 96.500000000000014 9.5000000000000018 91.596042633056655 92.450141906738295 103.50000000000001 54.541898727416999 86.526824951171889 -0.83677384257316578 157.50000000000003 17.500000000000004 46.500000000000007 2.5000000000000004 99.367088317871108 89.825496673583999 1.5000000000000002 124.50000000000001 7.5000000000000009
decision_type=2 2 2 2 2 2 2 2 2 2 2 2 2 10 2 2 8 10 2 2 2 2 10
left_child=1 -1 18 9 21 8 -7 17 -6 19 -11 15 -13 -10 -8 -9 -16 -3 -2 -4 -17 -5 -19
right_child=2 7 3 4 5 6 14 11 13 10 -12 12 -14 -15 16 20 -18 22 -20 -21 -22 -23 -24
leaf_value=-0.017870175487151505 -0.032469060621672402 0.033513838694228797 -0.0049889548642983866 0.0043579109458859273 -0.0110594378434485 0.01142780147193111 -0.029205991573770986 -0.0063211798431782058 0.027563283206851554 0.007980240410814762 -0.030892436393236546 -0.021053385555554111 0.0092767611282585215 -0.0062664041581567314 0.011457044986030082 0.019528009479589836 -0.0098259297621093346 0.0005966492002395774 0.0016887737507406042 0.012094504195348185 -0.0013273733981002992 0.02460761516345232 -0.0028178738040866174
leaf_weight=0.53752421479697554 1.7108978175425713 1.4297448878863863 0.102450836688604 0.54663344931475411 0.28082449308624313 0.4670054095113304 1.682124828146357 0.13393048978241473 0.78261469214874069 0.24469619317096669 1.5373492215232998 0.51669067541786262 0.27101435375607252 0.13967709725227451 0.24675876318565304 0.52462294456472591 0.23531068898205376 0.026137552993532043 0.044316276461358828 0.26650898720299665 0.027266823279887831 1.1004264066669973 0.058695236385347016
leaf_count=8560 332715 543 3193 185 20098 154 6135 1684 2430 30 1472 1327 71 881 201 281 2215 463 51 169 6139 494 3681
internal_value=-0.00469882 0.0116413 -0.0113655 -0.00368417 0.00413971 -0.00653568 -0.0163647 0.0200998 0.0126311 -0.0186081 -0.0246049 0.000445085 -0.0112662 0.0218453 -0.0240782 0.0126001 0.00144804 0.0314403 -0.0313067 0.00717166 0.0183063 0.0220723 -0.00218561
internal_weight=12.9132 3.52563 9.3876 7.63238 5.48138 3.83432 2.6312 2.9881 1.20312 2.15101 1.78205 1.47353 0.787705 0.922292 2.16419 0.68582 0.482069 1.51458 1.75521 0.36896 0.55189 1.64706 0.0848328
internal_count=393172 22749 370423 37657 32793 32114 8705 14189 23409 4864 1502 9502 1398 3311 8551 8104 2416 4687 332766 3362 6420 679 4144
is_linear=0
shrinkage=0.05


Tree=140
num_leaves=33
num_cat=0
split_feature=44 26 20 13 23 25 37 16 28 47 46 16 27 50 20 25 21 17 44 38 23 47 17 17 1 37 38 2 33 47 47 47
split_gain=0.966361 0.643103 0.85048 0.769077 0.670388 0.58889 0.403534 0.394146 0.393329 0.33108 0.292113 0.205091 0.149847 0.142863 0.0895547 0.084287 0.0614809 0.0554876 0.0548455 0.0489682 0.0306835 0.01661 0.0155635 0.0141563 0.0132963 0.011372 0.00780453 0.0028139 0.000483455 1.59143e-06 0.0101728 0.000257386
threshold=4.5000000000000009 2.5000000000000004 0.95259785652160656 6.5000000000000009 81.557067871093764 2.5000000000000004 1.5000000000000002 89.209976196289077 1.5000000000000002 129.50000000000003 92.500000000000014 20.761494636535648 3.5000000000000004 46.07422065734864 0.48275209963321691 3.5000000000000004 91.596042633056655 87.895435333251967 1.5000000000000002 3.5000000000000004 29.708431243896488 95.500000000000014 64.565757751464858 69.00656890869142 1.5000000000000002 6.5000000000000009 4.5000000000000009 12.500000000000002 0.14835165441036227 102.50000000000001 92.500000000000014 95.500000000000014
decision_type=2 2 2 2 2 2 2 2 2 2 2 2 2 2 2 2 2 2 2 2 2 2 2 2 8 2 2 10 2 2 2 2
left_child=1 3 4 5 18 8 7 11 10 -6 14 -5 -2 23 20 21 17 -11 22 29 -1 -7 -3 -8 -17 27 -21 -15 -29 30 -16 -32
right_child=12 2 -4 6 9 15 13 -9 -10 16 -12 -13 -14 25 19 24 -18 -19 -20 26 -22 -23 -24 -25 -26 -27 -28 28 -30 -31 31 -33
leaf_value=-0.0042422602826337752 -0.02812720382865775 -0.003523984628408674 -0.027553896095182835 0.0098183268321296036 -0.0078803393862476329 0.0013882742861907667 -0.0020261871761024161 0.02191708005046257 -0.0069367593844654966 -0.0065674458484994147 -0.0049697154678414275 -0.018910245707880025 0.00045183535526596138 -0.02129835075724899 0.0082653869622297087 0.0088043058329662603 0.031026442966091528 0.0088616222282459564 -0.020245694554596797 -0.0021044061739602634 0.0079238207047364253 -0.012565437207380157 0.0050458735438350527 0.007933053129018635 -0.0017050957354618958 0.00033122458978402243 0.0042944362453958777 0.00068962492525976541 -0.00086237725592833874 0.052056024928650413 -0.0013098068863712812 0.00020175811032373343
leaf_weight=0.088589773170951847 1.2466680669010664 0.075317866376451881 1.3735603601248838 0.23858536987631929 0.34733159373388423 0.036728940102648155 0.041721610900623207 1.650334070230201 0.15933345760475948 0.16316749515794948 0.10995275464324539 0.59117686185720686 0.53711801065128373 0.98818230064253476 0.19460158949004913 0.17787693195327847 1.5685581901641399 0.22047062879573787 0.59715176581605078 0.055050631554195095 0.21989844531606195 0.44261973221898643 0.11502127515132088 0.15052549661913872 0.034823294199668453 0.032599288820051586 0.09544558085758581 0.013865686333701888 0.018700839930147595 1.9837573766918692 0.056920195885140856 0.068851167099865052
leaf_count=411 244886 8790 219 181 293 204 4356 370 21908 973 6429 10352 312 7801 492 24 356 29 55691 373 482 16871 302 3 2767 179 306 15 2961 4316 109 332
internal_value=0.00467981 0.0101672 -0.00433055 0.0183326 0.0102161 0.0317328 0.00105657 0.0115396 0.039183 0.0218977 0.0428714 -0.00979838 -0.0224507 -0.0156599 0.0455899 -0.00477644 0.0280705 0.00229562 -0.0170622 0.0481996 0.00385802 -0.0112806 0.00154313 0.00588507 0.00709649 -0.0205432 0.00215913 -0.0210438 -0.000173662 0.0496432 0.00659293 -0.00103814
internal_weight=13.6945 11.9107 4.46058 7.45014 3.08702 3.72445 3.72569 2.4801 3.0324 2.29953 2.87307 0.829762 1.78379 1.2456 2.76311 0.692049 1.9522 0.383638 0.787491 2.45463 0.308488 0.479349 0.190339 0.192247 0.2127 1.05335 0.150496 1.02075 0.0325665 2.30413 0.320373 0.125771
internal_count=393093 147895 66653 81242 66434 55024 26218 10903 35158 1651 13250 10533 245198 15315 6821 19866 1358 1002 64783 5928 893 17075 9092 4359 2791 10956 679 10777 2976 5249 933 441
is_linear=0
shrinkage=0.05


Tree=141
num_leaves=39
num_cat=0
split_feature=47 1 35 19 21 47 17 18 33 18 17 0 41 50 1 17 16 16 16 37 26 50 37 2 17 23 46 44 46 17 44 47 46 27 19 19 19 27
split_gain=0.784264 0.510094 0.488608 0.393271 0.762636 0.44907 0.449404 0.345087 0.313523 0.301452 0.260775 0.206511 0.170187 0.1615 0.155271 0.107669 0.0832015 0.0768785 0.114914 0.0616079 0.0560422 0.0472441 0.0452928 0.025777 0.0247206 0.0173552 0.0101213 0.00814023 0.00701078 0.00678919 0.00558985 0.00470145 0.00336448 0.00215292 0.000748913 0.000401253 0.0003115 0.000234599
threshold=104.50000000000001 70.500000000000014 1.0000000180025095e-35 91.010101318359389 92.940196990966811 120.50000000000001 87.138130187988295 74.601570129394545 0.77500000596046459 19.292804718017582 95.040985107421889 78.09860992431642 3.5000000000000004 23.531040191650394 1.5000000000000002 95.040985107421889 18.350168228149418 93.582702636718764 92.63776016235353 4.5000000000000009 4.5000000000000009 97.68778228759767 3.5000000000000004 13.500000000000002 92.40384674072267 73.942821502685561 92.500000000000014 1.0000000180025095e-35 145.50000000000003 23.132664680480961 1.5000000000000002 98.500000000000014 146.50000000000003 2.5000000000000004 73.499401092529311 61.633426666259773 75.905715942382827 1.0000000180025095e-35
decision_type=2 8 2 2 2 2 2 2 2 2 2 2 2 2 10 2 2 2 2 2 2 2 2 8 2 2 2 2 2 2 2 2 2 2 2 2 2 2
left_child=2 3 12 4 7 24 11 9 -3 16 17 -7 31 29 -9 -6 -2 18 -8 30 22 -12 26 34 -5 35 -10 -16 -28 -11 37 -1 -30 -32 -15 -14 -36 -4
right_child=1 8 19 5 15 6 10 14 20 13 21 -13 25 23 27 -17 -18 -19 -20 -21 -22 -23 -24 -25 -26 -27 28 -29 32 -31 33 -33 -34 -35 36 -37 -38 -39
leaf_value=-0.0035394978616197915 -0.0050249929046079223 -0.030495917680408619 -0.00035009104542953141 -0.016463880437542232 -0.032254694924740507 0.034691900923511473 -0.0094911450419091787 0.024012977114843907 -2.5785541033117692e-05 -0.001123451210121081 0.016797862219504436 -0.0010262618689414384 0.00088261019275128003 -0.00071440698705625293 0.001393406923911226 0.0019621890199336659 0.016801818925789993 -0.019315335001726608 0.010730800877933946 0.0059064317729438827 0.0093045419217645791 -0.00031325494243136402 0.0047717198668964563 -0.024495618086498874 -1.5243952242394199e-05 0.046283130601108842 -0.011431205751448955 -0.0066247199446393644 0.0021657480647066284 0.0069687497255263844 -0.01186286498441861 0.0015676098260106156 -0.001863007054058493 -0.00026482752207210742 0.0015330036056120126 -0.00055904096628119808 -0.00024285961220600909 0.00082773933974778608
leaf_weight=0.087686668829406456 0.10206178153964307 1.4684201878486516 0.0070478822246400332 0.4933336960186806 1.294625478706166 1.5214177863693974 0.49695331620682759 1.1580926195186974 0.28381105833182096 0.02298114377231264 0.57938746843046807 0.41512308905089401 0.02401435762442361 0.014461791220441 0.036391069376349949 0.13350468793396419 0.4125990543205944 0.38464836634193489 0.32380598655754511 0.11731594538218815 0.17977591713406582 0.49347274598312652 0.20993623300876152 0.84833517548557325 0.27186241104573128 0.55864071391567904 0.29252962490932077 0.15061965457448423 0.046245460789123172 0.15773625027463822 0.29217919477054011 0.035215206290786227 0.038607376125355586 0.089409993470667359 0.032456272923582219 0.011305705729398596 0.013784266094035047 0.017142657347221757
leaf_count=557 1501 208436 1136 456 2162 1985 487 225 408 3972 109 88 1047 4098 90 50 1337 58 84 345 25 355 318 130074 158 249 1642 13144 41 922 13112 308 521 220 280 2182 510 42
internal_value=0.000265973 -0.00450158 0.0275547 0.00145174 -0.00849697 0.0101556 0.0163641 0.00660703 -0.0207435 -0.00750618 -0.000208877 0.0292931 0.0409178 -0.0180622 0.0194635 -0.0295653 0.0120135 -0.012128 -1.26464e-06 -0.0055996 0.00110851 0.0125732 -0.00465164 -0.0233962 -0.0139392 0.0454699 -0.008715 -0.00520502 -0.0104867 0.00585975 -0.0107613 -0.0019833 0.000305084 -0.011304 0.0005768 0.000326898 0.00127748 0.000477812
internal_weight=13.1169 11.877 1.23996 9.35765 4.37765 4.98 4.21481 2.94952 2.51933 1.60442 2.27827 1.93654 0.716863 1.08975 1.3451 1.42813 0.514661 1.20541 0.820759 0.523096 1.05091 1.07286 0.87113 0.909038 0.765196 0.593961 0.661194 0.187011 0.377382 0.180717 0.40578 0.122902 0.0848528 0.381589 0.0607023 0.0353201 0.0462405 0.0241905
internal_count=392734 373536 19198 162145 158365 3780 3166 156153 211391 142694 1093 2073 4343 139856 13459 2212 2838 629 571 14855 2955 464 2930 134962 614 3478 2612 13234 2204 4894 14510 865 562 13332 4888 3229 790 1178
is_linear=0
shrinkage=0.05


Tree=142
num_leaves=29
num_cat=0
split_feature=39 20 33 19 19 41 23 45 31 35 11 44 50 46 16 1 43 1 44 13 50 48 33 41 16 1 16 16
split_gain=0.825671 1.00961 0.752228 0.441275 0.315845 0.356364 0.451749 0.396886 0.30984 0.272965 0.242676 0.200439 0.186337 0.124908 0.0871208 0.128394 0.0854816 0.082872 0.0499892 0.0359005 0.10209 0.0263622 0.0169097 0.0117986 0.00929437 0.00685134 0.00427341 0.00479762
threshold=0.77500000596046459 0.53469792008399974 0.64583334326744091 31.662488937377933 85.880397796630874 1.5000000000000002 82.972846984863295 0.38868248462677008 3.5000000000000004 1.0000000180025095e-35 -1.0000000180025095e-35 2.5000000000000004 96.169029235839858 134.50000000000003 99.367088317871108 1.5000000000000002 1.0000000180025095e-35 3.5000000000000004 1.5000000000000002 6.5000000000000009 96.169029235839858 1.5000000000000002 0.92857143282890331 1.5000000000000002 71.50376129150392 5.5000000000000009 65.485893249511733 64.96753311157228
decision_type=2 2 2 2 2 2 2 2 2 2 8 2 2 2 2 10 2 10 2 2 2 2 2 2 2 10 2 2
left_child=2 8 3 21 11 9 18 13 -2 10 16 -4 -5 -8 -11 -16 -6 -3 -7 -12 -21 -1 -13 -14 -20 -19 27 -25
right_child=1 17 4 12 5 6 7 -9 -10 14 19 22 23 -15 15 -17 -18 25 24 20 -22 -23 -24 26 -26 -27 -28 -29
leaf_value=-0.0024480829820208126 -0.022629989528067516 0.041911612697873857 0.0075781319690709356 -0.035680152950001792 0.0045294034573697545 0.0032132775040242222 -0.015351169500170772 0.026806430064600907 0.011738814023035379 -0.023765682279080214 0.017147495674949647 -0.023352117152488767 0.0046154500351493566 0.0077935737801236278 0.01053621383307923 -0.011655572340414078 -0.016355504555711584 0.0027833190498733115 0.00017638345782329209 0.010719559839526317 -0.0090561703854050747 0.011681455796256873 5.6773588944139673e-05 -0.0018802558538973122 -0.016573559761379707 -0.0029066797380417064 -0.0040816911201853037 0.0029910723567322366
leaf_weight=0.051022184989505504 0.67455839792597894 1.3690141609654345 0.2252273835779286 1.8793587021046962 0.21310313640606182 0.076948102800088125 0.39324423175583012 3.0063461618681231 0.29510760892810595 0.63201134831763262 0.97334408887650237 0.8007943452823838 0.092294870796194917 0.20841732688677439 0.32761032481357688 0.28205920346772473 0.46958502232223509 0.057242096433128498 0.065778592737615327 0.29592037853740294 0.32358419509182568 0.29368836248542607 0.075541167454957758 0.058271919045864706 0.42391672906876465 0.059933947542504029 0.087556945000414999 0.064291468635246929
leaf_count=5815 3434 754 246 352811 35 62 1571 658 211 604 201 10425 16 759 332 154 2260 110 169 258 261 2683 86 1384 4132 2296 1493 87
internal_value=0.000560869 0.0221244 -0.00553344 -0.0250677 0.00206561 0.00609026 0.0145855 0.0207087 -0.0115208 -0.00498962 0.00525161 -0.0155629 -0.0317245 -0.00747351 -0.0177282 -0.000593381 -0.0110188 0.0398807 -0.0127348 0.0137852 0.00117634 0.00932481 -0.0223794 0.00137891 -0.0157156 -0.000123746 -0.00268198 0.00106324
internal_weight=13.7758 2.45586 11.3199 2.52648 8.79343 7.69187 4.17465 3.60801 0.969666 3.51722 2.27554 1.10156 2.18177 0.601662 1.24168 0.60967 0.682688 1.48619 0.566643 1.59285 0.619505 0.344711 0.876336 0.302415 0.489695 0.117176 0.21012 0.122563
internal_count=393307 6805 386502 364289 22213 11456 7351 2988 3645 4105 3015 10757 355791 2330 1090 486 2295 3160 4363 720 519 8498 10511 2980 4301 2406 2964 1471
is_linear=0
shrinkage=0.05


Tree=143
num_leaves=34
num_cat=0
split_feature=35 38 44 1 35 1 34 13 12 23 16 2 20 37 44 47 38 17 44 16 17 23 16 43 20 38 13 20 48 47 48 20 37
split_gain=1.02135 0.503728 0.502655 0.457182 0.40092 0.632218 0.577972 0.474225 0.357435 0.318898 0.273142 0.242531 0.239834 0.176502 0.276943 0.214421 0.0842184 0.0822395 0.072295 0.0476144 0.04429 0.0396401 0.0218132 0.0215204 0.0200952 0.0189426 0.0188059 0.0139801 0.0110801 0.00585876 0.00559493 0.00230891 0.000484767
threshold=1.0000000180025095e-35 2.5000000000000004 4.5000000000000009 46.500000000000007 1.5000000000000002 69.500000000000014 0.76696833968162548 1.5000000000000002 1.5000000000000002 84.475742340087905 91.820003509521499 4.5000000000000009 0.82545602321624767 1.5000000000000002 4.5000000000000009 142.50000000000003 4.5000000000000009 93.419914245605483 1.0000000180025095e-35 99.367088317871108 92.40384674072267 29.708431243896488 99.367088317871108 1.5000000000000002 0.99629628658294689 4.5000000000000009 6.5000000000000009 0.93003022670745861 11.500000000000002 99.500000000000014 5.5000000000000009 0.89223185181617748 4.5000000000000009
decision_type=2 2 2 10 2 10 2 2 2 2 2 10 2 2 2 2 2 2 2 2 2 2 2 2 2 2 2 2 2 2 2 2 2
left_child=1 2 3 8 5 16 7 9 11 25 -11 12 29 14 -8 21 -2 -14 -3 -10 -20 -15 -4 -23 27 -6 -22 31 -13 -1 -24 -25 -18
right_child=4 18 22 -5 6 -7 13 -9 19 10 -12 28 17 15 -16 -17 32 -19 20 -21 26 23 30 24 -26 -27 -28 -29 -30 -31 -32 -33 -34
leaf_value=0.0015048119965091131 -0.034800386068668469 0.0049088628238127784 -0.013126384668274933 -0.010596166380786309 -0.016433977543899372 0.015380562645572382 0.028816756988332828 -0.02904605498191969 -0.0098352598119298956 0.022810574844076691 -0.009632892077292737 -0.0060992269636108536 0.047602273706943081 -0.0030882143280401382 -0.0081382831086495959 -0.014963386486025149 -0.00032905886473447323 0.014306494287939051 -0.017613400239663315 0.0049572361912641836 0.0053129885492574904 0.016010303674309206 -0.0020191837560222903 -0.00087393152406681305 0.005122708787111698 0.0011553068484557892 -0.0039833858375847167 -0.0066708189264049816 0.0020920420891342856 -0.0045052876870911021 0.0032690867901438952 0.0031731244403676337 0.001796251553904912
leaf_weight=0.035210835156420539 1.6447546721337856 0.11762273144364588 0.3384106206868579 0.26398860758627041 0.48082180292868804 0.24422214802643782 1.0956608950777424 1.2700389138252175 0.24211798231078763 1.0021047040577284 0.29608832025223808 0.14279107612117048 2.0062382854084717 0.062388810749098189 0.1879989608399909 0.42977848153373088 0.0066245848994411763 1.4720700550278709 0.48877098378420669 0.1621557546332042 0.12808696844513179 0.40345840062212801 0.042071561560078408 0.017684237308912998 0.10310165258124471 0.03237066475537631 0.094054340275761206 0.14030534401535988 0.041860905010253191 0.16796678021759703 0.082583424141375872 0.062904447317123413 0.079273002327795439
leaf_count=461 96763 73 39924 3180 101359 2184 579 85015 11867 1328 27 5100 741 289 5409 1199 2550 186 20607 34 69 99 751 2431 6 1695 495 2 2 8592 67 1 235
internal_value=0.00255447 0.0168316 0.0223416 0.0271261 -0.00912954 -0.0239655 -0.00104041 -0.0136949 0.0310261 0.00357155 0.0144392 0.0349303 0.0373314 0.0139994 0.0222108 -0.000755975 -0.033117 0.0398522 -0.0104458 -0.00459702 -0.0143706 0.0110157 -0.0110272 0.0133128 0.00039837 -0.0152942 0.0013382 -0.00419646 -0.00404382 -0.0030787 0.00127588 0.00229814 0.00148026
internal_weight=13.3856 5.826 4.99747 4.5344 7.55958 1.97487 5.58471 3.08142 4.27041 1.81139 1.29819 3.86614 3.68149 2.50328 1.28366 1.21962 1.73065 3.47831 0.828535 0.404274 0.710912 0.789843 0.463066 0.727454 0.323996 0.513192 0.222141 0.220894 0.184652 0.203178 0.124655 0.0805887 0.0858976
internal_count=393320 92149 70905 30163 301171 101732 199439 189424 26983 104409 1355 15082 9980 10015 5988 4027 99548 927 21244 11901 21171 2828 40742 2539 2440 103054 564 2434 5102 9053 818 2432 2785
is_linear=0
shrinkage=0.05


Tree=144
num_leaves=35
num_cat=0
split_feature=18 17 34 47 13 19 26 13 13 23 50 47 38 50 23 33 50 0 46 17 18 17 50 20 12 12 47 26 18 23 48 48 37 50
split_gain=1.18474 0.613219 0.536446 0.526788 0.333467 0.294829 0.264458 0.319988 0.258802 0.159204 0.155541 0.151705 0.117114 0.0724438 0.0693889 0.0571649 0.056034 0.0553434 0.0519936 0.03663 0.0356258 0.0247157 0.0237622 0.0150106 0.0106988 0.0386167 0.00719103 0.00670853 0.0138779 0.00641143 0.00507173 0.00350556 0.00268775 0.000452211
threshold=84.273937225341811 65.419578552246108 0.91287881135940563 128.50000000000003 61.500000000000007 81.754161834716811 2.5000000000000004 1.5000000000000002 1.5000000000000002 81.557067871093764 95.099250793457045 127.50000000000001 4.5000000000000009 88.914138793945327 15.535444736480715 0.64583334326744091 86.375549316406264 101.58581161499025 1.5000000000000002 89.825496673583999 89.699382781982436 99.367088317871108 63.160385131835945 0.91633436083793651 1.5000000000000002 21.500000000000004 123.50000000000001 1.5000000000000002 80.810150146484389 31.311274528503422 11.500000000000002 1.5000000000000002 4.5000000000000009 64.28720855712892
decision_type=2 2 2 2 2 2 2 2 2 2 2 2 2 2 2 2 2 2 2 2 2 2 2 2 2 2 2 2 2 2 2 2 2 2
left_child=2 11 12 6 5 13 7 10 27 19 -3 -2 15 23 -10 -1 22 -9 -6 29 26 -15 -11 -5 -18 -26 -8 -4 -29 -7 31 -17 -14 -13
right_child=1 3 8 4 18 9 20 17 14 16 -12 33 32 21 -16 30 24 -19 -20 -21 -22 -23 -24 -25 25 -27 -28 28 -30 -31 -32 -33 -34 -35
leaf_value=-0.03485240592514708 0.044458544036566711 -0.0062535752732982043 0.018564858117317461 -0.0023004690903370138 0.0029073558358420851 0.0008300380029833119 -0.0027618796314827312 -0.017214680995089684 0.0046689928353519311 0.0053308703313184637 0.022404939803372704 0.00018387309926596278 -0.00090581381675553961 -0.014394848975918223 -0.015140886654784129 0.00089588982215987152 0.02533659097232845 0.003271660113666286 -0.014720685983669241 0.0048477637317039975 -0.023803414107159047 0.0018294309533156894 -0.0048591638059573639 0.0073090961242884139 -0.0052816341414072933 0.007919578496253488 0.0030484199265901771 -0.0035658457101474059 0.0044863560930341216 -0.0087856860305014755 0.001956167158537931 -0.004110315193764251 0.0035451093661255859 -0.0029208799814167468
leaf_weight=1.8060204975617487 0.49341186630408529 0.16183682692667234 0.47497989654175377 0.051758913793832906 0.19789670099544299 0.01664781692170425 0.057742168496247137 0.49717872910457572 0.092497615518823295 0.14736930318326802 0.70939764344734613 0.0063699638639036485 0.018450413683808509 0.36009058060756161 0.53245874151650696 0.082109514901389846 3.7520907982949439 0.069231529487296939 0.40246960983904501 0.12890399578441247 0.99803670650408094 0.038239389736190788 0.14501996558510655 0.2161413800279206 0.11724345821153281 0.1986974092667424 0.079161644359601269 0.075535413305885868 0.092738979665000443 0.23284633641208075 0.040525723937207658 0.086759523958221507 0.07935185382666532 0.061743829579882004
leaf_count=344421 1049 1059 54 3283 63 9 701 1909 26 77 120 33 7657 2705 1424 4316 2987 14 6496 220 1018 11 638 171 927 85 204 1011 4 5284 9 579 781 3499
internal_value=0.00227041 0.0115099 -0.0196298 0.00555711 0.0130841 0.0169901 -0.0107579 0.00359282 0.00456223 0.0209158 0.0165844 0.0406517 -0.0309502 -0.0067275 -0.0111399 -0.0329171 0.0232345 -0.0142206 -0.0107242 -0.00327546 -0.0221045 -0.0126429 0.000427609 0.00510242 0.0244659 0.00272984 0.000324022 0.0173132 0.000913504 -0.00799327 -0.00120889 -0.00299219 0.00264519 -0.00273022
internal_weight=12.521 9.13953 3.38143 8.578 6.00542 5.40505 2.57259 1.43764 1.26821 4.73882 0.871234 0.561526 2.11322 0.66623 0.624956 2.01542 4.36042 0.56641 0.600366 0.378398 1.13494 0.39833 0.292389 0.2679 4.06803 0.315941 0.136904 0.643254 0.168274 0.249494 0.209395 0.168869 0.0978023 0.0681138
internal_count=392844 32562 360282 27981 22956 16397 5025 3102 2519 10227 1179 4581 357763 6170 1450 349325 4714 1923 6559 5513 1923 2716 715 3454 3999 1012 905 1069 1015 5293 4904 4895 8438 3532
is_linear=0
shrinkage=0.05


Tree=145
num_leaves=35
num_cat=0
split_feature=28 38 44 26 12 40 16 27 2 10 21 1 16 17 44 44 2 1 1 19 23 34 16 23 34 1 16 13 2 18 1 23 23 23
split_gain=0.573224 0.489895 0.370577 0.336559 0.460761 0.3606 0.294718 0.272254 0.212528 0.207903 0.185872 0.178703 0.157948 0.14382 0.138148 0.123029 0.140836 0.147344 0.106196 0.092578 0.0811184 0.0513699 0.0304914 0.0266536 0.0213269 0.0194826 0.0181046 0.00893235 0.00758621 0.0067009 0.00537355 0.00169751 0.000550769 0.000186368
threshold=1.5000000000000002 1.5000000000000002 1.5000000000000002 2.5000000000000004 1.5000000000000002 1.5000000000000002 80.735492706298842 3.5000000000000004 3.5000000000000004 1.0000000180025095e-35 95.82608795166017 70.500000000000014 27.072835922241214 89.825496673583999 4.5000000000000009 4.5000000000000009 1.5000000000000002 1.5000000000000002 5.5000000000000009 27.429467201232914 84.680576324462905 0.53452381491661083 99.367088317871108 81.557067871093764 0.39208073914051061 1.5000000000000002 99.367088317871108 1.5000000000000002 1.5000000000000002 91.024166107177749 5.5000000000000009 95.742755889892592 71.148777008056655 79.277816772460952
decision_type=2 2 2 2 2 2 2 2 10 2 2 10 2 2 2 2 8 10 8 2 2 2 2 2 2 8 2 2 8 2 10 2 2 2
left_child=1 3 12 4 5 29 14 18 9 11 13 15 -3 19 20 16 -7 -18 -8 -4 23 24 -6 32 -14 -10 -12 28 -17 -1 -19 -2 -5 -34
right_child=31 2 10 6 22 8 7 -9 25 -11 26 -13 21 -15 -16 27 17 30 -20 -21 -22 -23 -24 -25 -26 -27 -28 -29 -30 -31 -32 -33 33 -35
leaf_value=-0.0088466495187246065 -0.020500964453440667 -0.0061497417458571662 0.0062322190035814153 0.00078862148577766428 -0.011583406290406337 0.018095339755940961 -0.0006004814601788225 0.010222503167325842 0.003392460459897341 -0.0046316551645849422 -0.024857995687916832 -0.0038598236797403266 -0.0054278904227306928 0.013416940050896839 -0.0055608052399265372 0.0052507595557541248 0.057105002230960406 0.0025441753954550568 -0.022307016799464119 -0.014958596589808686 -0.0016086215328221807 0.020371358492850322 0.0020661118356541286 0.027757635923406101 0.0044361039945132758 -0.0062911290037283912 -0.0013422572635981721 -0.0027094488790614817 -0.0016672973073688559 0.00076782449246587294 -0.0024875221275971627 8.5698927645873438e-05 -0.0010608871146579651 0.00020719332462447961
leaf_weight=0.19196720538968559 0.69155805952965543 0.44103682579020587 0.13144445601335486 0.029541377121177215 0.29792860210000061 2.1621278285224452 0.92335827354099831 0.92291541781969488 0.11124854608908652 0.10102444480037309 0.91179242888802037 0.082627360834749086 0.12768157659070289 0.33660236736204752 0.12283039867213574 0.19036691885776225 1.102866812653019 0.07116802018947499 0.71741383586720542 0.406590555613775 0.17628814061276898 0.87304644916639518 0.22031871558101557 0.6520825037433724 0.090020680737325165 0.14377017064009578 0.21033255483507673 0.056917400871270729 0.034192225993137981 0.039439990330265573 0.052195542098047554 0.001725515872522009 0.033848325296617077 0.022312812015115924
leaf_count=1015 267190 207 167 706 28711 701 174 178 34 1280 5566 283 925 538 6756 245 914 197 2240 37775 296 171 198 320 71 24893 704 4340 3129 170 1846 3 1021 231
internal_value=0.00805251 0.0111459 -0.00379702 0.0171218 0.0245999 0.0293307 0.00387787 -0.00555837 0.0325673 0.0349843 -0.0150843 0.036801 0.0110629 0.00210382 0.0184833 0.038347 0.0404278 0.0539891 -0.0149446 -0.00909551 0.0229315 0.0176353 -0.00824182 0.0263467 -0.00105567 -0.00272963 -0.0231598 0.00129722 0.00369604 -0.00791518 9.60327e-05 -0.0204294 -6.72942e-05 -0.000837921
internal_weight=12.6806 11.9873 3.52855 8.45875 4.85816 4.33991 3.60059 2.56369 4.10851 3.85349 1.99676 3.75246 1.53179 0.874637 1.0369 3.66983 3.38836 1.22623 1.64077 0.538035 0.914073 1.09075 0.518247 0.737785 0.217702 0.255019 1.12212 0.281477 0.224559 0.231407 0.123364 0.693284 0.0857025 0.0561611
internal_count=393195 126002 46124 79878 67956 39047 11922 2592 37862 12935 44750 11655 1374 38480 9330 11372 3658 2957 2414 37942 2574 1167 28909 2278 996 24927 6270 7714 3374 1185 2043 267193 1958 1252
is_linear=0
shrinkage=0.05


Tree=146
num_leaves=35
num_cat=0
split_feature=20 16 44 37 47 34 44 44 19 1 47 47 37 16 47 46 47 40 21 20 47 16 26 40 17 21 18 47 47 17 18 18 17 17
split_gain=0.751606 0.731694 0.603405 0.533758 0.632577 0.405087 0.326715 0.195737 0.178703 0.1643 0.154507 0.153316 0.151165 0.149453 0.144114 0.136471 0.130056 0.120409 0.112583 0.0971596 0.0962476 0.078429 0.0557175 0.0415079 0.0868294 0.0355949 0.0253216 0.0215487 0.0091337 0.00628775 0.00241635 0.00379652 0.000351192 0.000157484
threshold=0.82545602321624767 73.375530242919936 1.5000000000000002 1.5000000000000002 128.50000000000003 0.91987180709838878 4.5000000000000009 4.5000000000000009 65.599384307861342 21.500000000000004 95.500000000000014 119.50000000000001 1.0000000180025095e-35 23.606810569763187 154.50000000000003 76.500000000000014 135.50000000000003 1.0000000180025095e-35 92.450141906738295 0.99629628658294689 103.50000000000001 95.101959228515639 3.5000000000000004 1.5000000000000002 62.115564346313484 91.734970092773452 89.699382781982436 173.50000000000003 127.50000000000001 99.367088317871108 88.067794799804702 87.585617065429702 47.124916076660163 46.841754913330085
decision_type=2 2 2 2 2 2 2 2 2 10 2 2 2 2 2 2 2 2 2 2 2 2 2 2 2 2 2 2 2 2 2 2 2 2
left_child=5 6 -3 4 10 -1 8 15 28 14 -4 21 -12 -7 20 -6 -17 -15 25 -9 -10 -5 -21 -22 32 27 30 -13 -2 -11 31 -14 33 -25
right_child=1 2 3 11 7 13 -8 19 9 29 12 18 26 17 -16 16 -18 -19 -20 22 23 -23 -24 24 -26 -27 -28 -29 -30 -31 -32 -33 -34 -35
leaf_value=-0.02919981237058519 0.0021911639308235379 0.022989684970488249 0.0055188243892650623 -0.008540606426793107 0.025765464486878567 0.014883506218848049 -0.0073978372013605385 -0.01231217910016353 -0.00080357700475762895 -0.0040625658330486264 0.0052321259460126855 -0.0086620569870736915 -0.0015130503310516769 0.0075389145565794352 -0.0025722930438094034 0.010864564408706845 -0.011295068129276864 -0.015446494745096752 -0.029890857216189778 -0.0048791797224049527 0.00095773117754582035 0.0084500300177664644 0.01207490575844279 -0.00029896727529168401 0.049099138849968929 0.0063183258356061048 -0.025577890133408849 0.0027524909612141211 -0.0048064394491598985 0.0018227439538426168 -0.0018979519353131032 0.0029992061426165105 -0.0011968094382624147 0.00065217008787863621
leaf_weight=1.4766992642156549 0.055234571930326548 1.4174109102677883 0.30495077368345835 0.34565442518760425 1.843748046080919 0.44274852386763519 0.17160607939734962 0.30903259919648451 0.079839956551268076 0.08709678676450483 0.15886254682800394 0.19759905007072087 0.030793104554845852 0.19535264781961814 0.064245281411217436 0.36227208820992007 0.28843470440665442 0.37878750029767616 1.3763987355844165 0.10645281601614442 0.091900347123327841 0.37141683549680238 0.24970354156812391 0.0060125532958182895 1.136472785817318 0.12789109940956678 1.0993532365883991 0.062509297545489062 0.10334105325614473 0.037566376719041727 0.038846448577601222 0.060459870401018634 0.036951678571654156 0.01341290809102702
leaf_count=324997 839 468 187 610 419 204 31392 5542 179 1053 145 4999 941 12 2044 234 1282 2096 3571 1685 123 63 65 698 1840 32 945 274 3599 3 160 32 2440 28
internal_value=0.00246082 0.008414 0.00108962 -0.0053933 0.00449516 -0.0180708 0.0302652 0.0161294 0.035376 0.0387442 -0.0151425 -0.0204682 -0.0200914 0.00455523 0.0417725 0.0210385 0.000149957 -0.00780475 -0.0258122 -0.00385877 0.0440652 5.57977e-05 0.00714628 0.0459848 0.0474351 -0.000232522 -0.0242426 -0.00591149 -0.00258158 -0.00224528 -0.000310402 0.00148535 -0.00083387 0.00035329
internal_weight=13.1291 10.6355 8.75179 7.33438 4.85291 2.49359 1.88368 3.15964 1.71207 1.5535 1.69327 2.48147 1.38832 1.01689 1.42884 2.49445 0.650707 0.57414 1.7644 0.665189 1.36459 0.717071 0.356156 1.28475 1.19285 0.387999 1.22945 0.260108 0.158576 0.124663 0.130099 0.091253 0.0563771 0.0194255
internal_count=393201 65892 21654 21186 11637 327309 44238 9227 12846 8408 2410 9549 2223 2312 7352 1935 1516 2108 8876 7292 5308 673 1750 5129 5006 5305 2078 5273 4438 1056 1133 973 3166 726
is_linear=0
shrinkage=0.05


Tree=147
num_leaves=24
num_cat=0
split_feature=19 13 48 21 24 21 30 41 17 18 41 47 18 17 24 48 48 44 17 24 39 24 24
split_gain=1.02368 0.574049 0.469041 0.306099 0.618893 0.320364 0.244089 0.21334 0.242176 0.178651 0.224288 0.215833 0.162066 0.0810683 0.05191 0.0427266 0.0322071 0.026888 0.0208761 0.0189532 0.0144504 0.0143524 0.000825315
threshold=99.333332061767592 7.5000000000000009 2.5000000000000004 96.871944427490249 95.940452575683608 91.596042633056655 1.0000000180025095e-35 1.0000000180025095e-35 81.28433990478517 75.582656860351577 22.500000000000004 134.50000000000003 91.715686798095717 80.217391967773452 95.017730712890639 3.5000000000000004 3.5000000000000004 1.0000000180025095e-35 93.419914245605483 91.316913604736342 0.61250001192092907 1.0000000180025095e-35 95.017730712890639
decision_type=2 2 2 2 2 2 2 2 2 2 2 2 2 2 2 2 2 2 2 2 2 2 2
left_child=3 6 14 4 5 18 -2 19 13 10 11 20 -7 17 -3 -12 -4 -9 22 21 -6 -5 -1
right_child=1 2 16 7 9 12 -8 8 -10 -11 15 -13 -14 -15 -16 -17 -18 -19 -20 -21 -22 -23 -24
leaf_value=-0.02947312180000666 0.03080232433061228 -0.023856008473193469 4.209916556285528e-05 0.0025167726729124315 -0.0015884051401336419 0.014902765138082811 -0.0031652879407495452 0.0026349010667013123 -0.036073397122265254 0.019317317417763456 -0.0027933867363144228 -0.021786311712032547 -0.010394069953592815 0.0097555537548927301 0.0014309403164583939 0.015935930844434378 0.01523755007450389 -0.010857803537765857 0.0004840944385003464 0.0059198584829956522 0.010145607652711686 -0.0060031037609789648 -3.4310681139253617e-05
leaf_weight=1.4252209893762284 2.0758165795286918 0.85957800381265803 0.44279341743003875 0.13876271352091896 0.032436978976193354 0.39347963549130316 0.42899163465381196 0.068793493484008983 1.711611623196063 1.1867423333319491 0.058476151560171274 0.62349428168306531 0.23876465140335768 0.18363188973717115 0.10651012707239715 0.37759901669835472 0.74413839264616399 0.27251379726408231 0.026976825790370529 0.19020118506159633 0.22070362205698757 0.1349339996048684 0.0047183148209343209
leaf_count=363187 1071 4195 228 44 1609 703 196 9 3304 389 4312 2715 415 243 25 213 550 7870 207 25 41 724 974
internal_value=-0.0035998 0.0130929 -0.00511942 -0.0145594 -0.00474389 -0.0204344 0.0257415 -0.0254488 -0.0300538 0.0104626 -0.00243373 -0.0131219 0.00483438 0.000358339 -0.0217583 0.0132281 0.0121801 -0.00820136 -0.0289046 0.00211675 0.00857434 -0.00309895 -0.0294301
internal_weight=11.9469 4.65783 2.15302 7.28906 4.58861 2.08916 2.50481 2.70045 2.23655 2.49945 1.31271 0.876635 0.632244 0.524939 0.966088 0.436075 1.18693 0.341307 1.45692 0.463898 0.253141 0.273697 1.42994
internal_count=393249 6265 4998 386984 374765 365486 1267 12219 11426 9279 8890 4365 1118 8122 4220 4525 778 7879 364368 793 1650 768 364161
is_linear=0
shrinkage=0.05


Tree=148
num_leaves=33
num_cat=0
split_feature=38 13 46 48 43 46 44 37 39 25 12 20 38 18 1 26 33 28 20 34 16 47 24 1 17 16 17 13 37 37 46 33
split_gain=0.758264 0.594239 0.557628 0.465279 0.436448 0.40129 0.397208 0.313172 0.261175 0.242682 0.206327 0.21173 0.184336 0.174289 0.173643 0.135393 0.133683 0.117859 0.108705 0.0891241 0.116057 0.0727736 0.0717529 0.208031 0.0496651 0.0416943 0.0407272 0.0390704 0.0316976 0.0194696 0.0174065 0.00801892
threshold=1.5000000000000002 2.5000000000000004 143.50000000000003 3.5000000000000004 1.5000000000000002 92.500000000000014 4.5000000000000009 1.0000000180025095e-35 0.61250001192092907 4.5000000000000009 1.5000000000000002 0.48486252129077917 2.5000000000000004 99.367088317871108 1.5000000000000002 4.5000000000000009 0.47222222387790685 1.5000000000000002 0.46713979542255407 0.95619046688079845 88.548007965087905 113.50000000000001 93.492378234863295 69.500000000000014 89.022754669189467 99.367088317871108 99.367088317871108 60.500000000000007 4.5000000000000009 2.5000000000000004 47.500000000000007 0.77500000596046459
decision_type=2 2 2 2 2 2 2 2 2 2 2 2 2 2 8 2 2 2 2 2 2 2 2 10 2 2 2 2 2 2 2 2
left_child=1 5 3 7 12 6 9 30 26 10 11 -1 16 -8 -9 -7 21 19 -5 20 -13 -2 23 -20 28 -12 -6 -4 -14 -10 -3 -18
right_child=4 2 27 18 8 15 13 14 29 -11 25 17 24 -15 -16 -17 31 -19 22 -21 -22 -23 -24 -25 -26 -27 -28 -29 -30 -31 -32 -33
leaf_value=-0.0041122308710919578 0.0067079020044832462 0.010150693307688263 0.025170025564609583 -0.0072843496688744028 -0.034071479416940095 -0.015504457973323863 -0.013956989430207191 -0.00013333411320227086 0.006799116515475591 -0.0054566643307823823 -0.0072381425519286282 0.052621570538066959 -0.015553656610437221 0.010678314111160211 -0.031823748755601254 0.0085966039565536553 0.020162314074675489 -0.0022839806832673768 -0.013647062549704223 0.0063252873874217758 0.0067838333640989311 -0.011360001724601878 0.019283628369790386 0.014605715915350957 0.0036364355994075847 0.0063074475919257765 -0.0015647086057628983 -0.0015202959038767047 0.0021135274628363643 -0.0027564006090053895 -0.0018967663093533882 0.0010300703987504388
leaf_weight=0.088809197371801818 0.13828503700079975 0.27241910193947738 0.55715725435845787 0.15444089938775096 1.288082740080952 0.40946821647992226 0.37604925594457927 0.52879777258203864 0.21262613864200819 0.12005597482914243 0.16552468052350366 1.4514069963906884 0.44872045631187507 0.51347449943762058 1.5945547577099715 0.17497302677679727 0.61808837814595563 0.047769479927609271 0.37033670414439235 0.5018582091142888 0.4973841930986963 0.26016747929446637 0.57206481208550031 0.24247566871895287 0.10275749322613592 0.12145665287971497 0.20478608703069756 0.031345984188874354 0.047629141809920839 0.21957255478423576 0.039209703043525224 0.17331337382938727
leaf_count=3310 1204 901 3120 1808 128175 52430 64920 391 383 534 9730 2848 8907 318 78524 1768 1357 10022 7791 49 56 8011 127 67 86 1 730 1950 798 588 1899 73
internal_value=0.00314117 0.0108497 -0.0023961 -0.0105723 -0.0136011 0.0218559 0.0268778 -0.0209106 -0.0256269 0.0336256 0.0362452 0.0395247 0.00388833 -0.00161107 -0.0265011 -0.00741729 0.0123995 0.0418079 0.00912742 0.0430802 0.0471905 -0.00477671 0.0136215 -0.00034339 -0.0101986 -0.00105884 -0.0320288 0.0236863 -0.0135789 0.00340955 0.00834443 0.0188863
internal_weight=12.5451 8.83103 4.3628 3.7743 3.71403 4.46823 3.88379 2.43498 1.92507 2.99427 2.87421 2.58723 1.78896 0.889524 2.12335 0.584441 1.18985 2.49842 1.33932 2.45065 1.94879 0.398453 1.18488 0.612812 0.599107 0.286981 1.49287 0.588503 0.49635 0.432199 0.311629 0.791402
internal_count=392876 242564 96578 91508 150312 145986 91788 81715 129876 26550 26016 16285 20436 65238 78915 54198 10645 12975 9793 2953 2904 9215 7985 7858 9791 9731 128905 5070 9705 971 2800 1430
is_linear=0
shrinkage=0.05


Tree=149
num_leaves=31
num_cat=0
split_feature=26 13 16 25 20 23 21 17 44 37 28 0 44 1 19 12 0 50 25 50 0 20 17 17 23 1 25 50 19 13
split_gain=0.712284 0.705929 0.504688 0.469853 0.406769 0.647254 0.398903 0.363004 0.324153 0.281996 0.246029 0.184229 0.169949 0.161563 0.1498 0.14065 0.115454 0.101738 0.066019 0.0637957 0.0420985 0.0401567 0.0202112 0.0193618 0.0158921 0.0150022 0.00889867 0.0079004 0.00698598 0.00267841
threshold=2.5000000000000004 6.5000000000000009 86.295150756835952 2.5000000000000004 0.95259785652160656 83.910789489746108 18.350168228149418 95.040985107421889 4.5000000000000009 1.5000000000000002 1.5000000000000002 20.089843750000004 1.5000000000000002 14.500000000000002 85.880397796630874 4.5000000000000009 64.198730468750014 95.099250793457045 3.5000000000000004 99.655174255371108 58.015169143676765 0.89542675018310558 64.565757751464858 99.367088317871108 82.972846984863295 1.5000000000000002 3.5000000000000004 68.18304824829103 99.333332061767592 7.5000000000000009
decision_type=2 2 2 2 2 2 2 2 2 2 2 2 2 10 2 2 2 2 2 2 2 2 2 2 2 8 2 2 2 2
left_child=1 3 29 6 5 12 -1 -6 10 11 13 17 22 15 23 -8 -11 27 21 -10 -13 -5 -2 -7 -14 -20 -26 -4 -23 -3
right_child=4 2 9 18 7 14 8 -9 19 16 -12 20 24 -15 -16 -17 -18 -19 25 -21 -22 28 -24 -25 26 -27 -28 -29 -30 -31
leaf_value=-0.0088327674436514316 -0.0027583917413440081 -6.979185514732365e-05 0.0019719094005209467 -0.014171650773248477 -0.031298704255160875 -0.0072146550598915296 0.04650087171749677 0.006268140692471752 -0.0095102731714355217 -0.0162827889736963 -0.0045730309351046028 -0.0095884277745327054 -0.024683968600264408 -0.0023293038633429991 0.023539958893735648 -0.0024640171947740187 0.0068545953328474161 0.026774479659028291 0.0078676227895523778 0.0071061586400613221 0.004513692598627452 -0.0019504520276938638 0.0081883580310265595 0.0029431794762772002 -0.0036007874167087867 -0.0021599974805994356 0.0028946842099319661 -0.0046871170886160947 0.0041685761561397854 -0.023215085568018077
leaf_weight=0.18627831911933945 0.058062684759591199 0.018656104226181802 0.039705814716058163 0.37500497140072742 1.6347379467397334 0.19186429235264757 2.2131799683583058 0.46654334844288303 0.22916719599690782 0.51155234209829803 0.099847807262662402 0.23011765173669108 0.88858655879523929 0.090273123862289029 1.2745589586903632 0.051738025513372921 0.15802940882372241 1.0332605176624836 0.16012042353463585 0.14165135799703421 0.15376245529296284 0.040406959115557584 0.19241266067342622 0.08213372562204313 0.074981793846859546 0.044757805350215563 0.059550468660972911 0.10125302821984405 0.13376232854557202 1.075756517723448
leaf_count=3567 8733 1768 9 44648 1053 2570 5597 314 38299 2371 20386 498 184843 2823 1424 4610 64 1001 72 145 50 931 333 37 759 9094 136 922 146 56028
internal_value=0.00225714 0.0117562 -0.00467218 0.0241873 -0.0110947 0.00197608 0.0312053 -0.0236262 0.0354634 0.00869552 0.0403049 0.0174899 -0.0178467 0.0430034 0.0188848 0.0449702 -0.00998721 0.0236076 -0.0056546 -0.00260936 -0.00475992 -0.0108375 0.0054742 -0.0042496 -0.0234398 0.00570241 -0.000708413 -0.00272709 0.00229687 -0.0230422
internal_weight=12.0117 7.08828 3.32209 3.76619 4.92343 2.82215 3.01214 2.10128 2.82586 2.22768 2.45504 1.5581 1.27359 2.35519 1.54856 2.26492 0.669582 1.17422 0.754052 0.370819 0.38388 0.549174 0.250475 0.273998 1.02312 0.204878 0.134532 0.140959 0.174169 1.09441
internal_count=393231 193029 62711 130318 200202 198835 75427 1367 71860 4915 33416 2480 194804 13030 4031 10207 2435 1932 54891 38444 548 45725 9066 2607 185738 9166 895 931 1077 57796
is_linear=0
shrinkage=0.05


Tree=150
num_leaves=39
num_cat=0
split_feature=47 39 20 18 47 20 50 23 35 29 32 20 48 17 24 50 37 50 37 47 50 38 20 37 16 46 17 17 31 47 34 47 38 17 17 20 19 20
split_gain=0.716891 0.716169 0.679122 0.376848 0.478544 0.342751 0.469143 0.328145 0.301152 0.244186 0.166524 0.150195 0.141301 0.137794 0.134395 0.306002 0.0876999 0.0778499 0.0776337 0.0623339 0.0571506 0.0558927 0.0417936 0.0322679 0.02579 0.0213584 0.0193337 0.0685739 0.015356 0.0131643 0.00828221 0.00550537 0.00294543 0.00183213 0.00621846 0.000462488 0.000353597 0.000305492
threshold=104.50000000000001 0.77500000596046459 0.53469792008399974 85.215545654296889 125.50000000000001 0.95259785652160656 95.099250793457045 22.431865692138675 1.0000000180025095e-35 3.5000000000000004 0.81666666269302379 0.8582085669040681 2.5000000000000004 93.419914245605483 90.09454727172853 96.169029235839858 1.0000000180025095e-35 82.341884613037124 1.0000000180025095e-35 105.50000000000001 23.531040191650394 4.5000000000000009 0.86684024333953869 4.5000000000000009 71.50376129150392 1.5000000000000002 82.413585662841811 75.905715942382827 2.5000000000000004 164.50000000000003 0.92582416534423839 165.50000000000003 1.0000000180025095e-35 71.50376129150392 75.582656860351577 0.73086443543434154 83.935482025146499 0.62038540840148937
decision_type=2 2 2 2 2 2 2 2 2 2 2 2 2 2 2 2 2 2 2 2 2 2 2 2 2 2 2 2 2 2 2 2 2 2 2 2 2 2
left_child=8 3 9 7 13 10 17 28 18 20 11 -6 16 -5 15 -8 -13 -7 32 -9 -3 29 35 25 -12 -10 27 33 30 -17 -2 -31 -1 -18 -35 36 37 -20
right_child=1 2 -4 4 5 6 14 19 23 -11 24 12 -14 -15 -16 21 26 -19 22 -21 -22 -23 -24 -25 -26 -27 -28 -29 -30 31 -32 -33 -34 34 -36 -37 -38 -39
leaf_value=0.00166079864350351 -0.0008918496069710406 0.0026135314300896688 0.034238166282125955 -0.026129535541428855 -0.0057626541327136967 0.0016513635518964715 0.016151873126535769 0.0017478541217496807 0.0023547148943994728 0.011571030000658566 0.0030983738646550357 -0.0026104116218107478 -0.0049324388126366194 0.0019788819318100359 0.017241107112850731 -0.016529821462822357 0.011293007096990403 -0.026286968478255048 -0.00026333813820079115 -0.031624592659664767 -0.021254161563406468 0.003346284173423553 0.044638918974721442 0.0051360814056489942 -0.0090789367599284614 -0.009312724815141251 0.030071907851943004 -0.0064960240051612191 -0.0017987549909779226 0.0026064287442027819 0.010403182010045017 -0.0025009694040347388 -0.0021204186681265278 -0.0025341984799198336 0.0029053510188498627 -0.00070774079593769411 -0.00037343466559197576 0.0014253995387094927
leaf_weight=0.044572388773190807 0.018154828720964633 0.061116801151001154 1.3977243629136067 0.96827234976387877 0.12960115510600267 0.15821990790232143 0.50635097969961873 0.041605793532767055 0.097482553469149025 0.25020398356241458 0.075239930233010344 0.09056848180489474 0.10809669108834885 0.39007171108141847 0.74344537198703609 0.97566958340712495 0.30094881890909198 0.84325294072448287 0.0052946269328231202 1.3530814098446766 0.61954028438790942 0.10348304589638258 0.54175747517342643 0.10381157446727229 0.20980539410970778 0.21710154574120111 1.4545593197489095 0.14002424128273105 0.03656002383820578 0.059264419872533836 0.2323596076503236 0.052355166089228078 0.043662558362598247 0.052308918631865708 0.059037175714593104 0.014275332500119475 0.007488649972174243 0.03245478327642104
leaf_count=130 5769 190 2974 3307 12058 117 136 1584 138 276 275 193 584 328 35 2694 1550 1396 2173 330557 2846 124 211 336 684 14494 2284 1431 1272 40 63 527 637 931 69 394 207 574
internal_value=0.00421816 -0.00066505 0.0195011 -0.0072437 -0.00126257 0.00538749 -0.00472474 -0.023323 0.0310148 -0.00889891 0.0163072 0.0199954 0.0228345 -0.0206413 0.00742709 -0.00167049 0.0253959 -0.0232533 0.040519 -0.0303149 -0.0188312 -0.0131624 0.0430503 -0.00217218 -0.00595485 -0.00665631 0.0271076 0.00495782 0.00780678 -0.0155841 0.00952602 0.000116037 -0.000439406 0.010693 0.000369026 0.000106514 0.000794744 0.00116302
internal_weight=12.5388 11.4309 2.32859 9.10234 7.42058 6.06223 3.44204 1.68176 1.1079 0.930861 2.62019 2.33514 2.20554 1.35834 2.44057 1.69712 2.09745 1.00147 0.689506 1.39469 0.680657 1.19077 0.601271 0.418396 0.285045 0.314584 2.00688 0.552319 0.287074 1.08729 0.250514 0.11162 0.0882349 0.412295 0.111346 0.0595134 0.0452381 0.0377494
internal_count=393588 374294 6286 368008 28763 25128 5069 339245 19294 3312 20059 19100 7042 3635 3556 3521 6458 1513 4326 332141 3036 3385 3559 14968 959 14632 6265 3981 7104 3261 5832 567 767 2550 1000 3348 2954 2747
is_linear=0
shrinkage=0.05


Tree=151
num_leaves=37
num_cat=0
split_feature=26 33 20 12 38 40 44 39 40 44 2 31 47 13 34 21 23 47 17 47 47 0 44 49 19 16 33 17 17 47 23 17 47 47 47 13
split_gain=0.879841 0.68945 0.58821 0.426525 0.469888 0.278193 0.246573 0.232129 0.207221 0.171807 0.168443 0.145952 0.124765 0.0937285 0.0778928 0.0675294 0.0666918 0.0570581 0.0427668 0.13089 0.0362138 0.0332236 0.0257506 0.024803 0.0222141 0.0211569 0.0154337 0.0130813 0.0115759 0.00972883 0.00935139 0.00549325 0.00389969 0.000500018 9.31442e-05 0.000139785
threshold=2.5000000000000004 0.77500000596046459 0.53469792008399974 1.5000000000000002 1.5000000000000002 1.5000000000000002 4.5000000000000009 0.61250001192092907 1.5000000000000002 1.0000000180025095e-35 3.5000000000000004 3.5000000000000004 126.50000000000001 5.5000000000000009 0.95619046688079845 71.937500000000014 83.910789489746108 94.500000000000014 76.339714050292983 144.50000000000003 108.50000000000001 86.127441406250014 1.0000000180025095e-35 2.5000000000000004 85.880397796630874 99.367088317871108 0.84523808956146251 95.040985107421889 92.40384674072267 167.50000000000003 23.669467926025394 86.616912841796889 147.50000000000003 168.50000000000003 148.50000000000003 47.500000000000007
decision_type=2 2 2 2 2 2 2 2 2 2 10 2 2 2 2 2 2 2 2 2 2 2 2 2 2 2 2 2 2 2 2 2 2 2 2 2
left_child=2 7 8 4 5 32 10 23 14 -6 18 -10 -3 15 -1 -11 22 -8 19 -7 25 -17 -14 -2 -9 -5 -18 -12 31 -15 -13 -20 -4 -31 -34 -36
right_child=1 12 3 20 9 6 17 24 11 13 27 30 16 29 -16 21 26 -19 28 -21 -22 -23 -24 -25 -26 -27 -28 -29 -30 33 -32 -33 34 -35 35 -37
leaf_value=-0.0059614296215954113 -0.03037543769875789 -0.0065744084052887708 -0.0069874632632625283 -0.0039875768351931087 0.013271980577726919 0.053162466094030386 0.0068635853463164019 -0.0030204510888771495 -0.024461974707619755 -0.0070534222328584271 -0.0047191286850288604 0.0066702004213258703 0.0041394278585348649 -0.016560094081582398 0.013476341262326689 -0.0028847880001987495 0.018225697630642707 -0.0088860142654551052 0.006001725661995457 -0.0018605110095844168 -0.013604034105671554 0.012327128528659984 -0.006958599503513907 0.00067226192737830127 0.0079407410695621489 0.0060163950018851022 0.0014045154941559404 0.0031090335442003989 0.021427421013269859 0.0010416383669574374 -0.0016170047764790378 -0.00023825936881644995 0.00073772555495947405 -0.00059015543253682383 0.00034717183414004161 -0.00049834659301679527
leaf_weight=0.12729538441963939 2.4623570741928384 0.46788997913290575 0.15240096726159924 0.084192932117502894 0.34503565303521089 0.91669809944380753 0.13616514585612538 0.095208992826471106 0.81925613751489812 0.15909842473558888 0.10380132617001425 0.12955823545394196 0.084101417298370396 0.59186638196815977 0.30804215962552917 0.060394994010209757 0.84199171697184716 0.21135117688321259 0.44299249180369327 0.044746165968092555 0.37119138004385377 0.33587878620858191 0.15748963893452128 0.022037292810807574 0.17566502251884231 0.11724586245327373 0.34061914838230223 0.10702673261766904 1.4480485489839339 0.021917569177844598 0.033002032595149444 0.36948265118826384 0.014974651259535676 0.011939687551176803 0.0086784061177240801 0.010648552900704544
leaf_count=4806 193725 296 1039 2850 242 3915 471 3520 48139 19183 8061 223 3 15208 71 6842 539 30638 378 2191 43336 45 871 917 35 15 248 102 117 167 2202 103 61 1365 382 208
internal_value=0.00194487 -0.0134964 0.0119953 0.0183259 0.0224455 0.0299077 0.0326357 -0.0262181 -0.0114727 -0.00111236 0.0358634 -0.0194966 0.00768892 -0.00947288 0.00759914 0.00336442 0.0131538 -0.00220103 0.0380728 0.0509587 -0.0103363 0.00960308 -0.00287288 -0.0299861 0.0047429 0.00199635 0.0162441 -0.00145949 0.0186441 -0.0159278 0.00504405 0.00459822 -0.00628385 0.000451965 0.000575562 -0.000150559
internal_weight=12.1303 4.64736 7.48293 6.06578 5.49315 3.96701 3.78031 2.75527 1.41715 1.52613 3.4328 0.981816 1.89209 1.1811 0.435338 0.555372 1.4242 0.347516 3.22197 0.961444 0.57263 0.396274 0.241591 2.48439 0.270874 0.201439 1.18261 0.210828 2.26052 0.625724 0.16256 0.812475 0.186703 0.0338573 0.0343016 0.019327
internal_count=392514 200154 192360 136919 90718 47666 45976 198197 55441 43052 14867 50564 1957 42810 4877 26070 1661 31109 6704 6106 46201 6887 874 194642 3555 2865 787 8163 598 16740 2425 481 1690 1532 651 590
is_linear=0
shrinkage=0.05


Tree=152
num_leaves=36
num_cat=0
split_feature=47 50 19 35 47 17 35 47 17 23 47 7 47 24 1 13 44 39 13 43 1 48 17 26 0 13 41 37 37 44 19 34 34 34 17
split_gain=0.625351 0.593219 0.406542 0.351574 0.343799 0.326785 0.344327 0.288261 0.258076 0.192315 0.166983 0.161328 0.144248 0.140641 0.271264 0.125949 0.115853 0.107947 0.0874246 0.082686 0.0624468 0.0578784 0.0520274 0.0479051 0.0370131 0.022129 0.0218395 0.0118123 0.0103536 0.00709778 0.00240692 0.00159956 0.00814529 0.00588837 0.00136376
threshold=104.50000000000001 23.531040191650394 81.754161834716811 1.0000000180025095e-35 125.50000000000001 82.807880401611342 1.5000000000000002 144.50000000000003 93.419914245605483 23.669467926025394 93.500000000000014 1.0000000180025095e-35 114.50000000000001 87.821357727050795 33.500000000000007 2.5000000000000004 4.5000000000000009 0.61250001192092907 1.5000000000000002 1.0000000180025095e-35 1.5000000000000002 11.500000000000002 95.040985107421889 1.5000000000000002 101.58581161499025 2.5000000000000004 9.5000000000000018 4.5000000000000009 1.0000000180025095e-35 1.0000000180025095e-35 61.633426666259773 0.9372549057006837 0.65301004052162182 0.54356062412261974 64.747306823730483
decision_type=2 2 2 2 2 2 2 2 2 2 2 2 2 2 10 2 2 2 2 2 8 2 2 2 2 2 2 2 2 2 2 2 2 2 2
left_child=3 20 9 10 8 11 7 17 19 18 30 29 26 14 -9 -8 25 -7 -3 -4 -2 22 27 -5 -17 31 -11 -14 -25 -6 -1 32 33 -13 -23
right_child=1 2 4 23 5 6 15 13 -10 12 -12 16 21 -15 -16 24 -18 -19 -20 -21 -22 34 -24 28 -26 -27 -28 -29 -30 -31 -32 -33 -34 -35 -36
leaf_value=0.00082228753729966146 0.03009849205036106 0.011463245789892813 0.0018651233441754321 0.0052372739506305688 0.0012057759841046327 -0.026147112750105825 0.018897932777751949 -0.018943208912343239 0.0064911460544657979 0.006400991979353933 0.042176200130143601 -0.0033816987963683461 -0.03068546398978976 0.013280260923589868 0.012057509415846575 -0.0090396750473750644 -0.0040123529333954324 0.0034401656640423795 -0.0078091004422667538 -0.026303894953592817 -0.0019569264851832212 -0.00073474064603635701 0.0013929390596937956 0.0010262368886018159 0.0042684571181884441 0.029333757102004351 -0.0038163904088834226 -0.00039721363189086509 -0.010711954362594546 -0.0066999422046050269 -0.0034794943155971297 -0.00011254755967343525 0.0060845312670307393 0.0020619325833990598 0.0022517136497762539
leaf_weight=0.019351543154983331 0.4069484090291543 0.26899928474305879 0.15538034036023851 0.1184070123630363 0.030433724062731593 1.0747493809818709 0.97043380656771183 0.58277040967607241 0.55741404258947103 0.17182387034932878 0.57939480455343073 0.07182599162695158 1.7204193951035476 0.63216910701771667 0.38077052326059402 0.21500988883030914 0.085728901295965554 0.11334739815356432 0.17599493196293281 0.98814081453161862 0.040715273563762366 0.014866820465158415 0.047125863611881758 0.031614573157412451 0.14121376795810647 1.0178308360128765 0.079469139848100667 0.059360604793937344 0.26051929790099848 0.15227300007694566 0.089857647467226798 0.18124823330435902 0.13206230331707047 0.041094944400811073 0.046629475720806113
leaf_count=496 88 2997 89 608 59 2629 299 3367 352 5996 2676 565 293297 113 340 1471 5901 45 2945 5185 8027 3360 75 1446 19 648 13454 6395 12819 15891 1098 7 11 2 42
internal_value=0.00220847 -0.00252014 -0.00625046 0.0271884 0.000310914 0.0062556 -0.00214306 -0.0111203 -0.0148214 -0.0201088 0.0376991 0.0197728 -0.0246672 0.00321358 -0.00679084 0.0133776 0.0237614 -0.0230422 0.0037117 -0.0233918 0.0278452 -0.0279838 -0.0291625 -0.00466951 -0.00450668 0.0263773 0.00270213 -0.0301816 -0.00963054 -0.005477 -0.00266312 0.0037001 0.00434556 -0.00132797 0.00151771
internal_weight=11.6554 10.5563 10.1086 1.09914 7.5239 5.82296 4.11046 2.78381 1.70094 2.58469 0.688604 1.7125 2.1397 1.59571 0.963541 1.32666 1.52979 1.1881 0.444994 1.14352 0.447664 1.8884 1.82691 0.410541 0.356224 1.44406 0.251293 1.77978 0.292134 0.182707 0.109209 0.426231 0.244983 0.112921 0.0614963
internal_count=392812 373669 365554 19143 36993 31367 8283 6494 5626 328561 4270 23084 322619 3820 3707 1789 7134 2674 5942 5274 8115 303169 299767 14873 1490 1233 19450 299692 14265 15950 1594 585 578 567 3402
is_linear=0
shrinkage=0.05


Tree=153
num_leaves=29
num_cat=0
split_feature=11 44 20 2 24 19 18 20 13 50 26 20 13 0 23 50 47 0 17 50 21 16 47 26 19 23 17 21
split_gain=0.623163 0.693337 0.635626 0.561509 0.533497 0.430973 0.26594 0.262313 0.239684 0.282383 0.164611 0.17895 0.138389 0.119405 0.102866 0.0681572 0.0651834 0.0503439 0.0482018 0.045614 0.0307454 0.0262682 0.022105 0.0177358 0.0158668 0.0147169 0.00215808 0.00164814
threshold=-0.83677384257316578 1.5000000000000002 0.46713979542255407 2.5000000000000004 88.32251358032228 99.333332061767592 90.521114349365249 0.99629628658294689 2.5000000000000004 96.169029235839858 3.5000000000000004 0.33191312849521643 48.500000000000007 42.281738281250007 73.942821502685561 91.304347991943374 173.50000000000003 151.01722717285159 95.040985107421889 23.531040191650394 88.117645263671889 27.072835922241214 165.50000000000003 1.5000000000000002 96.824596405029311 90.399383544921889 92.40384674072267 87.585617065429702
decision_type=8 2 2 8 2 2 2 2 2 2 2 2 2 2 2 2 2 2 2 2 2 2 2 2 2 2 2 2
left_child=3 2 19 6 23 10 14 21 25 -10 11 -3 22 15 -1 -12 18 -11 24 -2 27 -6 -8 -4 -13 -7 -18 -15
right_child=1 5 4 -5 7 8 12 -9 9 17 13 16 -14 20 -16 -17 26 -19 -20 -21 -22 -23 -24 -25 -26 -27 -28 -29
leaf_value=-0.0018913633572592962 0.002285625837284277 0.0054051659659870013 0.0012852529222272741 -0.012800564032070661 0.0049268598921917602 0.0023741195866562484 -0.00022546408082617706 -0.00077087945780146788 0.010798061110823605 -0.022029757109578444 -0.0048578627877935467 -0.02999839940625907 -0.010332990610722915 -0.00065974866015300695 0.045727382354079589 0.014442332150526722 -0.00097766892450296908 0.0017460349546639762 -8.8615739286280256e-05 -0.019216460379408044 -0.013231985031397895 0.039717208808668532 0.015049822171348119 -0.013207169941182872 0.00020248679760936569 0.017029470460503494 0.0026608355669307622 0.0030110971133402156
leaf_weight=0.039202508970276773 0.063166636151889555 0.12915967037082543 0.056623026603233817 0.34190775336679746 0.37854010296018747 0.61277266704496491 0.25560798907133631 0.51918455740087655 0.45516516623661096 0.74817584367747259 0.1054106636590858 2.8244973756905281 0.25238306240930797 0.013365454580977598 0.66668500790251528 0.34337404250436521 0.019940083441298273 0.096888675354421139 0.14865872987184037 0.54883816426152521 0.33798058386673802 1.2948421630500204 0.26500500492511492 0.34936197851655493 0.030484407958738191 0.61447257148756762 0.053566587100249308 0.059803994566436813
leaf_count=5291 503 1738 465 124090 82 342 381 149 206 2207 24828 193407 809 7183 1896 327 8202 6 128 4136 236 811 58 15440 88 62 23 3
internal_value=0.0014598 -0.00411453 0.0125801 0.0222932 0.0223152 -0.0128295 0.0322975 0.0303096 0.00295929 -0.00907897 -0.0212904 -0.0253696 0.00327928 -0.000618308 0.0435243 0.00968503 -0.0276703 -0.0198349 -0.0286294 -0.016956 -0.0107583 0.036634 0.0123338 -0.0117094 -0.0297071 0.0140633 0.00168253 0.00235061
internal_weight=11.6251 9.80427 3.21056 1.82079 2.59855 6.59372 1.47888 2.19257 2.52747 1.30023 4.06624 3.20631 0.772996 0.859935 0.705888 0.448785 3.07715 0.845065 3.00364 0.612005 0.41115 1.67338 0.520613 0.405985 2.85498 1.22725 0.0735067 0.0731694
internal_count=393097 260572 21586 132525 16947 238986 8435 1042 2823 2419 236163 203586 1248 32577 7187 25155 201848 2213 193623 4639 7422 893 439 15905 193495 404 8225 7186
is_linear=0
shrinkage=0.05


Tree=154
num_leaves=24
num_cat=0
split_feature=43 43 20 45 24 40 40 37 37 35 13 20 13 44 24 17 1 7 1 50 1 1 41
split_gain=0.672102 0.701379 0.559759 0.485612 0.431846 0.360544 0.33119 0.279991 0.279368 0.15628 0.185366 0.155577 0.101488 0.0946784 0.0814371 0.0730359 0.0415468 0.0413571 0.0407178 0.0396471 0.00666969 0.00181518 0.00130657
threshold=1.5000000000000002 4.5000000000000009 0.48486252129077917 0.34840443730354315 61.733762741088874 1.5000000000000002 1.0000000180025095e-35 2.5000000000000004 2.5000000000000004 1.5000000000000002 2.5000000000000004 0.93003022670745861 59.500000000000007 1.5000000000000002 99.704143524169936 95.040985107421889 34.500000000000007 1.0000000180025095e-35 14.500000000000002 23.531040191650394 2.5000000000000004 5.5000000000000009 8.5000000000000018
decision_type=2 2 2 2 2 2 2 2 2 2 2 2 2 2 2 2 8 2 8 2 10 10 2
left_child=2 6 19 7 -4 22 -2 18 20 11 16 -5 -9 -10 -12 -8 17 -11 -3 -1 -7 -22 -6
right_child=1 3 4 9 5 8 15 12 13 10 14 -13 -14 -15 -16 -17 -18 -19 -20 -21 21 -23 -24
leaf_value=0.0021206513218870477 0.0071537398220393403 0.0013195038878084293 -0.01145352984698084 -0.0060683060265050862 -8.5122359659543795e-05 0.040036310204498868 -0.033518588217839977 -0.0068662999449819505 0.0093090008271473606 -0.0026656585503794807 -0.017614108247442604 0.021296501464475232 0.015003329633374876 -0.010195995856210616 0.0046454330726891967 -0.0025931033175971433 -0.0031779501411208898 0.016142124574659425 -0.025975444610458278 -0.017860534863645021 0.0021389765101354629 -0.0010263292514175245 -0.0077505230712931489
leaf_weight=0.066307428383652556 0.2871210918062278 0.046676577867173941 0.29311114493013724 0.17654407744606726 0.081824529150594905 1.6438887092687653 2.292077370030555 0.15801459423005315 0.26248471082391223 0.05492736958490263 0.51259944734181317 1.9049449497238129 0.26188245235016439 0.22829301364990329 0.094134930309337506 0.39131200788506237 0.066647267722402148 0.43186479449627768 1.0099398851086789 0.49486084764686211 0.048953314360119182 0.020944542200595606 0.20022899576815689
leaf_count=1045 457 368 17586 6954 358 809 277341 7728 423 1817 1826 164 1317 1455 31 1909 2028 156 55695 8160 543 4449 781
internal_value=-0.003066 -0.0108781 0.0132768 0.00178901 0.0217135 0.0277867 -0.026381 -0.0160899 0.033164 0.0118059 -0.00215207 0.0177594 0.00773377 -0.000517313 -0.0134187 -0.0309372 0.0108865 0.0136544 -0.0247144 -0.0156535 0.0394458 0.00111773 -0.00732769
internal_weight=11.0296 7.68869 3.3409 4.71818 2.77973 2.48662 2.97051 1.47651 2.20456 3.24166 1.16017 2.08149 0.419897 0.490778 0.606734 2.68339 0.553439 0.486792 1.05662 0.561168 1.71379 0.0698979 0.282054
internal_count=393400 357791 35609 78084 26404 8818 279707 65108 7679 12976 5858 7118 9045 1878 1857 279250 4001 1973 56063 9205 5801 4992 1139
is_linear=0
shrinkage=0.05


Tree=155
num_leaves=12
num_cat=0
split_feature=8 24 0 25 7 20 41 17 44 46 41
split_gain=0.590135 1.33 0.715722 0.430155 0.327973 0.299842 0.172129 0.156032 0.154171 0.0353784 0.0158507
threshold=1.0000000180025095e-35 82.554244995117202 151.01722717285159 2.5000000000000004 1.0000000180025095e-35 0.95259785652160656 2.5000000000000004 85.215545654296889 1.5000000000000002 2.5000000000000004 1.0000000180025095e-35
decision_type=2 2 2 2 2 2 2 2 2 2 2
left_child=1 -1 8 4 -2 7 -6 -5 -3 10 -10
right_child=3 2 -4 5 6 -7 -8 -9 9 -11 -12
leaf_value=-0.032687442404250006 -0.0078394265782675849 0.035090143986597523 -0.0033507680677125279 -0.0077440489213870109 0.005727451838722474 -0.017500764996829437 0.04136311434844079 0.018593608421374089 0.0080875279856399106 -0.0062509391172993513 -0.0022052171041379012
leaf_weight=1.8328988411632421 0.18510403935897612 1.0879024617933053 4.3260975364821661 0.18171975555810582 0.84115478297428592 0.636043109712773 1.1455776577262211 0.68909544532061773 0.19966766974937389 0.14066021051445432 0.04571551857088707
leaf_count=307038 25251 1921 375 21419 157 49 758 81 66 33410 1680
internal_value=0.00379394 -0.00427616 0.00818883 0.0178737 0.0283755 -0.00254379 0.0332447 0.0118959 0.0297221 0.000191999 0.00593899
internal_weight=11.3116 7.63294 5.80004 3.67869 2.17184 1.50686 1.98673 0.870815 1.47395 0.386043 0.245383
internal_count=392205 344490 37452 47715 26166 21549 915 21500 37077 35156 1746
is_linear=0
shrinkage=0.05


Tree=156
num_leaves=32
num_cat=0
split_feature=47 50 19 47 35 17 9 13 0 12 41 25 20 1 1 20 16 25 47 34 49 38 39 24 17 17 19 49 13 13 33
split_gain=0.471474 0.543248 0.78587 0.52753 0.302542 0.296661 0.269206 0.243763 0.219136 0.155146 0.139703 0.111941 0.0986689 0.097531 0.0599451 0.0581358 0.0517443 0.0391873 0.0127726 0.0115005 0.011334 0.0106417 0.00612608 0.00532369 0.00427033 0.00610585 0.000885485 0.000603616 7.46057e-05 5.77817e-05 4.55968e-05
threshold=104.50000000000001 23.531040191650394 81.302967071533217 125.50000000000001 1.0000000180025095e-35 18.301435470581058 1.0000000180025095e-35 61.500000000000007 112.80730438232423 2.5000000000000004 3.5000000000000004 4.5000000000000009 0.8582085669040681 1.5000000000000002 1.5000000000000002 0.86684024333953869 19.560019493103031 1.5000000000000002 110.50000000000001 0.90238094329833995 16.500000000000004 4.5000000000000009 0.61250001192092907 95.017730712890639 63.944444656372077 62.316371917724616 61.633426666259773 1.0000000180025095e-35 1.5000000000000002 11.500000000000002 0.47222222387790685
decision_type=2 2 2 2 2 2 2 2 2 2 2 2 2 8 8 2 2 2 2 2 2 2 2 2 2 2 2 2 2 2 2
left_child=4 14 5 6 10 16 22 8 9 11 23 12 -5 -9 -2 26 -3 28 27 -19 21 -20 -4 -1 25 -14 -12 -7 -6 30 -30
right_child=1 2 3 7 17 18 -8 13 -10 -11 15 -13 24 -15 -16 -17 -18 19 20 -21 -22 -23 -24 -25 -26 -27 -28 -29 29 -31 -32
leaf_value=-0.0037774834963962231 0.030257834057161849 -0.0049226542188211672 -0.025121384837981327 -0.0035075761569396515 0.0048337868231419561 -0.00090148726256888533 0.0071992695823892856 0.0062362091171192747 6.8627505487718895e-05 -0.00585736106227843 0.00073988029992562996 -0.0041649062197732945 -0.0020645884064857791 -0.015193749758359149 -0.001862839138198626 0.041957299337221199 0.011209334154407398 -0.0099420994797383509 -0.029782103184636033 0.0012899375327217121 0.0003111742651009045 -0.00036949383791201634 -0.00075428576034563741 0.0016674153820464988 0.025927798697553392 0.0034707649175478405 -0.0014566702125712884 0.00081883502424072462 -0.00013692458670220211 -0.00025861230621966662 0.00041395675671040012
leaf_weight=0.07933021119151884 0.50459565571770681 0.10251591392090942 0.91442236707177904 0.075163770585619516 0.098886986922934739 0.018359534112918019 0.46435017940086698 0.16415198802337716 1.8143444216652254 0.13230570115501894 0.019744866135397388 0.088483794111311798 0.042500138989794656 0.42280570866051903 0.038682424014837125 0.53148070441523032 0.25284063123707767 0.24628634848502884 1.9898401392387661 0.027252465311107699 0.011483569820256778 0.056674030504978989 0.090426321401992027 0.034437647242157254 3.1913286382927026 0.099516364505007004 0.02984028896929658 0.025161435424195133 0.0027459848813578 0.005198761752808422 0.0085254760974748933
leaf_count=801 89 447 5465 11897 774 9574 208 68 183 4858 1036 276 1262 8050 8164 172 266 12616 308617 110 471 7381 26 37 5604 183 2237 841 855 619 6
internal_value=0.00487101 0.000510435 -0.00344274 0.00504258 0.0265991 -0.0233106 -0.0155407 0.0115544 0.0148351 0.0206076 0.0360854 0.0226887 0.0241725 -0.00904741 0.0282457 0.0401698 0.00635715 -0.00412817 -0.0287595 -0.00868887 -0.0291431 -0.0293562 -0.0243986 -0.00211203 0.025462 0.00145692 -0.000710422 -7.5322e-05 0.00478054 1.99008e-05 0.000277062
internal_weight=11.5837 10.5 9.95667 7.4998 1.08373 2.45688 1.4692 6.0306 5.44364 3.6293 0.694834 3.49699 3.40851 0.586958 0.543278 0.581066 0.355357 0.388896 2.10152 0.273539 2.058 2.04651 1.00485 0.113768 3.33335 0.142017 0.0495852 0.043521 0.115357 0.0164702 0.0112715
internal_count=393193 373930 365677 38080 19263 327597 5699 32381 24263 24080 4283 19222 18946 8118 8253 3445 713 14980 326884 12726 316469 315998 5491 838 7049 1445 3273 10415 2254 1480 861
is_linear=0
shrinkage=0.05


Tree=157
num_leaves=32
num_cat=0
split_feature=38 13 43 46 44 13 45 1 17 40 13 10 19 45 26 28 17 17 24 37 8 39 24 49 34 37 17 17 27 17 46
split_gain=0.494686 0.557614 0.430781 0.383624 0.359964 0.323479 0.541808 0.28497 0.244866 0.225875 0.219285 0.215705 0.207367 0.144214 0.123653 0.122214 0.119795 0.114694 0.100033 0.0777367 0.0772298 0.074885 0.0308462 0.0296538 0.0237626 0.0230759 0.0192699 0.0360453 0.00585841 0.00218248 0.00156205
threshold=1.5000000000000002 2.5000000000000004 1.5000000000000002 87.500000000000014 4.5000000000000009 53.500000000000007 0.99985355138778698 15.500000000000002 71.248622894287124 1.0000000180025095e-35 62.500000000000007 1.0000000180025095e-35 99.333332061767592 0.99985355138778698 4.5000000000000009 1.5000000000000002 91.393299102783217 86.616912841796889 99.704143524169936 2.5000000000000004 1.0000000180025095e-35 0.61250001192092907 93.492378234863295 4.5000000000000009 0.95619046688079845 6.5000000000000009 78.738201141357436 15.535444736480715 3.5000000000000004 85.215545654296889 145.50000000000003
decision_type=2 2 2 2 2 2 2 10 2 2 2 2 2 2 2 2 2 2 2 2 2 2 2 2 2 2 2 2 2 2 2
left_child=1 3 13 4 7 6 23 11 -7 -4 20 15 -6 24 -5 16 -1 -9 -12 -15 22 28 -10 25 -2 -3 27 -8 -11 -23 -25
right_child=2 5 9 14 12 8 26 17 10 21 18 -13 -14 19 -16 -17 -18 -19 -20 -21 -22 29 -24 30 -26 -27 -28 -29 -30 -31 -32
leaf_value=0.049654283757310763 -0.010552189083240361 -0.028666025431229026 0.0056839330414703744 -0.015048918127045261 -0.01462594540828535 -0.011859174463364437 0.006280469786669152 -0.010231035546464193 -0.0060981143443850907 -0.030062918260331424 -0.012799393793163104 -0.0041088282003908308 0.012429851155453506 0.018953261190706765 0.0081806866592639953 -0.0023021802433626061 0.0059004359740343184 0.010616501194900853 0.0078492360106950428 -0.0020812073301809523 0.02682612392653019 -0.0011140917720065171 0.0056151151415138149 -0.0011400252262727529 0.0024729419720411223 0.00076539418877123256 0.013681041061814845 -0.0063201675335478429 0.00016748346853213207 0.0023214558248686799 0.001665521172734268
leaf_weight=1.3691631939383331 0.26804920041875946 1.2455639365331168 0.25749171144525451 0.40186382234031714 0.39919701956162601 0.28985346182483329 0.12123887957091017 0.24284191974857083 0.13745808416604155 1.3732451513386787 0.34124883971014686 0.088763044034095517 0.44105509715154767 0.67197317099441989 0.16113488058056191 0.047795830070640366 0.48798023279960023 0.41932481243111397 0.17257298748234007 0.35136414770195756 0.93142222395226781 0.030949628505282933 0.11568108396534171 0.02323557821966904 0.050209512676246959 0.016046610543526074 0.49865407629204128 0.14975841977218352 0.0050233886851175349 0.094901074269728269 0.03323286771774292
leaf_count=2860 19806 57629 429 57967 61886 28985 30 12589 1968 128733 5651 1374 205 370 1954 7568 64 35 30 219 611 885 31 600 26 70 68 894 67 13 1
internal_value=0.00394755 0.0101647 -0.010856 0.0212953 0.0265414 -0.00293147 -0.0138487 0.0333398 0.00933023 -0.0226816 0.0160013 0.0399282 -0.00138703 0.0077269 -0.00742013 0.0426882 0.0442466 0.00141544 -0.00526044 0.0142719 0.0234101 -0.0278681 -0.000535991 -0.0271947 -0.00818018 -0.0281188 0.011459 -0.000176837 -0.0299286 0.00123746 0.000524726
internal_weight=11.2383 8.13509 3.10321 4.05912 3.49612 4.07597 2.08773 2.65587 1.98824 1.76161 1.69838 1.9937 0.840252 1.3416 0.562999 1.90494 1.85714 0.662167 0.513822 1.02334 1.18456 1.50412 0.253139 1.31808 0.318259 1.26161 0.769651 0.270997 1.37827 0.125851 0.0564684
internal_count=393618 243070 150548 146502 86581 96568 59292 24490 37276 130127 8291 11866 62091 20421 59921 10492 2924 12624 5681 589 2610 129698 1999 58300 19832 57699 992 924 128800 898 601
is_linear=0
shrinkage=0.05


Tree=158
num_leaves=22
num_cat=0
split_feature=43 35 16 33 13 19 24 39 19 40 19 37 2 47 37 44 34 47 24 47 44
split_gain=0.650732 0.640347 0.598234 0.546243 0.358709 0.34394 0.350656 0.320103 0.315312 0.305354 0.221743 0.216881 0.128801 0.0849567 0.0773355 0.0752148 0.0616854 0.0556042 0.0430591 0.00765334 0.000165546
threshold=1.5000000000000002 1.0000000180025095e-35 72.04651260375978 0.81666666269302379 6.5000000000000009 36.237373352050788 61.733762741088874 0.61250001192092907 77.581478118896499 1.5000000000000002 91.010101318359389 2.5000000000000004 1.5000000000000002 113.50000000000001 2.5000000000000004 1.5000000000000002 0.92582416534423839 166.50000000000003 95.940452575683608 146.50000000000003 1.0000000180025095e-35
decision_type=2 2 2 2 2 2 2 2 2 2 2 2 8 2 2 2 2 2 2 2 2
left_child=5 2 8 7 10 13 -7 -3 20 -8 17 -11 -12 -1 -10 -13 -6 -4 -5 -17 -2
right_child=1 3 4 18 16 6 9 -9 14 11 12 15 -14 -15 -16 19 -18 -19 -20 -21 -22
leaf_value=0.0056259382988053108 2.7517790775369273e-05 -0.033307271732869202 -0.01381815822115825 -0.0018371842202539086 -0.023102049801527885 -0.010179290510668394 -0.006457456956963226 0.0070788258199142411 -0.0015919256596079248 0.036662125120072504 0.020473120285634985 0.0088290720538297309 -0.0054434703648941251 -0.015399592243325122 0.042217123225750192 -0.0092182343456729248 0.0022097084404909769 0.0041268183827773879 0.013610202670217767 0.00091618459253570085 -0.0066380051447071861
leaf_weight=0.115171328000088 0.0010991398831098334 2.5407708550962989 0.39827018670149561 0.36458366173496859 0.90661688753874603 0.25405769011104018 0.29044103624556816 0.21047820661841843 0.032721936057384937 1.8128254050612898 1.0222259631087804 0.36743154514510923 0.16901473156781333 0.37539221677448609 0.39533144900092054 0.20122014112553188 0.089358143193067008 0.095566467545097566 0.33966416376642883 0.024413834230188058 0.15229644096318395
leaf_count=750 66 274092 7089 532 15214 20401 1408 611 4900 6787 130 538 2209 3976 1483 1105 8 727 9 753 50169
internal_value=0.000327857 -0.0084736 0.00662506 -0.0210164 -0.00581413 0.0155502 0.0212547 -0.0291542 0.0313899 0.0261691 0.00753701 0.0308474 0.0159899 -0.0100006 0.0400985 0.00121688 -0.0208618 -0.00990759 0.0092276 -0.00826884 -0.0066078
internal_weight=10.159 6.718 3.2625 3.4555 2.68105 3.44095 2.95039 2.75125 0.581449 2.69633 1.68508 2.40589 1.19124 0.490564 0.428053 0.593066 0.995975 0.493837 0.704248 0.225634 0.153396
internal_count=392957 357239 81995 275244 25377 35718 30992 274703 56618 10591 10155 9183 2339 4726 6383 2396 15222 7816 541 1858 50235
is_linear=0
shrinkage=0.05


Tree=159
num_leaves=34
num_cat=0
split_feature=19 23 13 46 17 24 46 13 47 33 37 39 38 48 24 13 17 47 26 13 13 13 20 48 44 48 24 13 20 38 20 20 47
split_gain=0.437447 0.534539 0.399327 0.362028 0.226695 0.162672 0.142977 0.135944 0.111869 0.105933 0.0993814 0.107939 0.0969739 0.0935324 0.0724499 0.102977 0.0461944 0.0397856 0.0386784 0.0321599 0.0869839 0.0764396 0.0262727 0.0192714 0.0158703 0.011002 0.00889209 0.00730104 0.00659584 0.00637416 0.00248714 0.0107282 0.00217799
threshold=99.333332061767592 30.094339370727543 53.500000000000007 47.500000000000007 95.040985107421889 95.940452575683608 134.50000000000003 67.500000000000014 166.50000000000003 0.73214286565780651 1.0000000180025095e-35 0.61250001192092907 2.5000000000000004 1.5000000000000002 87.821357727050795 1.5000000000000002 69.00656890869142 135.50000000000003 1.5000000000000002 4.5000000000000009 51.500000000000007 62.500000000000007 0.95259785652160656 11.500000000000002 4.5000000000000009 16.500000000000004 95.940452575683608 72.500000000000014 0.93003022670745861 3.5000000000000004 0.48275209963321691 0.38908314704895025 131.50000000000003
decision_type=2 2 2 2 2 2 2 2 2 2 2 2 2 2 2 2 2 2 2 2 2 2 2 2 2 2 2 2 2 2 2 2 2
left_child=1 5 4 19 6 -1 8 9 10 12 22 25 16 29 15 32 -4 -8 -9 -2 -21 -22 -3 -15 28 -12 -11 -23 -10 -13 31 -7 -5
right_child=3 2 7 14 -6 30 17 18 24 26 11 13 -14 23 -16 -17 -18 -19 -20 20 21 27 -24 -25 -26 -27 -28 -29 -30 -31 -32 -33 -34
leaf_value=-0.0058469004709913314 0.023901959903421439 -0.0049689083541215187 -0.0018277941200820569 -0.00010163709284193132 0.0066552261667918644 -0.0027857835674888788 0.0085541891306682525 0.0037264629274061213 -0.0011832896327385995 -0.0063230439707033879 -0.033195870328872883 0.007588898426314732 -0.0040834566348800418 -0.013651003323560014 0.0055944978741374104 -0.017927277447423517 0.02471238758984199 -0.0050906423797843856 -0.010885675749774584 -0.0067482281196257696 0.015875153168339928 0.0013981512306705606 0.0057986379240809148 0.0014703766402480584 -0.0034102893861432137 0.00029516938878847837 0.0016143138367332979 -0.0053597217578467077 0.0064346106783909124 -0.00051432200154000976 0.027178214759587996 0.0044770989034958091 0.0047803717847819012
leaf_weight=0.1319034594685603 1.7657323922187518 0.14677087546135803 0.037913285521184781 0.2345628061998466 0.33860615758635493 0.056110042638351842 0.15917237897701841 0.096445338641899525 0.025763118822751951 0.14365125956499014 2.1695406240505273 0.21115469687936173 0.083921159498089537 0.53718360335361126 0.19394898656446458 0.54489240007922035 0.60170752554535056 0.11295870705839661 0.29813730938057859 0.26745074776658817 0.59409191571876363 0.10561174745123481 0.12788063397601945 0.037153564491120505 0.071631600439019394 0.0070519843648070282 0.036045675466993998 0.16401993541057891 0.13919154750942653 0.15459066279507283 0.37859547448761077 0.096863401626421819 0.14392993972114709
leaf_count=19850 311 10694 17002 91 179 249 52 765 4910 3959 253366 2399 6567 2428 15 4563 3036 21651 25342 198 156 111 32 705 12478 253 33 409 18 112 278 638 450
internal_value=0.00121714 -0.00678398 -0.0124934 0.0124632 -0.0189586 0.0197288 -0.0220867 0.00768323 -0.0243039 0.0145541 -0.0261739 -0.0281246 0.0192968 -0.00559852 -0.00740234 -0.0116216 0.0229839 0.00334093 -0.00720304 0.0200587 0.00565904 0.0110604 0.000660551 -0.0123602 0.00199089 -0.0330286 -0.0047121 -0.00369636 0.0052504 0.0062951 0.025749 0.00170747 0.00387592
internal_weight=10.2142 6.19994 5.53647 4.01424 4.23865 0.663472 3.90004 1.29782 3.62791 0.903239 3.39133 3.11668 0.723542 0.940083 1.11733 0.923385 0.639621 0.272131 0.394583 2.89691 1.13117 0.863724 0.274652 0.574337 0.236586 2.17659 0.179697 0.269632 0.164955 0.365745 0.531569 0.152973 0.378493
internal_count=393300 386996 365981 6304 309277 21015 309098 56704 287395 30597 269989 259263 26605 5644 5119 5104 20038 21703 26107 1185 874 676 10726 3133 17406 253619 3992 520 4928 2511 1165 887 541
is_linear=0
shrinkage=0.05


Tree=160
num_leaves=24
num_cat=0
split_feature=11 24 44 17 25 2 21 46 50 13 13 13 16 24 13 24 37 37 21 47 24 47 37
split_gain=0.485161 0.637676 0.536674 0.43782 0.431206 0.247283 0.208108 0.204989 0.173741 0.44556 0.163137 0.143644 0.143508 0.0652306 0.0538282 0.0502828 0.0352047 0.0209239 0.00657188 0.00561309 0.00533155 0.00360618 0.000241465
threshold=-0.83677384257316578 99.704143524169936 2.5000000000000004 89.825496673583999 2.5000000000000004 2.5000000000000004 21.483516693115238 75.500000000000014 93.026050567626967 5.5000000000000009 62.500000000000007 60.500000000000007 88.548007965087905 94.146202087402358 66.500000000000014 62.169164657592781 3.5000000000000004 4.5000000000000009 13.484848499298097 150.50000000000003 93.492378234863295 99.500000000000014 5.5000000000000009
decision_type=8 2 2 2 2 8 2 2 2 2 2 2 2 2 2 2 2 2 2 2 2 2 2
left_child=4 8 6 21 5 7 -3 -1 10 12 17 15 -10 -11 18 -9 -7 -2 -12 -20 -18 -4 -19
right_child=1 2 3 -5 -6 16 -8 11 9 13 14 -13 -14 -15 -16 -17 20 22 19 -21 -22 -23 -24
leaf_value=-0.0048111804974828327 -0.027704465868730085 -0.001173368138339302 -0.00057415966752505062 0.010892247423359154 -0.012242483469666117 -0.0084398610852033425 0.032006118377095182 0.040627571518680405 0.017288562709324936 -0.023672929258300338 -0.0007922656306865619 -0.0031441049702238232 -0.0042311188118242899 0.0026732250947522971 -0.0065478289101648492 0.00021491338190690376 -0.0011230399157496544 0.00046001605751619807 -0.00063178717719942449 0.010021099475391359 0.0055577041357873216 -0.022756077359631172 -0.00062572775899578925
leaf_weight=0.10073561052161051 1.7415413885579112 0.51685023146399123 0.071848936640663275 1.1700195127564255 0.30019839936568349 0.20128333235749107 1.1643319967491832 1.1413988689380401 1.0254109162621037 0.85812145026932274 0.015839629193692306 0.066725828647179131 0.73398783282777902 0.055119562162417424 0.14949408461258429 0.090917071276237382 0.022971236825696906 0.067772964532792801 0.012787376295591457 0.21607878151218074 0.10808754574418344 0.87001845953088264 0.012646629063226555
leaf_count=995 219792 64 274 42 56070 65018 663 3143 949 3495 27 816 320 11 18440 145 6398 2974 3598 931 20 7517 1763
internal_value=0.00163301 -0.00396705 0.0100059 -0.006277 0.0189749 0.0268859 0.0251725 0.0327466 -0.0146663 -0.00367226 -0.0226607 0.0364849 0.0100311 -0.0215167 0.00230604 0.0390779 -0.00384967 -0.0269654 0.00862996 0.00939613 0.00442911 -0.022231 -0.000131845
internal_weight=10.7142 8.68187 3.79307 2.11189 2.03232 1.73212 1.68118 1.39978 4.8888 2.67264 2.21616 1.29904 1.7594 0.913241 0.3942 1.23232 0.332342 1.82196 0.244706 0.228866 0.131059 0.941867 0.0804196
internal_count=393465 260860 8560 7833 132605 76535 727 5099 252300 4775 247525 4104 1269 3506 22996 3288 71436 224529 4556 4529 6418 7791 4737
is_linear=0
shrinkage=0.05


Tree=161
num_leaves=11
num_cat=0
split_feature=8 24 0 35 13 7 0 17 46 37
split_gain=0.536961 1.0456 0.762223 0.413773 0.372203 0.289446 0.206443 0.116967 0.052442 0.0432676
threshold=1.0000000180025095e-35 82.554244995117202 151.01722717285159 1.0000000180025095e-35 1.5000000000000002 1.0000000180025095e-35 63.314989089965827 85.215545654296889 42.500000000000007 3.5000000000000004
decision_type=2 2 2 2 2 2 2 2 2 2
left_child=1 -1 6 5 7 8 9 -5 -2 -3
right_child=3 2 -4 4 -6 -7 -8 -9 -10 -11
leaf_value=-0.030944241605616398 0.0057408722158553702 -0.0082008296003584693 -0.0049659991905295058 -0.0057149202847561606 -0.019584646044683501 0.034719116469593157 0.033631107420103591 0.019740962960773729 -0.0095381908012822942 0.0056815178671994595
leaf_weight=1.5930538423106666 0.15280644335189197 0.18784499790228881 4.6295882925847565 0.12767478104592556 0.614960606833165 1.5163071583720011 1.2547419855119413 0.52566925117571373 0.23357076911747754 0.13262478660220722
leaf_count=307816 12 30740 387 18049 18756 289 4585 18 10727 1782
internal_value=0.00322402 -0.00405479 0.00618569 0.0178042 -0.00350695 0.0283241 0.028162 0.0143186 -0.00371322 -0.00250387
internal_weight=10.9688 7.79785 6.2048 3.17099 1.2683 1.90268 1.57521 0.653344 0.386377 0.32047
internal_count=393161 345310 37494 47851 36823 11028 37107 18067 10739 32522
is_linear=0
shrinkage=0.05


Tree=162
num_leaves=25
num_cat=0
split_feature=46 24 26 8 35 19 41 13 48 1 29 1 31 23 2 50 23 28 48 21 2 50 44 43
split_gain=0.292572 0.502994 0.386288 0.374387 0.250589 0.23423 0.257996 0.199993 0.277206 0.246018 0.212152 0.219369 0.192692 0.170073 0.1265 0.117117 0.11232 0.0400989 0.0159443 0.0140319 0.0113228 0.0042056 0.00120015 0.000763733
threshold=134.50000000000003 82.554244995117202 2.5000000000000004 1.0000000180025095e-35 1.5000000000000002 86.72955703735353 17.500000000000004 2.5000000000000004 7.5000000000000009 1.5000000000000002 1.0000000180025095e-35 15.500000000000002 1.0000000180025095e-35 90.399383544921889 2.5000000000000004 43.480134963989265 76.63120269775392 1.5000000000000002 7.5000000000000009 82.972846984863295 2.5000000000000004 88.270568847656264 1.0000000180025095e-35 1.0000000180025095e-35
decision_type=2 2 2 2 2 2 2 2 2 8 2 8 2 2 10 2 2 2 2 2 10 2 2 2
left_child=1 3 5 -1 12 6 16 10 9 -9 -5 -12 -4 23 -2 17 18 -8 20 22 -3 -17 -14 -6
right_child=14 2 4 7 13 -7 15 8 -10 -11 11 -13 19 -15 -16 21 -18 -19 -20 -21 -22 -23 -24 -25
leaf_value=-0.030214569574471786 0.021069091879277534 -0.019765625808520836 -0.023886228500490318 0.019984430460233949 6.6933642283205114e-05 0.024979143707892851 0.020708404955882866 0.0084379402665143016 0.011943482440134013 -0.026241193535912435 0.01158034960511882 -0.01744345693997508 0.00059726477941802851 0.015533911646688501 -0.0056300331656384513 -0.0062726940993107251 0.0038633658000539065 -0.0019469757934012328 0.00084643219604833972 0.0082405929505518227 0.00057868248661683414 0.00077845372144421765 -0.0024286240524337408 -0.0099034211014743037
leaf_weight=1.4878345686865495 0.79031278293047158 0.55599092946533824 1.1192669743662125 0.57263387222087681 0.0059545137246458371 1.3287419283137181 0.67770578657399472 0.15714472532272306 0.2210625423674627 1.0348362174102022 0.26044895946779434 0.49161490539586339 0.013777474705648163 0.6888723497686442 0.12539953582910357 0.15296820480364204 0.42553435843035459 0.040062989045679842 0.018728947532395068 0.18077386522122652 0.013429930533277457 0.016658890855296704 0.050640036107367337 0.23850870047277795
leaf_count=289060 1486 11063 121 22 228 452 575 1 11 16008 16 22398 78 44 26714 2829 157 4974 195 75 244 50 7389 8919
internal_value=-0.00179798 -0.00486969 0.00487886 -0.0161154 -0.00873326 0.0143381 0.000854097 -0.00241942 -0.0120383 -0.0199056 0.00860573 -0.00651944 -0.0181171 0.00726033 0.0163825 0.0139223 -0.0118187 0.0190466 -0.0184532 0.00625138 -0.0192228 -0.00550671 -0.00182834 -0.00980193
internal_weight=10.6689 9.75319 5.52762 4.22558 2.29779 3.22982 1.90108 2.73774 1.41304 1.19198 1.3247 0.752064 1.36446 0.933336 0.915712 0.887396 1.01368 0.717769 0.58815 0.245191 0.569421 0.169627 0.0644175 0.244463
internal_count=393109 364909 37393 327516 16854 20539 20087 38456 16020 16009 22436 22414 7663 9191 28200 8428 11659 5549 11502 7542 11307 2879 7467 9147
is_linear=0
shrinkage=0.05


Tree=163
num_leaves=15
num_cat=0
split_feature=0 24 24 17 46 13 7 35 35 30 13 0 43 38
split_gain=0.487754 0.601565 0.759471 0.473832 0.440894 0.382502 0.320133 0.267423 0.209191 0.0901234 0.0647251 0.04681 0.0447034 0.000886331
threshold=151.01722717285159 87.821357727050795 1.0000000180025095e-35 82.807880401611342 166.50000000000003 2.5000000000000004 1.0000000180025095e-35 1.5000000000000002 1.5000000000000002 1.5000000000000002 60.500000000000007 101.58581161499025 1.5000000000000002 4.5000000000000009
decision_type=2 2 2 2 2 2 2 2 2 2 2 2 2 2
left_child=1 2 3 6 11 -5 -1 12 -8 -3 -7 -4 -2 -13
right_child=7 9 4 5 -6 10 8 -9 -10 -11 -12 13 -14 -15
leaf_value=-0.0067815765343681644 -0.0037297362636563845 0.033761866473714493 -0.029192836331192185 0.013685379420589439 0.013116133269743285 -0.020464881656290134 0.042938014715621718 0.0037649804996227514 -0.0040567236077904472 -0.0023847112907401584 0.0003244671715876042 -0.00058707705894878582 -0.021823977404409389 0.0018420494435489863
leaf_weight=0.15688148582904682 1.0010360003508227 1.5260511958141476 1.3616627530051912 1.2871289381778299 0.22772201708937689 0.64924881238016474 0.81866333289565318 2.4483735211816295 0.087449644695084316 0.050075572004175117 0.44455718978247205 0.011853593903140225 1.0821924826512725 0.037015492741147682
leaf_count=46223 263 3412 315928 241 1267 289 934 353 1264 21442 220 1187 155 31
internal_value=0.004527 0.0124186 0.00202651 0.0143679 -0.0195298 -0.000586448 0.0319113 -0.00721708 0.0386537 0.0321335 -0.0158959 -0.028055 -0.017159 0.00125487
internal_weight=11.1899 6.65831 5.08218 3.44393 1.63825 2.38093 1.06299 4.5316 0.906113 1.57613 1.09381 1.41053 2.08323 0.0488691
internal_count=393209 392438 367584 49171 318413 750 48421 771 2198 24854 509 317146 418 1218
is_linear=0
shrinkage=0.05


Tree=164
num_leaves=26
num_cat=0
split_feature=47 34 31 46 1 41 2 0 24 41 47 47 44 1 24 41 48 16 2 47 0 17 38 38 37
split_gain=0.792117 0.289279 0.412628 0.281983 0.252127 0.197495 0.179129 0.170885 0.163354 0.132161 0.198381 0.130281 0.104346 0.100019 0.0991704 0.0646701 0.0644678 0.0408729 0.0351632 0.0296992 0.0292363 0.0185413 0.0182715 0.00839993 0.00789657
threshold=104.50000000000001 0.83771929144859325 1.0000000180025095e-35 134.50000000000003 33.500000000000007 2.5000000000000004 2.5000000000000004 19.587402343750004 82.554244995117202 1.0000000180025095e-35 166.50000000000003 150.50000000000003 4.5000000000000009 34.500000000000007 89.136646270751967 1.0000000180025095e-35 2.5000000000000004 99.367088317871108 1.5000000000000002 118.50000000000001 112.80730438232423 62.316371917724616 4.5000000000000009 1.5000000000000002 1.0000000180025095e-35
decision_type=2 2 2 2 10 2 8 2 2 2 2 2 2 10 2 2 2 2 10 2 2 2 2 2 2
left_child=5 3 -3 4 8 20 -7 16 17 -4 12 18 -11 -9 21 -16 -6 -2 -5 23 -1 -10 24 -17 -21
right_child=1 2 9 11 7 6 -8 13 14 10 -12 -13 -14 -15 15 19 -18 -19 -20 22 -22 -23 -24 -25 -26
leaf_value=-0.0074702992540845101 -0.032169893338060071 -0.010954639157455434 -0.0052776164621501148 0.018176026215599196 -0.0037188467205936204 0.03792655756487711 -0.0040819750103469497 0.0063398065855787764 -0.0019907843022346525 0.02594873057283946 -0.007326909949919129 -0.0077692583227165967 -0.0036935355906207966 -0.015722702604236187 0.0046206117727711059 -0.0025686947140048481 0.01762537293744772 -0.0044857899152706193 -0.0019981578225589719 0.00033260388156902638 0.0043354210189878208 0.010304215013759605 0.0011635058738000501 0.0038181248404967789 -0.016972425568381362
leaf_weight=0.16607169756275719 1.6725276406663088 1.8593172957291701 0.22904405813352502 0.39084682282009442 0.079608859660424747 0.7081448459935018 0.087944799074819002 0.13333379135644918 0.040989578572179886 1.549415203842784 0.15465721714531344 0.18310227480634467 0.078973758131098637 0.45009243616664207 0.12362769280483121 0.05390381761634444 0.38666654687312985 0.52481270295629645 0.041501848234531735 0.029289559542348798 0.093107475398028328 0.24671588525484367 0.024307766736001213 0.090854233178959021 0.60736768023285492
leaf_count=2191 239571 197 299 191 19628 822 16238 2254 8008 709 779 19877 5450 57295 352 449 708 926 8179 170 14 745 160 518 7361
internal_value=-0.000912992 -0.00667472 0.00326386 -0.0135404 -0.017629 0.0274277 0.0335969 0.00234735 -0.0229109 0.0156776 0.0192986 0.00867074 0.0236528 -0.00986106 -0.0037541 -0.00989819 0.0139303 -0.0290288 0.0161965 -0.0134511 -0.0031543 0.00836685 -0.0155011 0.00127351 -0.0164595
internal_weight=10.0062 8.95096 3.87141 5.07955 4.4641 1.05527 0.79609 1.0497 3.4144 2.01209 1.78305 0.615451 1.62839 0.583426 1.21706 0.929351 0.466275 2.19734 0.432349 0.805723 0.259179 0.287705 0.660965 0.144758 0.636657
internal_count=393091 373826 7434 366392 338145 19265 17060 79885 258260 7237 6938 28247 6159 59549 17763 9010 20336 240497 8370 8658 2205 8753 7691 967 7531
is_linear=0
shrinkage=0.05


Tree=165
num_leaves=40
num_cat=0
split_feature=26 47 38 12 46 1 10 23 21 48 46 47 23 46 43 43 50 16 47 47 23 2 16 16 16 48 39 47 33 47 16 39 50 46 49 47 16 2 47
split_gain=0.677817 0.530501 0.318508 0.274996 0.227659 0.195134 0.207838 0.152685 0.139811 0.131744 0.126787 0.131005 0.207586 0.114067 0.082025 0.0808266 0.0773531 0.0551332 0.0496816 0.0451806 0.0440603 0.0390412 0.0374504 0.0368037 0.108409 0.0355468 0.0262371 0.0210344 0.0204935 0.0104532 0.00951429 0.00544272 0.00425493 0.0186012 0.00202511 0.00176765 0.000791524 0.000387437 0.000221122
threshold=2.5000000000000004 144.50000000000003 2.5000000000000004 1.5000000000000002 134.50000000000003 12.500000000000002 1.0000000180025095e-35 81.557067871093764 13.484848499298097 2.5000000000000004 92.500000000000014 151.50000000000003 27.681992530822757 166.50000000000003 2.5000000000000004 1.5000000000000002 95.099250793457045 82.793453216552749 93.500000000000014 108.50000000000001 23.669467926025394 11.500000000000002 86.295150756835952 80.735492706298842 79.431911468505874 1.5000000000000002 0.61250001192092907 153.50000000000003 0.92857143282890331 204.50000000000003 99.367088317871108 0.90000000596046459 99.655174255371108 123.50000000000001 3.5000000000000004 154.50000000000003 64.565757751464858 13.500000000000002 146.50000000000003
decision_type=2 2 2 2 2 10 2 2 2 2 2 2 2 2 2 2 2 2 2 2 2 10 2 2 2 2 2 2 2 2 2 2 2 2 2 2 2 10 2
left_child=2 4 3 5 15 6 8 34 -1 -7 11 12 -10 32 -9 17 -11 31 -14 30 -13 -20 27 24 28 -16 -24 -4 -17 -22 -5 -2 -12 -34 -3 -29 -33 -23 -36
right_child=1 7 22 19 -6 9 -8 14 10 16 13 20 18 -15 25 23 -18 -19 21 -21 29 37 26 -25 -26 -27 -28 35 -30 -31 -32 36 33 -35 38 -37 -38 -39 -40
leaf_value=-0.0043030452181296239 -0.0088138407109256047 -0.0090771456339261425 -0.013296113900090374 -0.0019356898167094802 0.0076962151883150452 -0.010566417580987253 -0.0063119249556659309 -0.0033233982211964535 -0.0047260481304065875 -0.0051269900409909698 -0.0089509438849715989 0.0082027122088336908 2.8450197534485073e-05 0.013191268917786944 0.019430035106604172 -0.013997151268108757 0.015240551731541803 0.0072183549201500679 0.038667076960436614 -0.01173423889409265 -0.0068898064338187154 0.00044921951805310757 -0.0044282764640503269 -0.031351364364669156 0.008585471579597893 -0.00080122717560826529 0.0064811161481141411 0.0023772462887284617 0.0015721879817766514 0.0017287987008328166 0.0057017434649153757 -0.00073670421179345899 0.0044138101094798416 -0.0047399561730538864 0.00062151205459325121 -0.00089727587017856116 0.0013149002777391051 -0.0010585940300254192 -0.00043999327313004653
leaf_weight=0.088266310467076781 0.17550570454554382 0.22123427415688457 0.44123663767011567 0.039861924715751118 0.16470396903662265 0.44859139753873467 0.14360626624891626 0.23693938040003093 0.09318397693420033 0.11181556285208671 0.21667942395470152 0.2197177629762449 0.089084371868125678 0.22500873178989877 1.0887887719978264 0.37990834057769962 0.42973506447617638 0.17067058448594707 2.6121204304146208 0.30481634360842236 0.2319017588592942 0.011758280085643835 0.099484782735203225 1.3718251767235186 0.17042000394195611 0.15662807509858101 0.20761601729100221 0.050083349491274021 0.032144521497684764 0.034521901776201958 0.11111143737980456 0.014928382600999157 0.11868796805788406 0.10283810561440987 0.012726121385185252 0.01994414886118534 0.028773880602102508 0.02151529955034448 0.0088518604922001032
leaf_count=235 7357 78942 27566 3463 2007 36559 11430 382 661 2017 26347 90 612 414 3602 101986 160 88 10474 50737 4399 753 1354 2113 452 439 37 599 12 5 12 2066 651 898 54 7445 37 5718 706
internal_value=0.00476334 -0.00949496 0.0141121 0.018045 -0.0211877 0.0211444 0.0250133 0.00904454 0.0271476 0.000393571 0.0285699 0.0318081 0.0349842 0.00299376 0.0143201 -0.0249116 0.0104373 -0.000939198 0.0372406 -0.00754821 0.00222449 0.0381422 -0.0080423 -0.0277573 -0.00483007 0.017662 0.00226293 -0.0116338 -0.0125293 -0.00528977 0.00375545 -0.00800166 -0.00777369 -0.000237185 -0.00877026 0.00147766 0.000579699 -0.000606682 0.000181615
internal_weight=10.7072 4.23405 6.47319 5.65482 2.50888 5.19903 4.20889 1.72517 4.06528 0.990142 3.97702 3.3138 2.82766 0.663214 1.48236 2.34418 0.541551 0.389879 2.73448 0.45579 0.486141 2.64539 0.818365 1.9543 0.582473 1.24542 0.307101 0.511264 0.412053 0.266424 0.150973 0.219208 0.438205 0.221526 0.242812 0.0700275 0.0437023 0.0332736 0.021578
internal_count=392879 200243 192636 155635 116118 101423 62687 84125 51257 38736 51022 22712 18218 28310 4423 114111 2177 9548 17557 54212 4494 16945 37001 104563 102450 4041 1391 35610 101998 4404 3475 9460 27896 1549 79702 8044 2103 6471 760
is_linear=0
shrinkage=0.05


Tree=166
num_leaves=47
num_cat=0
split_feature=20 26 47 13 48 25 50 50 44 43 41 0 1 48 43 33 12 37 50 16 47 50 1 13 47 0 50 47 44 13 17 50 47 25 17 47 49 44 2 47 47 47 47 47 50 25
split_gain=0.391609 0.39903 0.421314 0.346125 0.624008 0.551146 0.301737 0.252471 0.200313 0.171809 0.151977 0.114335 0.0984971 0.0979167 0.0932228 0.0916178 0.0873528 0.0761156 0.0770832 0.066729 0.0644423 0.0617917 0.0605602 0.0446582 0.0367221 0.035245 0.0295623 0.0253778 0.021607 0.0148239 0.0138586 0.0121208 0.00754661 0.00650804 0.00475047 0.00465869 0.00317286 0.00249251 0.00140727 0.0012708 0.00123733 0.00118397 0.000800728 0.000625512 0.000605948 4.51136e-05
threshold=0.53469792008399974 2.5000000000000004 125.50000000000001 7.5000000000000009 2.5000000000000004 2.5000000000000004 86.963428497314467 30.303404808044437 4.5000000000000009 3.5000000000000004 1.5000000000000002 64.198730468750014 34.500000000000007 2.5000000000000004 1.5000000000000002 0.73214286565780651 4.5000000000000009 1.5000000000000002 95.099250793457045 23.606810569763187 102.50000000000001 51.615072250366218 14.500000000000002 60.500000000000007 94.500000000000014 112.80730438232423 76.923118591308608 149.50000000000003 1.5000000000000002 1.5000000000000002 93.419914245605483 20.694095611572269 89.500000000000014 3.5000000000000004 92.40384674072267 84.500000000000014 2.5000000000000004 1.5000000000000002 1.5000000000000002 137.50000000000003 152.50000000000003 136.50000000000003 83.500000000000014 98.500000000000014 50.90960884094239 4.5000000000000009
decision_type=2 2 2 2 2 2 2 2 2 2 2 2 10 2 2 2 2 2 2 2 2 2 10 2 2 2 2 2 2 2 2 2 2 2 2 2 2 2 8 2 2 2 2 2 2 2
left_child=7 3 21 5 11 8 15 19 13 14 29 -5 -12 16 -8 34 20 18 26 31 32 30 27 -19 -10 -13 -6 -22 -23 -11 44 -1 -2 -7 -4 42 -15 -17 -38 41 -29 -24 -30 -34 -3 -35
right_child=1 2 6 4 17 33 9 -9 24 10 12 25 -14 36 -16 37 -18 23 -20 -21 22 28 39 -25 -26 -27 -28 40 35 -31 -32 -33 43 45 -36 -37 38 -39 -40 -41 -42 -43 -44 -45 -46 -47
leaf_value=-0.001013553767493282 0.0043959929489782211 -0.0035337360719883632 -0.017705448571661526 -0.022758617708910946 0.0056448224059038772 -0.011439520316415245 0.0074802457022185385 -0.023441350342697443 0.0057631139961945715 0.0023023717474635287 0.026059093278125667 0.0075864446997547467 -0.0034856908033306607 -0.0022812339706091644 -0.012278971081596198 0.0050448335190425488 -0.0017848924630631169 -0.0070165760518258423 0.026308649559064163 -0.0056371822236045508 0.046397713767691293 0.00088029164542420416 -0.00072403902864899528 0.0064454089909159922 -0.007008954750110168 -0.0047845384740342316 -0.0056071942617266935 -0.00078754813747950164 -0.0011241556979083649 -0.0063598676972819708 0.0047591716119439733 0.013028696860447053 -0.002242182549554635 0.00061372130726595748 0.00028405830703360856 -0.024084691728431466 0.0023614704808641372 -0.00028995197058622949 -0.0007079369976137022 -0.0012081521248860515 0.0018969906320938973 0.0019890618652790236 0.00087172691572038469 0.00029456265452657519 0.00020508574359607104 -9.1121110856068422e-05
leaf_weight=0.020674395198739814 0.099466607308499433 0.079865839091908475 0.44018935828378891 0.79789358345937011 0.17343529291122173 0.29912649777665468 0.21012926537775944 0.76358610353319278 0.11685954028041567 0.18292233646621991 1.5859928486494252 0.17918429342603304 0.073900643706906632 0.047231599408632863 0.31643093142486123 0.11425201653537442 0.036966635273074533 0.17004313041431363 0.92958328018039538 0.12320272789104081 1.5002658713958821 0.020897191906499302 0.014682206735073922 0.30137074279622311 0.15912806123623113 0.20437311411069459 0.16169662799245543 0.018274844333802664 0.022509307884774898 0.15974806709164113 0.095582390660183592 0.3814083447879284 0.06457466103859133 0.030487552155662456 0.0056854997528716913 0.80188258051938277 0.048924304166575894 0.14466048177746416 0.027060986341894022 0.024392775511046239 0.06424391689719755 0.04103547224246995 0.019630310321872457 0.048640341202258242 0.0049708990158592306 0.0018257125585421355
leaf_count=3021 695 10602 121542 41680 1803 31627 267 71795 1133 101 5167 755 806 1541 754 35 5193 1583 348 17665 5705 275 3095 862 28925 66 531 411 396 484 9 5393 827 4601 2 16800 23 546 596 2463 1204 119 49 308 402 728
internal_value=0.00618275 0.00975081 -0.00174249 0.0175129 0.00339974 0.027882 0.00754774 -0.0134167 0.0349965 0.0147007 0.0196476 -0.0172977 0.0239278 0.038734 -0.00465907 -0.0116872 0.0405921 0.0186588 0.0224641 0.00697033 0.0417576 -0.0201216 0.044058 0.000121088 -0.00132265 0.00230091 8.23703e-05 0.0453865 -0.0229285 -0.00346497 0.00135902 0.0120987 0.00227196 -0.0107555 -0.0174382 -0.0236756 -0.000568965 0.0042015 0.00162633 9.10945e-05 0.00112416 0.0012655 -0.000250082 -0.00186674 -0.00332756 0.000524206
internal_weight=11.1289 9.84002 4.27925 5.56077 2.91758 2.64319 3.23391 1.28887 2.31175 2.52912 2.00256 1.18145 1.65989 2.03576 0.52656 0.704787 1.91254 1.73613 1.26472 0.525285 1.87558 1.04534 1.6629 0.471414 0.275988 0.383557 0.335132 1.58278 0.864919 0.34267 0.180419 0.402083 0.212682 0.33144 0.445875 0.844022 0.123217 0.258912 0.0759853 0.0801105 0.0825188 0.0557177 0.0421396 0.113215 0.0848367 0.0323133
internal_count=392933 295059 158237 136822 47628 89194 129704 97874 52238 7579 6558 42501 5973 22180 1021 122125 20020 5127 2682 26079 14827 28533 12997 2445 30058 821 2334 7320 17520 585 11013 8414 1830 36956 121544 17245 2160 581 619 5677 1615 3214 445 1135 11004 5329
is_linear=0
shrinkage=0.05


Tree=167
num_leaves=23
num_cat=0
split_feature=26 48 20 16 8 23 23 39 50 17 1 24 25 17 33 34 17 34 34 39 13 0
split_gain=0.534487 0.475246 0.380223 0.291483 0.204565 0.258933 0.255076 0.243693 0.171021 0.132413 0.131145 0.130744 0.167746 0.0949802 0.0750236 0.0502605 0.0288015 0.0282186 0.0178991 0.00609781 0.00477531 0.00252384
threshold=1.5000000000000002 3.5000000000000004 0.46713979542255407 90.366767883300795 1.0000000180025095e-35 86.72955703735353 81.557067871093764 0.77500000596046459 23.531040191650394 99.367088317871108 29.500000000000004 99.704143524169936 3.5000000000000004 95.040985107421889 0.47222222387790685 0.91987180709838878 65.545505523681655 0.78759399056434642 0.91987180709838878 0.61250001192092907 1.5000000000000002 151.01722717285159
decision_type=2 2 2 2 2 2 2 2 2 2 8 2 2 2 2 2 2 2 2 2 2 2
left_child=2 4 8 17 7 6 -6 11 -1 -7 -4 15 13 16 -9 19 18 -3 21 -2 -19 -13
right_child=1 3 10 -5 5 9 -8 14 -10 -11 -12 12 -14 -15 -16 -17 -18 20 -20 -21 -22 -23
leaf_value=0.010234572090723709 -0.029514177664413478 -0.011563658378113571 0.033877766759044199 0.022640976314313301 -0.0099947955399836558 -0.019238504380727287 0.021874869253673199 -0.006296021077330044 -0.015777712253726258 0.0032207920169928968 -0.0034283390228642581 -0.00056959017781242638 0.01081022546406565 0.0052054199109937745 0.012101674984623365 0.00094548764268379568 -0.016887851173930775 0.0036181485822106827 -0.0043332583498694654 -0.00046825150847525923 -0.0014225983941150541 0.005230386857985444
leaf_weight=0.24727019435465614 1.6261550631564445 0.30265157277805332 1.0316926590960516 1.2139347521526813 0.24868797691391364 0.58151219865521853 0.86321915394523785 0.13174601681919273 0.41146754859033763 0.70453112223185599 0.073171829515615738 0.011522216321509737 0.25935883402809157 0.19377942732535292 0.41815522871570465 0.081619698366807714 1.3779939649504056 0.080564249126609866 0.093656814465987281 0.051026518052424197 0.11955748294053592 0.11108153649462338
leaf_count=1108 289883 32935 1457 492 45832 420 1158 3183 2325 32 4772 4812 518 23 350 45 378 427 1881 944 376 10
internal_value=0.000853571 -0.004863 0.0201352 0.013759 -0.0107602 0.00098333 0.0133895 -0.0162015 -0.00572993 -0.0109079 0.0309521 -0.0201434 -0.00650884 -0.0119973 0.00647561 -0.0279028 -0.0152888 -0.00848196 0.000407919 -0.0291355 0.00193061 0.00466347
internal_weight=10.2344 8.47075 1.7636 1.71671 6.75405 2.39795 1.11191 4.3561 0.658738 1.28604 1.10486 3.80619 2.04739 1.78803 0.549901 1.7588 1.59425 0.502773 0.216261 1.67718 0.200122 0.122604
internal_count=393361 383699 9662 34230 349469 47442 46990 302027 3433 452 6229 298494 7622 7104 3533 290872 7081 33738 6703 290827 803 4822
is_linear=0
shrinkage=0.05


Tree=168
num_leaves=29
num_cat=0
split_feature=50 18 44 43 45 21 19 41 25 19 47 35 47 1 24 47 2 39 17 37 38 48 16 23 48 12 48 12
split_gain=0.363841 0.624022 0.252535 0.453544 0.399134 0.310761 0.197587 0.161521 0.139437 0.156494 0.134366 0.121703 0.107785 0.104013 0.0844399 0.0813572 0.0724614 0.0552964 0.0426506 0.0413951 0.0292491 0.0199365 0.00795751 0.00753166 0.00480262 0.00417222 0.00245095 0.00219987
threshold=30.303404808044437 85.215545654296889 1.5000000000000002 2.5000000000000004 0.34840443730354315 92.450141906738295 88.589511871337905 5.5000000000000009 4.5000000000000009 85.880397796630874 109.50000000000001 1.0000000180025095e-35 112.50000000000001 1.5000000000000002 87.821357727050795 141.50000000000003 1.5000000000000002 0.61250001192092907 85.215545654296889 1.5000000000000002 4.5000000000000009 1.5000000000000002 71.010189056396499 84.680576324462905 3.5000000000000004 3.5000000000000004 11.500000000000002 1.5000000000000002
decision_type=2 2 2 2 2 2 2 2 2 2 2 2 2 8 2 2 8 2 2 2 2 2 2 2 2 2 2 2
left_child=13 7 14 5 6 18 16 15 9 22 -7 21 25 -1 -3 17 -5 -2 -4 -11 -17 -9 -6 -21 -23 27 -26 -8
right_child=1 2 3 4 8 10 12 11 -10 19 -12 -13 -14 -15 -16 20 -18 -19 -20 23 -22 24 -24 -25 26 -27 -28 -29
leaf_value=0.027885738491836138 -0.0045569470957405522 0.00061546593861148676 -0.0035201903419522168 0.012573984064456851 0.0013199854709603255 0.0032440777089206684 0.0012288688713962021 -0.0044256670753088706 -0.0061307038465959899 0.025301114568778552 -0.026808080554094029 -0.029716528364135148 -0.021927678659291388 -0.0034849245697494667 0.024850693254364349 -0.01140552757415144 -0.0057811067366187394 0.012624010516514964 0.012904020080548508 0.0060658392446304105 0.0027711960310119661 0.0059315810087238897 -0.0067234745098358238 -0.00044699365364146194 -0.0021595953475356325 0.0048309261668282727 0.0013663552636765377 -0.0021328010884579265
leaf_weight=0.61407715812163211 0.099863241359798294 0.50560857083280353 0.070692610340415407 0.48813444104871428 0.041676042075324271 0.20765533940846137 0.0423867297470224 0.1111149881693051 0.13168924281626448 2.1779412353540697 1.2853462885932456 1.1668606378342898 0.73433616427792003 0.074866403201411913 0.92795524822759035 0.29139653283008471 0.12872434507045227 0.3543605357180013 0.32652150169246852 0.15330968282091806 0.059071566073441772 0.14202289867569107 0.15224983638017875 0.51624431543393712 0.044842162831386645 0.11911729796361215 0.030475213009367508 0.043854492621790087
leaf_count=434 36848 437 2250 507 928 46 345 43814 211 2223 1464 199857 9477 35311 217 36526 8759 741 537 736 754 3979 1262 387 4431 99 508 112
internal_value=0.00290978 -0.000548136 0.00628147 0.00105399 0.00908096 -0.0152236 -0.00836379 -0.0191188 0.017592 0.019882 -0.0230036 -0.025401 -0.0173063 0.0244318 0.0200684 0.000161401 0.00753715 0.00831058 0.0095536 0.0225402 -0.00873339 0.000758878 -0.00533712 0.00378427 0.00486763 0.00370097 -0.000789015 -0.00087032
internal_weight=11.0424 10.3535 8.05344 6.61988 4.72966 1.89022 1.55655 2.30001 3.17311 3.04142 1.493 1.49532 0.939695 0.688944 1.43356 0.804692 0.616859 0.454224 0.397214 2.8475 0.350468 0.328455 0.193926 0.669554 0.21734 0.205359 0.0753174 0.0862412
internal_count=393200 357455 29997 29343 25046 4297 19299 327458 5747 5536 1510 252589 10033 35745 654 74869 9266 37589 2787 3346 37280 52732 2190 1123 8918 556 4939 457
is_linear=0
shrinkage=0.05


Tree=169
num_leaves=30
num_cat=0
split_feature=11 43 20 20 37 47 46 39 25 47 1 40 35 47 20 46 26 37 38 37 50 47 37 47 38 41 38 47 47
split_gain=0.42869 0.469857 0.391356 0.345963 0.277561 0.239024 0.3646 0.211049 0.265463 0.180286 0.170981 0.127466 0.122182 0.110669 0.106009 0.0908522 0.0730433 0.0604911 0.0526646 0.0321858 0.0273546 0.0200462 0.0172609 0.0170641 0.01658 0.00759007 0.00692764 0.00499015 0.00185761
threshold=-0.3647803515195846 1.5000000000000002 0.86684024333953869 0.46713979542255407 3.5000000000000004 132.50000000000003 143.50000000000003 0.61250001192092907 3.5000000000000004 95.500000000000014 5.5000000000000009 1.5000000000000002 1.0000000180025095e-35 124.50000000000001 0.95259785652160656 92.500000000000014 2.5000000000000004 1.0000000180025095e-35 1.0000000180025095e-35 1.5000000000000002 87.516765594482436 141.50000000000003 1.5000000000000002 88.500000000000014 4.5000000000000009 3.5000000000000004 3.5000000000000004 120.50000000000001 101.50000000000001
decision_type=8 2 2 2 2 2 2 2 2 2 8 2 2 2 2 2 2 2 2 2 2 2 2 2 2 2 2 2 2
left_child=2 3 -1 13 10 15 -7 8 9 23 11 -5 16 -2 19 25 17 27 22 20 -10 -9 -18 -3 -6 -4 -20 -11 -19
right_child=1 7 5 4 24 6 -8 21 14 12 -12 -13 -14 -15 -16 -17 18 28 26 -21 -22 -23 -24 -25 -26 -27 -28 -29 -30
leaf_value=-0.010978567037868134 0.0067192515208025737 -0.0024599634366935532 0.002654034038575078 -0.0018000990595443231 -0.009183592165706557 -0.015811057100286529 0.019330284365010424 0.012115472468402043 -0.0017281448645406748 -0.0012198538864862968 -0.0048366222584377127 0.033827010044831594 -0.02699538486904271 -0.016147587230340855 -0.0056550582960626468 -0.0020239091082126246 0.011514136035078233 -6.266544269978705e-05 -0.006253115595972341 -0.0022492995803780973 0.016551140218759929 -0.0010459351773424647 -0.0014595609113128808 0.0077143948748623322 0.0020088301869765372 0.041004995539209471 0.0012707245930620901 0.0044621155109648711 -0.015025071848298112
leaf_weight=0.28056269690580404 0.15502597216797509 0.050937243722757208 0.16039522779323079 0.17190342878177478 0.24090949745516343 0.45571561421684237 0.52051078400648976 0.3522112792981601 0.035572457899199383 0.066808653917405536 0.10652900853520475 1.3854835806611159 1.9618642635723234 0.42836372793739486 0.64975610368617254 0.042085849261070507 0.328438097700257 0.029548543235591751 0.20151431585200896 0.046473244033634842 0.49677834053420611 0.18091015574677272 0.067157017581166656 0.28924082826887343 0.042544422838659557 0.77484528450401058 0.028306341216932651 0.17758579847333067 0.53666077674948554
leaf_count=177777 1227 1698 736 189 1540 15291 2834 308 11727 232 12902 1981 115553 3284 125 2258 2155 349 9256 3937 326 371 1899 1766 316 2424 1093 910 18508
internal_value=0.00504904 -0.00101759 0.0204275 0.0137724 0.0216907 0.0271279 0.0032261 -0.00889514 -0.0122286 -0.0177845 0.0274905 0.0307283 -0.0208338 -0.00966516 0.0050707 0.0372969 -0.00478981 -0.0106041 0.00463372 0.0130666 0.014999 0.00988018 0.009844 0.00549214 -0.00724741 0.0391978 -0.00504668 0.00317678 -0.0147828
internal_weight=10.2646 8.03052 2.23412 2.53076 1.94737 1.95355 0.976226 5.49976 4.96664 3.73806 1.66392 1.55739 3.39788 0.58339 1.22858 0.977326 1.43602 0.810604 0.625416 0.578824 0.532351 0.533121 0.395595 0.340178 0.283454 0.935241 0.229821 0.244394 0.566209
internal_count=392972 191652 201320 21439 16928 23543 18125 170213 169534 153419 15072 2170 149955 4511 16115 5418 34402 19999 14403 15990 12053 679 4054 3464 1856 3160 10349 1142 18857
is_linear=0
shrinkage=0.05


Tree=170
num_leaves=21
num_cat=0
split_feature=50 20 44 43 24 8 49 47 31 18 39 20 47 46 43 47 24 47 33 47
split_gain=0.354045 0.682432 0.299644 0.413219 0.317134 0.408342 0.21279 0.169483 0.170987 0.160833 0.125201 0.118936 0.0903152 0.0449593 0.0368552 0.0183436 0.0130092 0.000321217 0.00424005 0.000261163
threshold=23.531040191650394 0.82545602321624767 1.5000000000000002 2.5000000000000004 92.921337127685561 1.0000000180025095e-35 1.0000000180025095e-35 117.50000000000001 1.0000000180025095e-35 15.047169685363771 0.61250001192092907 0.91633436083793651 137.50000000000003 1.5000000000000002 1.5000000000000002 91.500000000000014 92.356376647949233 133.50000000000003 0.77500000596046459 90.500000000000014
decision_type=2 2 2 2 2 2 2 2 2 2 2 2 2 2 2 2 2 2 2 2
left_child=13 9 6 7 5 -5 10 16 -9 -2 -3 -7 -13 -1 17 19 -4 -10 -19 -11
right_child=1 2 3 4 -6 11 -8 8 14 15 -12 12 -14 -15 -16 -17 -18 18 -20 -21
leaf_value=0.025293747045597677 0.0046413947961552971 -0.012607678730743444 0.0076972795811664305 -0.021598835586160603 0.022844602299367883 -0.008299901328668759 0.024953137769061759 -0.027487526909124555 0.0078702651842427265 -0.00040163987852046549 0.0092633959488819268 0.0166681768709501 -0.00099349404748581469 -0.0017397764785902282 -0.0052130198305770439 -0.029160071728643346 -0.0016449823240933413 -0.0021171163588388562 0.0023948988049551467 0.00080268850677137819
leaf_weight=0.44465675233971147 0.13150733737950115 0.37394629976949989 0.16520982658568062 0.74120605336263201 0.92651420103577198 0.1977941638670021 1.2327534403966636 1.1541350721268484 0.18048607484297452 0.0080977034023276273 0.29811639274498702 1.4043064874088034 0.88271774583722606 0.036035046825247719 0.11101089578363599 1.4124943338368678 0.1194798686606191 0.042628359964112406 0.047982179773498501 0.018028160646395008
leaf_count=104 270 424 628 48787 265 7822 474 1536 219 4097 28 194 344 8971 4087 313178 25 922 15 565
internal_value=0.000627093 -0.0026688 0.00414491 -0.00195271 0.00672791 -0.00221122 0.0173563 -0.017116 -0.0218474 -0.0251678 -0.00316813 0.00811043 0.011623 0.0234609 0.00275048 -0.0286786 0.00554797 0.00754717 0.000277318 0.000401771
internal_weight=9.92911 9.44841 7.87829 5.97347 4.15254 3.22602 1.90482 1.82093 1.53624 1.57013 0.672063 2.48482 2.28702 0.480692 0.382108 1.43862 0.28469 0.271097 0.0906105 0.0261259
internal_count=392955 383880 65770 64844 57412 57147 926 7432 6779 318110 452 8360 538 9075 5243 317840 653 1156 937 4662
is_linear=0
shrinkage=0.05


Tree=171
num_leaves=29
num_cat=0
split_feature=19 50 50 18 24 13 31 13 0 46 44 19 35 2 1 1 41 20 11 24 49 20 49 17 44 13 19 19
split_gain=0.33391 0.410271 0.403099 0.304264 0.209208 0.23244 0.132926 0.117543 0.113116 0.184628 0.111485 0.10427 0.0976243 0.0892785 0.0756732 0.10393 0.067439 0.0789935 0.0554569 0.0495507 0.0447893 0.0315222 0.0138644 0.00954599 0.00445681 0.00382242 0.00212805 0.00207511
threshold=99.333332061767592 30.303404808044437 85.215545654296889 93.127067565917983 61.733762741088874 2.5000000000000004 3.5000000000000004 65.500000000000014 20.089843750000004 47.500000000000007 1.5000000000000002 76.817703247070327 1.5000000000000002 4.5000000000000009 15.500000000000002 69.500000000000014 1.0000000180025095e-35 0.93925386667251598 -1.0000000180025095e-35 95.940452575683608 1.5000000000000002 0.99629628658294689 6.5000000000000009 99.367088317871108 1.0000000180025095e-35 8.5000000000000018 76.028167724609389 97.366596221923842
decision_type=2 2 2 2 2 2 2 2 2 2 2 2 2 8 10 10 2 2 8 2 2 2 2 2 2 2 2 2
left_child=1 10 6 11 5 18 7 22 9 -7 19 -4 23 14 16 -16 -13 -18 21 -1 -9 -2 27 -5 -15 -8 -24 -3
right_child=4 2 3 12 -6 8 25 20 -10 -11 -12 13 -14 24 15 -17 17 -19 -20 -21 -22 -23 26 -25 -26 -27 -28 -29
leaf_value=-0.001853532074472876 -0.0069721375794194731 -0.027528232014914666 -0.0066200963256695224 -0.018858188537073804 0.021646578559112891 0.014906056639553689 -0.00079330720520159068 -0.0065444721223383894 -0.01818314825268838 -0.011668264479241457 -0.0044185006027115245 -0.00083991350979577902 0.0048764506122988853 0.00091580071531775016 -0.010558277410319734 0.010004760448388869 0.026153006304057164 0.00049135097004885211 0.017263608568026313 0.025994825371738195 0.0072675562411249998 0.0050151615898470754 -0.0017365996181541044 -0.00049702047851825479 -0.0056637984008871952 0.0056547178824634609 0.0014823515190411079 6.9139667721459237e-05
leaf_weight=0.038264718970850597 0.14474040558445722 1.7767970832620468 0.13838174580610108 0.68526484637845886 2.0176120304294045 0.35059850462084774 0.016100935827871754 0.14914672346478131 0.54709147402888902 0.29727858478872804 0.096178481461706156 0.28452590412462164 0.16289063967576567 0.020661039437982143 0.2550601926398598 0.20737666716513559 1.0406484779955461 0.39716961866270128 0.58452725830784436 0.48376185199686006 0.21097096628889744 0.10764370799915923 0.035857557431285048 0.13168228681206529 0.12569874985729257 0.110211012962111 0.030777997357404274 0.0018139385265386601
leaf_count=4288 572 293964 5119 3726 474 115 8409 23206 1196 3662 31217 186 1152 14 308 145 987 410 200 73 475 10 1923 94 10940 254 55 13
internal_value=0.00359698 -0.00350477 -0.00851416 0.00273185 0.0132911 0.000591217 -0.0209774 -0.0235111 -0.0105404 0.00303124 0.0196528 0.0111911 -0.0134722 0.0139183 0.0162664 -0.000801238 0.01946 0.0221738 0.0135708 0.0240769 0.000941272 -0.00193733 -0.0269368 -0.017801 -0.00474634 0.0048582 -0.000253971 -0.0274853
internal_weight=10.4487 6.39924 5.78104 3.44936 4.04949 2.03188 2.33168 2.20536 1.19497 0.647877 0.618205 2.46952 0.979838 2.33114 2.18478 0.462437 1.72234 1.43782 0.836911 0.522027 0.360118 0.252384 1.84525 0.816947 0.14636 0.126312 0.0666356 1.77861
internal_count=393187 386958 351380 23081 6229 5755 328299 319636 4973 3777 35578 18109 4972 12990 2036 453 1583 1397 782 4361 23681 582 295955 3820 10954 8663 1978 293977
is_linear=0
shrinkage=0.05


Tree=172
num_leaves=31
num_cat=0
split_feature=11 24 44 43 47 46 20 41 35 46 0 37 19 20 31 43 24 19 43 2 47 33 33 47 20 47 34 26 34 37
split_gain=0.45784 0.397237 0.356762 0.51884 0.319577 0.399694 0.291138 0.231741 0.159704 0.173824 0.147509 0.139154 0.138444 0.133431 0.0809501 0.0707866 0.0695101 0.0451774 0.0411235 0.0365006 0.035877 0.0192788 0.018052 0.0167881 0.0118538 0.00956336 0.00795708 0.00614442 0.00439737 0.00328003
threshold=-0.3647803515195846 99.704143524169936 1.5000000000000002 2.5000000000000004 129.50000000000003 143.50000000000003 0.53469792008399974 3.5000000000000004 1.0000000180025095e-35 134.50000000000003 26.823730468750004 4.5000000000000009 87.585617065429702 0.86684024333953869 1.0000000180025095e-35 4.5000000000000009 93.492378234863295 91.010101318359389 1.5000000000000002 2.5000000000000004 108.50000000000001 0.77500000596046459 0.58571431040763866 107.50000000000001 0.89542675018310558 135.50000000000003 0.21807064861059192 1.5000000000000002 0.8441295623779298 4.5000000000000009
decision_type=8 2 2 2 2 2 2 2 2 2 2 2 2 2 2 2 2 2 2 10 2 2 2 2 2 2 2 2 2 2
left_child=4 8 6 14 7 16 -3 -1 10 11 20 -10 -5 -9 -4 18 -6 21 22 -7 23 -17 -12 -2 -16 -11 -18 -13 29 -20
right_child=1 2 3 12 5 19 -8 13 9 25 15 27 -14 -15 24 17 26 -19 28 -21 -22 -23 -24 -25 -26 -27 -28 -29 -30 -31
leaf_value=-0.0054026469460031487 -0.0036265020776272668 -0.0029436239724173873 -0.024148441987147051 -0.0060702764284711053 -0.019791381682361588 0.020314911044533 0.030152747800037932 -0.0029104966869612156 -0.025465941882443117 0.0077277302717582309 -0.0028086564528400134 0.0056652161101807992 0.021277690202482723 0.039585374879217053 -0.0037083046931880221 0.0038560655096384882 0.0048544472895198035 0.016321524741090939 -0.0095431779204807714 -0.0018232129813870058 -0.015062233780456215 -0.005671558694783997 0.007183486180557079 0.005296185931188452 0.003384438840235017 -0.0014155249423510126 -0.0019188295074019928 -0.0012662552650910023 0.00043970099618637185 0.00037285887372305506
leaf_weight=0.11975795751448037 0.077242443714906517 0.76559482399079593 0.96047338816327987 0.13986613494574829 0.64287357640125697 0.47355194798626599 0.92807278470763777 0.061690888656812604 2.0309348328765902 0.1457559938149301 0.058993261759581861 0.11787861569331415 0.68464809887063893 0.76785290980069476 0.079289639527075906 0.080955437603904556 0.095465455981411651 0.51246768151122524 0.22642148691971897 0.037815823626885958 0.42506403465387166 0.12465529545443133 0.22394819393099397 0.10576222060257123 0.30170059995089105 0.029121148472597724 0.038679841492296418 0.025699910259618264 0.035099086899549548 0.011558100197646581
leaf_count=8166 1767 157 48 5216 138740 475 293 40179 132776 16 3639 89 50 3344 952 949 30 84 14280 8667 18703 10 266 163 11 8584 2045 2450 393 604
internal_value=0.00245156 -0.00351119 0.00718702 -0.00568958 0.0184374 -0.000501222 0.0196533 0.0312119 -0.0127777 -0.0193331 -0.000726284 -0.0227283 0.0158541 0.0365616 -0.0200469 0.00766092 -0.0164263 0.0130817 -0.00324789 0.0185547 -0.0121356 -0.00183336 0.00453479 0.00164809 0.000291958 0.00629627 0.00293157 0.00440217 -0.00853966 -0.00914942
internal_weight=10.3289 8.0912 3.85965 2.16598 2.23769 1.28839 1.69367 0.949302 4.23156 2.34939 1.88217 2.17451 0.824514 0.829544 1.34146 1.2741 0.777019 0.718078 0.55602 0.511368 0.608069 0.205611 0.282941 0.183005 0.38099 0.174877 0.134145 0.143579 0.273079 0.23798
internal_count=393146 191500 6727 6277 201646 149957 450 51689 184773 143915 40858 135315 5266 43523 1011 20225 140815 1043 19182 9142 20633 959 3905 1930 963 8600 2075 2539 15277 14884
is_linear=0
shrinkage=0.05


Tree=173
num_leaves=25
num_cat=0
split_feature=24 18 13 44 41 41 16 23 16 13 45 41 41 1 44 23 34 24 44 25 34 37 48 37
split_gain=0.620016 0.321132 0.344144 0.273474 0.37135 0.222676 0.276161 0.182612 0.162778 0.154153 0.147331 0.140696 0.114638 0.112173 0.106406 0.0975448 0.0510186 0.0423966 0.0404346 0.0341406 0.0227712 0.0219808 0.00594983 0.000102516
threshold=99.704143524169936 91.54584121704103 1.5000000000000002 1.0000000180025095e-35 45.500000000000007 24.500000000000004 27.072835922241214 93.44086074829103 91.820003509521499 62.500000000000007 0.52084001898765575 22.500000000000004 12.500000000000002 15.500000000000002 4.5000000000000009 42.206478118896491 0.70294117927551281 87.821357727050795 1.5000000000000002 3.5000000000000004 0.91987180709838878 4.5000000000000009 1.5000000000000002 5.5000000000000009
decision_type=2 2 2 2 2 2 2 2 2 2 2 2 2 8 2 2 2 2 2 2 2 2 2 2
left_child=1 9 7 -4 17 6 11 13 15 20 -6 -2 14 -3 -8 22 -11 -5 -17 -20 21 -1 -7 -23
right_child=5 2 3 4 10 8 12 -9 -10 16 -12 -13 -14 -15 -16 18 -18 -19 19 -21 -22 23 -24 -25
leaf_value=-0.029006965533206638 -0.014060860138904636 0.0073395017096415903 0.012257445070731066 -0.028768862139168117 -0.0091933905247823765 -0.0010273603339970153 0.033840576659169834 0.020805429238425623 0.012303337773372582 -0.0062752908764198648 0.0150699072786786 0.0098718490125835456 -0.0028528533175749184 -0.013103485033434115 0.00030154746120154494 0.0022289945568260902 0.0086778590237066751 0.001125829519012802 -0.019680269260009254 0.0013585913061456088 0.00050256677643018813 0.0003091731511739805 0.0067121285511157446 -0.00039759559810562746
leaf_weight=1.2471021363036667 0.3339755897117701 0.44817103609318554 0.25946620370450579 1.2654796864571269 0.22129923356408188 0.020718976330272421 1.356432727970059 1.0095853175441787 0.26397795880620833 0.14297136615241601 0.49509668491600678 0.21066911233606334 0.10926536591898628 0.33063833093416406 0.28299341910064857 0.057592193393702473 0.19980140958480774 0.04785955573765921 0.58406476830350584 0.080488129921945983 0.03584222475478771 0.064343938359456732 0.14176074106927672 0.0080101391105245057
leaf_count=329694 652 180 21 5602 4868 1407 708 57 15 32322 563 27 599 2240 2380 106 1575 33 2421 103 63 4582 199 2558
internal_value=0.000120544 -0.00940793 -0.000443418 -0.0113263 -0.0173918 0.014628 0.0213036 0.0125532 -0.00241244 -0.0227917 0.00658536 -0.00440574 0.0280007 -0.0038268 0.0303588 -0.0110019 0.00241234 -0.0276637 -0.0158811 -0.0178468 -0.0274839 -0.028133 0.00569042 -6.68751e-05
internal_weight=9.21761 5.77567 4.0776 2.2892 2.02974 3.44194 2.29334 1.78839 1.1486 1.69807 0.716396 0.544645 1.74869 0.778809 1.63943 0.884625 0.342773 1.31334 0.722145 0.664553 1.3553 1.31946 0.16248 0.0723541
internal_count=392975 384358 13564 11087 11066 8617 4366 2477 4251 370794 5431 679 3687 2420 3088 4236 33897 5635 2630 2524 336897 336834 1606 7140
is_linear=0
shrinkage=0.05


Tree=174
num_leaves=25
num_cat=0
split_feature=47 44 33 19 34 41 1 33 47 47 13 18 46 41 24 23 16 48 47 47 39 47 19 47
split_gain=0.548832 0.43895 0.395982 0.318027 0.373421 0.28666 0.255802 0.182574 0.175179 0.136183 0.135069 0.0851828 0.0697958 0.0678106 0.0539392 0.034407 0.0397637 0.0222463 0.0128977 0.0118882 0.0113076 0.00654438 0.00530658 0.00482691
threshold=104.50000000000001 1.5000000000000002 0.77500000596046459 36.237373352050788 0.22902098298072818 10.500000000000002 69.500000000000014 0.64583334326744091 146.50000000000003 131.50000000000003 6.5000000000000009 89.417694091796889 47.500000000000007 22.500000000000004 95.940452575683608 85.215545654296889 80.735492706298842 7.5000000000000009 166.50000000000003 167.50000000000003 0.77500000596046459 134.50000000000003 99.333332061767592 123.50000000000001
decision_type=2 2 2 2 2 2 10 2 2 2 2 2 2 2 2 2 2 2 2 2 2 2 2 2
left_child=7 3 6 -2 -5 -6 18 22 11 14 15 21 -12 -10 -4 16 -11 -8 20 -20 -3 23 -1 -7
right_child=1 2 9 4 5 8 17 -9 13 10 12 -13 -14 -15 -16 -17 -18 -19 19 -21 -22 -23 -24 -25
leaf_value=-0.0055372183116872385 -0.013959342219569806 -0.024376830629314918 -0.012573284590518818 -0.012377586079729982 0.032593737935234394 -0.0025571244987163911 -0.0023048884570097557 0.032027549415693961 -0.0041424133161160051 0.0066984103382309607 0.0056246894829191547 0.0054378667553900452 -0.011366354288578767 0.016558940571089174 0.0039731864552456139 0.019533929153107372 -0.0064470359598600997 0.010661519759513917 0.00292945650780066 -0.0045654634585726378 0.0004584766035388474 -0.016474322151448693 0.0010847654487426588 0.0022412586898821175
leaf_weight=0.12323861007786341 0.33227162888364459 2.8984846641850779 0.45084145340450765 0.31952702884554218 1.2558216720918838 0.051257281300536084 0.048084920634323569 0.70082398984118299 0.088174790532661973 0.1578624937019979 0.30633786866883372 0.12125567435623452 0.2904129855655242 0.48711736997438493 0.17669120727396148 0.77874670446033178 0.14442170675556554 0.18961016409843978 0.10293591369833155 0.099383625679372756 0.0094509956854834654 0.4024016100784138 0.036273078779004209 0.053196922771576283
leaf_count=18395 2897 310266 801 8056 3564 1273 7516 574 518 226 194 27 2013 1504 16 268 431 11 1917 28406 7 1956 229 1343
internal_value=0.00177919 -0.00312102 -0.0107997 0.0100653 0.015872 0.0220596 -0.0198003 0.0265424 0.0012632 0.00430744 0.0103832 -0.0106467 -0.00458403 0.0127706 -0.0083357 0.016878 0.000290037 0.00829553 -0.0234433 -0.00148729 -0.0241994 -0.0155498 -0.00439453 -0.000296716
internal_weight=9.62462 8.76429 5.65326 3.11102 2.77875 2.45923 3.34795 0.860336 1.2034 2.30531 1.67778 0.628111 0.596751 0.575292 0.627533 1.08103 0.302284 0.237695 3.11026 0.20232 2.90794 0.506856 0.159512 0.104454
internal_count=392408 373210 352072 21138 18241 10185 348123 19198 6621 3949 3132 4599 2207 2022 817 925 657 7527 340596 30323 310273 4572 18624 2616
is_linear=0
shrinkage=0.05


Tree=175
num_leaves=31
num_cat=0
split_feature=20 34 41 47 34 13 1 44 32 0 38 47 20 21 16 20 19 19 13 43 44 48 26 16 0 20 16 20 20 48
split_gain=0.296131 0.330988 0.180917 0.380382 0.361865 0.264217 0.28722 0.118999 0.118279 0.105066 0.0918932 0.0879416 0.0826167 0.0838632 0.0759753 0.0683705 0.0558502 0.0653735 0.0479941 0.0323074 0.0320384 0.0248501 0.00992445 0.00791691 0.0044539 0.00189293 0.000911622 0.000868453 0.0013448 0.000102833
threshold=0.82545602321624767 0.91987180709838878 9.5000000000000018 149.50000000000003 0.53452381491661083 1.5000000000000002 39.500000000000007 1.5000000000000002 0.77500000596046459 19.587402343750004 4.5000000000000009 158.50000000000003 0.38908314704895025 13.484848499298097 91.820003509521499 0.86001089215278637 92.907444000244155 93.127067565917983 66.500000000000014 1.5000000000000002 1.0000000180025095e-35 11.500000000000002 1.5000000000000002 87.939392089843764 38.766113281250007 0.91112279891967785 54.923507690429695 0.90695807337760936 0.88058206439018261 12.500000000000002
decision_type=2 2 2 2 2 2 10 2 2 2 2 2 2 2 2 2 2 2 2 2 2 2 2 2 2 2 2 2 2 2
left_child=1 21 4 10 5 8 7 -7 15 -8 14 18 -3 -14 16 24 20 -18 -5 -19 -4 -1 -15 -13 -2 27 -24 28 -21 -23
right_child=2 12 3 11 -6 6 9 -9 -10 -11 -12 23 13 22 -16 -17 17 19 -20 25 -22 29 26 -25 -26 -27 -28 -29 -30 -31
leaf_value=-0.026046479705288145 -0.00070984132193888452 -0.0066749799331522171 0.00089542591791002776 0.02053858010464707 0.022429105998097092 0.0030022904724946674 0.015692233196294088 -0.025356001657321936 0.018198540927295566 -0.0066550028360971257 0.0048797503333720422 -0.0052916044495237508 -0.0051073365751208282 0.01747350479190924 0.0022579368147800688 -0.010844942598313211 0.0074341498276802977 0.0026322579490017416 -0.0023403430596197323 0.00080754676282302406 -0.025733562112762506 0.00078588827771775319 -0.0011068574056862337 0.0014988939504192013 0.0072596458698841798 -0.01201348207120867 0.00099085320780737708 0.00087469730697846112 -0.002008011765799188 -0.00016163704552769851
leaf_weight=1.0044451426308567 0.014393996051751623 0.14116646048182691 0.05051702964192395 0.6468363942834684 1.8948081795579694 0.21699865491643755 0.37108264805107172 0.97312273019997519 0.68147649472558669 0.15176491948267312 0.11413615955194689 0.12694137540304951 0.10007433735074756 0.45373959080927762 0.23393677433375604 0.25670538247868535 0.14175444458260245 0.13386384134923901 0.048515922496449093 0.022943498847951105 0.87112142690568817 0.039699537667956863 0.022515244881049057 0.13843583525476788 0.13851146214443588 0.32801957857833486 0.052808513468107776 0.031478571368324992 0.040673654525051006 0.0032432118746328334
leaf_count=320874 3059 89 31 4867 773 178 676 15877 197 1656 746 7991 30 101 345 3229 56 56 1128 309 22633 2866 1947 407 106 1290 133 67 249 1232
internal_value=6.93947e-05 -0.0140101 0.00465935 -0.00425462 0.00998765 -0.00210557 -0.0119892 -0.0211754 0.0117244 0.00909503 -0.0147653 0.0138279 0.00682234 0.0120891 -0.0172605 -0.00431592 -0.0198647 -0.0028509 0.0185034 -0.00856203 -0.0245676 -0.0251803 0.0165548 -0.00336416 0.00654445 -0.0114646 -8.23937e-05 -0.000329997 -0.00118803 0.00062796
internal_weight=9.44573 1.81769 7.62804 2.92917 4.69886 2.80406 1.71297 1.19012 1.09109 0.522848 1.96844 0.96073 0.770304 0.629138 1.85431 0.409611 1.62037 0.698734 0.695352 0.556979 0.921638 1.04739 0.529063 0.265377 0.152905 0.423115 0.0753238 0.0950957 0.0636172 0.0429427
internal_count=393198 327272 65926 40175 25751 24978 18387 16055 6591 2332 25782 14393 2300 2211 25036 6394 24691 2027 5995 1971 22664 324972 2181 8398 3165 1915 2080 625 558 4098
is_linear=0
shrinkage=0.05


Tree=176
num_leaves=32
num_cat=0
split_feature=47 44 34 35 20 47 48 17 13 49 16 1 48 47 41 4 2 41 41 24 2 2 1 34 1 47 37 38 47 47 38
split_gain=0.299689 0.524554 0.369502 0.347008 0.318311 0.263282 0.226764 0.223418 0.101084 0.1003 0.0763808 0.0844285 0.0721639 0.0695523 0.0667948 0.0328799 0.0479423 0.0184903 0.0517711 0.0160751 0.0127643 0.0109818 0.00885945 0.00866141 0.0082182 0.00696883 0.00477813 0.00509444 0.0017216 0.00463055 2.0045e-05
threshold=104.50000000000001 1.5000000000000002 0.20942982286214831 1.0000000180025095e-35 0.53469792008399974 144.50000000000003 7.5000000000000009 82.413585662841811 61.500000000000007 1.0000000180025095e-35 95.101959228515639 5.5000000000000009 3.5000000000000004 165.50000000000003 7.5000000000000009 1.0000000180025095e-35 1.5000000000000002 10.500000000000002 45.500000000000007 87.821357727050795 3.5000000000000004 3.5000000000000004 1.5000000000000002 0.95619046688079845 69.500000000000014 151.50000000000003 1.0000000180025095e-35 4.5000000000000009 124.50000000000001 123.50000000000001 5.5000000000000009
decision_type=2 2 2 2 2 2 2 2 2 2 2 8 2 2 2 2 10 2 2 2 10 10 8 2 10 2 2 2 2 2 2
left_child=3 2 19 14 9 6 10 -7 12 -4 26 -12 15 28 22 20 -17 -6 -19 -2 -9 -18 -1 -5 -8 -20 -3 -28 29 -11 -29
right_child=1 5 4 23 17 7 24 8 -10 13 11 -13 -14 -15 -16 16 21 18 25 -21 -22 -23 -24 -25 -26 -27 27 30 -30 -31 -32
leaf_value=0.0032526083968223759 -0.012950049611448826 -0.0020465554903073484 0.0091896692305602316 -0.0091079222667752816 0.033690393791560379 -0.013334408812519866 -0.00088059868389216058 -0.0041200622810053395 -0.0061336445123355105 -0.0026246110716812076 0.008897967282231618 -0.0091923648082190348 -0.0029653981811218026 0.0049045721851210967 0.037167781363217141 0.021398811502022816 -0.0040902945903611744 -0.0052424330261129602 0.010829036848654508 0.0013513803526840507 0.003553130625859019 0.0030584544599683064 -0.0031879469507493288 0.0010545542156165046 0.010469900610263344 -0.0006437281260963521 -0.023174126548301699 0.00020347833133823606 -0.015084429405629003 0.0021050229245794918 -0.00012237283680906035
leaf_weight=0.068609965385804439 0.3400511206206559 0.23788563977626731 0.20615767213367098 0.22113750733616655 1.2005997406013476 0.36140558291506897 0.017890608480968129 0.085826850001353372 0.13803787332233231 0.052881123128997842 0.23603418976563251 0.35569869308892521 0.20451292002741173 0.098926242748291315 0.46692945293057164 1.1086342731518923 0.083642451479761459 0.12983629753421144 0.34515729638115999 0.027275392463025128 0.09151400552815403 0.099935520313977122 0.067400851390686967 0.026497284729884996 0.18724015199768473 0.028503764701753198 2.0051141002457844 0.014162049500839546 0.37926874825235757 0.04243368219988497 0.0024534225465799855
leaf_count=22 7935 7820 2417 14751 2280 149736 5646 437 2248 979 53 1038 284 261 2838 278 321 902 2334 14 1431 1073 1487 164 12 607 177891 2649 3347 91 1685
internal_value=0.00589457 0.00154022 0.0159058 0.0240768 0.0221657 -0.00758713 -0.0152893 0.00464875 0.0117017 -0.00275365 -0.0190984 -0.00091968 0.0149161 -0.0101587 0.0340596 0.0175977 0.019219 0.030369 0.00530868 -0.0116764 -0.000505701 -0.000902614 6.42181e-05 -0.00804685 0.00957069 0.0101224 -0.0221163 -0.023019 -0.0144953 -0.000519537 8.23192e-05
internal_weight=8.93165 8.08108 2.85109 0.850575 2.48376 5.22999 3.05648 2.17351 1.8121 0.779667 2.85135 0.591733 1.67407 0.57351 0.60294 1.46955 1.29221 1.7041 0.503497 0.367327 0.177341 0.183578 0.136011 0.247635 0.205131 0.373661 2.25962 2.02173 0.474584 0.0953148 0.0166155
internal_count=393031 373769 21167 19262 13218 352602 196794 155808 6072 7095 191136 1091 3824 4678 4347 3540 1672 6123 3843 7949 1868 1394 1509 14915 5658 2941 190045 182225 4417 1070 4334
is_linear=0
shrinkage=0.05


Tree=177
num_leaves=25
num_cat=0
split_feature=47 33 1 29 18 1 33 33 23 26 13 38 38 34 37 37 34 33 2 1 13 50 13 34
split_gain=0.495504 0.377826 0.274589 0.413151 0.350828 0.257351 0.213504 0.169413 0.166451 0.155002 0.146652 0.120628 0.102737 0.069638 0.0541834 0.0477767 0.037344 0.0270686 0.0232399 0.0216387 0.00943634 0.00449264 0.00213807 0.00167121
threshold=104.50000000000001 0.81666666269302379 6.5000000000000009 1.0000000180025095e-35 74.601570129394545 69.500000000000014 0.81666666269302379 0.64583334326744091 30.094339370727543 4.5000000000000009 61.500000000000007 1.5000000000000002 4.5000000000000009 0.95619046688079845 1.5000000000000002 2.5000000000000004 0.82480818033218395 0.77500000596046459 13.500000000000002 70.500000000000014 6.5000000000000009 99.655174255371108 57.500000000000007 0.39208073914051061
decision_type=2 2 8 2 2 10 2 2 2 2 2 2 2 2 2 2 2 2 8 10 2 2 2 2
left_child=6 2 3 11 8 9 7 21 13 12 14 -2 -4 -5 -3 -6 -12 -11 -10 -7 -16 -1 -22 -14
right_child=1 10 5 4 15 19 -8 -9 18 17 16 -13 23 -15 20 -17 -18 -19 -20 -21 22 -23 -24 -25
leaf_value=-0.0045655122035911455 0.00077901079033661181 0.020188339098750334 -0.030864196472850398 -0.0056334142114996873 0.023238180434455101 0.010392978445008942 -0.005595626985222743 0.036013530405576692 0.0011775526845001782 -0.0041411794571591656 -0.010368318023788773 -0.022346737215383036 -0.00060847723691533258 0.01275971697598479 0.0044607159665148348 -0.00052927178717340111 0.0038938479682450581 0.0073191349960219382 -0.018527062107877044 -0.0023051895792334629 -0.0025992401184287642 0.0011337227752371149 0.0007636483594313212 0.0033010118206501684
leaf_weight=0.099584038080266946 0.71976921481234313 1.2044527591597218 1.5379676796545925 0.12025494025010652 1.3801974972615196 0.18632130740672881 0.16561126498299927 0.65788976965473012 0.040095533307280107 0.085228078670276264 0.25322185020172572 0.83610017388514279 0.012318601889575009 0.34221906769539601 0.27864969247900706 0.18399147007920635 0.081762706337030977 0.14499027189253866 0.51595541136148881 0.048097139731282823 0.29666347427951223 0.036171367766883122 0.18434517141622564 0.071872330779513049
leaf_count=18410 301 498 331566 1292 1389 230 52 510 591 8854 1009 162 6550 60 49 322 16 23 11686 7598 398 240 152 1616
internal_value=0.00244535 -0.00248857 -0.00867259 -0.00020478 0.0107848 -0.0199594 0.0251824 0.0311439 -0.00794935 -0.0250752 0.0118094 -0.0155294 -0.0287588 0.00739533 0.0161067 0.0213264 -0.00657804 0.00315896 -0.0172626 0.00803079 0.00184 -0.00338579 -0.00166503 0.00269537
internal_weight=9.48373 8.52447 6.22538 4.13858 2.58271 2.0868 0.959256 0.793645 1.01852 1.85238 2.2991 1.55587 1.62216 0.462474 1.96411 1.56419 0.334985 0.230218 0.556051 0.234418 0.759658 0.135755 0.481009 0.0841909
internal_count=393574 374362 372240 15803 15340 356437 19212 19160 13629 348609 2122 463 339732 1352 1097 1711 1025 8877 12277 7828 599 18650 550 8166
is_linear=0
shrinkage=0.05


Tree=178
num_leaves=28
num_cat=0
split_feature=41 7 19 26 43 21 24 18 17 46 17 1 44 23 47 12 20 49 13 49 47 19 47 33 25 49 1
split_gain=0.507923 0.396902 0.57449 0.314863 0.24591 0.231615 0.20793 0.240601 0.190016 0.233724 0.131352 0.126665 0.114424 0.0996385 0.0954859 0.0743435 0.0583661 0.0332494 0.0258174 0.0259682 0.024905 0.0177732 0.0157644 0.0089121 0.000684493 0.000424845 2.96794e-05
threshold=1.5000000000000002 1.0000000180025095e-35 37.590579986572273 4.5000000000000009 3.5000000000000004 15.894736766815187 92.921337127685561 94.201679229736342 82.807880401611342 31.500000000000004 62.115564346313484 2.5000000000000004 2.5000000000000004 91.06858062744142 148.50000000000003 3.5000000000000004 0.86684024333953869 4.5000000000000009 65.500000000000014 1.5000000000000002 103.50000000000001 88.303691864013686 108.50000000000001 0.73214286565780651 1.5000000000000002 14.500000000000002 1.5000000000000002
decision_type=2 2 2 2 2 2 2 2 2 2 2 8 2 2 2 2 2 2 2 2 2 2 2 2 2 2 8
left_child=6 2 5 18 12 -2 15 14 10 -10 24 -7 -3 -14 -8 17 -12 -1 25 -20 -18 -5 -17 -15 26 -4 -6
right_child=1 4 3 21 8 11 7 -9 9 -11 16 -13 13 23 -16 22 20 -19 19 -21 -22 -23 -24 -25 -26 -27 -28
leaf_value=-0.024912352873824983 -0.0082901513126666156 0.010489415080843556 -0.026614662677694523 -0.0016794511024073951 0.00036206282487260616 0.028695907684726237 -0.016496425320626618 0.016082730390032159 0.014983754160421575 -0.012845965000405518 -0.0013382837104802055 -0.0040483862132018661 -0.015296714884035582 0.0070238337486078417 0.005313650301041084 0.0052218685271568878 0.00011869959967377405 0.0012966454922634634 -0.0064121637118984501 0.0044246907553413322 0.039324806929587099 0.011631666226224011 -0.0034622760491755502 -0.00088970495379870533 -0.0031090735971142742 -1.930129357626645e-05 -0.00010199238707217831
leaf_weight=1.1042636405913198 0.180365435716624 0.52667174628868474 1.2049667895983656 0.034434193629756638 0.007240489125252104 0.74056870069716751 0.55228187436108556 0.53554511057609488 0.89104777630313925 0.3214709225895831 0.027383961150860503 0.087808725643981234 0.41910220660923869 0.1600664466381545 0.17568504276442809 0.10278944787961575 0.047452531897988481 0.027274956932302419 0.14601465795163893 0.13001578229849997 1.1895047248640933 0.24989841165768212 0.074103751789550643 0.22633886313275298 0.066018535058020689 0.0029558732201168105 0.0020439879906746219
leaf_count=27732 2343 569 234669 7779 1 757 708 124 247 2381 8003 29081 6781 353 279 180 325 274 21079 413 5687 179 4357 143 37442 399 1190
internal_value=0.00374408 0.0107068 -0.00330769 -0.01743 0.0193521 0.0178011 -0.0122383 0.00235733 0.0262259 0.00513416 0.0349623 0.0249092 0.000584572 -0.00811438 -0.0112039 -0.0212484 0.0374728 -0.0239687 -0.0245787 -0.00184044 0.0385462 0.00996714 0.00173319 0.00509017 -0.00283813 -0.0265878 0.000260069
internal_weight=9.23331 6.66137 2.77703 1.76829 3.88434 1.00874 2.57194 1.26351 2.55216 1.21252 1.33964 0.828377 1.33218 0.805508 0.727967 1.30843 1.26434 1.13154 1.48395 0.27603 1.23696 0.284333 0.176893 0.386405 0.075303 1.20792 0.00928448
internal_count=393475 359821 296699 264518 63122 32181 33654 1111 55276 2628 52648 29838 7846 7277 987 32543 14015 28006 256560 21492 6012 7958 4537 496 38633 235068 1191
is_linear=0
shrinkage=0.05


Tree=179
num_leaves=30
num_cat=0
split_feature=0 2 50 13 33 13 43 43 34 38 47 48 20 47 13 1 41 50 41 35 45 16 46 23 47 47 46 35 46
split_gain=0.454272 0.384343 0.33918 0.200347 0.198912 0.247994 0.20298 0.200397 0.17114 0.14588 0.138202 0.117839 0.127325 0.0788788 0.0717892 0.0434811 0.0388657 0.0312419 0.0294624 0.0189561 0.0137904 0.0094842 0.00839827 0.00678395 0.00660791 0.0708318 0.00621575 0.00237691 0.000152204
threshold=9.1186523437500018 2.5000000000000004 30.303404808044437 60.500000000000007 0.64583334326744091 6.5000000000000009 3.5000000000000004 1.5000000000000002 0.7947368621826173 2.5000000000000004 121.50000000000001 4.5000000000000009 0.86684024333953869 123.50000000000001 65.500000000000014 1.5000000000000002 3.5000000000000004 99.655174255371108 5.5000000000000009 1.0000000180025095e-35 0.78297075629234325 86.295150756835952 32.500000000000007 99.090908050537124 150.50000000000003 170.50000000000003 22.500000000000004 1.5000000000000002 41.500000000000007
decision_type=2 8 2 2 2 2 2 2 2 2 2 2 2 2 2 8 2 2 2 2 2 2 2 2 2 2 2 2 2
left_child=1 3 13 11 9 6 7 -6 -7 14 23 12 -1 -2 17 -15 20 -4 27 -16 22 -20 -12 -8 -14 -26 -18 -11 -28
right_child=2 -3 4 -5 5 8 10 -9 -10 18 16 -13 24 15 19 -17 26 -19 21 -21 -22 -23 -24 -25 25 -27 28 -29 -30
leaf_value=-0.003395400005630704 -0.0038526630894081346 -0.011966604412984274 -0.0282468330144043 -0.0060603324360312804 0.0082021158575826814 -0.022828456490406879 -0.0071077353485029847 -0.016375338749027017 0.0047198395066906035 -0.00034933054891899318 -0.005265156268527256 -0.0034398119780941236 0.035743358575801694 0.022433286166630571 0.005060463653904286 -0.00193810759493219 0.022522404313503677 -5.640246796029961e-06 -0.0059246664737856534 -0.0042613965747868039 0.0043947187787953612 0.0018527444203578617 0.0017025706770296774 0.00075590991997299744 -0.0065505494803657907 0.011396167445879799 7.4783537960957335e-05 0.0078546544482319784 0.002529323855576603
leaf_weight=0.072369577172310406 0.080818337577127752 0.31294255264748461 1.2500985624985501 0.13736342256083833 0.67939816715863799 0.83904643508935783 0.15902391809942185 0.84817749250044017 0.39325899372897766 0.0070339393546986475 0.11079278500523049 0.073160862062081722 1.0724635576951298 0.392702219941782 0.1044028604248125 0.040309081246874712 0.78682869233847419 0.10280281455209195 0.13124612402049962 0.09237263757301406 0.16020087482195322 0.03722445113436379 0.10274206550172948 0.13135815796067618 0.14612244067620839 0.20674342226652698 0.13313531717051319 0.1686934616486937 0.16585727993577848
leaf_count=8514 8609 169532 126748 1646 252 4957 639 333 86 5029 133 80 1277 301 1954 24159 205 438 25518 9259 84 24 300 24 656 120 165 1641 528
internal_value=0.000200172 0.0166772 -0.00611239 0.0244056 -0.00992175 -0.00269961 0.00480004 -0.006524 -0.015861 -0.0202439 0.0134629 0.0283908 0.0307003 0.0165558 -0.0245641 0.0203953 0.0180541 -0.0270153 0.00301098 0.000780228 0.00082094 -0.00409128 -0.00327226 -0.00572143 0.0331177 0.00461577 0.0207483 0.00750845 0.00233533
internal_weight=8.93869 2.02117 6.91752 1.70822 6.4037 4.50982 3.27751 1.52758 1.23231 1.89387 1.74994 1.57086 1.4977 0.51383 1.54968 0.433011 1.45956 1.3529 0.344198 0.196775 0.373736 0.168471 0.213535 0.290382 1.42533 0.352866 1.08582 0.175727 0.298993
internal_count=393211 181825 211386 12293 178317 7706 2663 585 5043 170611 2078 10647 10567 33069 138399 24460 1415 127186 32212 11213 517 25542 433 663 2053 776 898 6670 693
is_linear=0
shrinkage=0.05


Tree=180
num_leaves=32
num_cat=0
split_feature=47 47 24 35 24 35 47 24 20 1 26 47 37 23 21 25 47 37 19 37 20 27 8 20 19 13 13 43 47 17 23
split_gain=0.354879 0.498267 0.429393 0.324119 0.264867 0.188397 0.149067 0.167654 0.151869 0.117259 0.113268 0.106502 0.101887 0.0927349 0.0601867 0.0577445 0.0227597 0.0222425 0.0167642 0.0132026 0.013106 0.00534882 0.00273687 0.00236093 0.00189003 0.00183828 0.00156024 0.00148336 0.000565685 0.000161063 4.37729e-06
threshold=104.50000000000001 143.50000000000003 87.821357727050795 1.5000000000000002 1.0000000180025095e-35 1.0000000180025095e-35 129.50000000000003 99.704143524169936 0.89223185181617748 1.5000000000000002 3.5000000000000004 93.500000000000014 1.0000000180025095e-35 85.912700653076186 91.596042633056655 1.5000000000000002 131.50000000000003 4.5000000000000009 88.589511871337905 6.5000000000000009 0.93925386667251598 2.5000000000000004 1.0000000180025095e-35 0.90287086367607128 61.633426666259773 263.00000000000006 241.50000000000003 1.0000000180025095e-35 105.50000000000001 89.825496673583999 89.725547790527358
decision_type=2 2 2 2 2 2 2 2 2 10 2 2 2 2 2 2 2 2 2 2 2 2 2 2 2 2 2 2 2 2 2
left_child=5 3 4 10 13 11 7 27 30 -4 12 24 18 14 -3 25 -12 21 -2 28 -11 -7 29 -10 -1 26 -14 -5 -17 -18 -8
right_child=1 2 9 6 -6 17 8 -9 23 20 16 -13 15 -15 -16 19 22 -19 -20 -21 -22 -23 -24 -25 -26 -27 -28 -29 -30 -31 -32
leaf_value=0.00074162198271734894 -0.0036956917257322053 -0.0033063770292652236 0.02719034291978728 -0.00079240835105497489 -0.018594239681948146 -0.007515801072718143 -0.0077618893716367432 0.0084353161622525222 0.00059357225175268738 -0.0054204765092704492 -0.003835014023748533 0.03410203912944499 -0.00064953862879942622 -0.0038320607338605006 0.018375392739906321 -5.3548026044932998e-05 -0.00069459679360812368 0.0037057669766857081 0.0050880015863459787 0.00035296821088851103 0.0027466442073965751 0.00070036478811055986 0.0071257512640434412 0.018120581738348296 -0.003051169130535214 -0.00098387991167422115 0.0028993790768513574 -0.017190618842845489 -0.028137595720201927 0.00028692529395910342 -3.3477671026108567e-06
leaf_weight=0.016959287406962065 0.078238717050396978 0.070645584693465713 1.6278354766329526 0.11561241972188474 0.68170247666616757 0.1904924578047229 0.18354194912608768 0.36385667672033151 0.089695891394455884 0.1175073141172619 0.081912238272025095 0.55530508846953808 0.013051787784973956 0.53970899548278339 0.47055120196290545 0.0056153545752407599 0.014019622454007674 0.076086112993721144 0.16986929516377813 0.016432951662863959 0.071670528472509432 0.049515135224339701 0.13840842186874625 0.85459831506307182 0.075578989051223289 0.019989266070979284 0.057759962296643153 0.47832312931600995 1.6162827937666646 0.0060292690479855074 0.0010452895245407481
leaf_count=516 4446 21456 693 2084 141076 14321 59250 1124 517 10154 4613 2679 1495 341 563 810 4448 344 299 358 15 223 607 1879 1107 673 47 38195 78757 16 82
internal_value=0.00455083 -0.000165567 0.0119332 -0.0105802 -0.00495482 0.0235684 0.0033274 -0.00755583 0.011773 0.024259 -0.0206337 0.0306531 -0.023491 0.00844908 0.0152362 -0.0263475 0.00285978 -0.00321006 0.00157635 -0.0277869 -0.00261855 -0.00662291 0.00664361 0.0176173 -0.00231349 0.0012883 0.00224954 -0.0164984 -0.0280979 -0.000407509 -0.00775787
internal_weight=8.84784 7.8839 3.57962 4.30428 1.76261 0.963937 2.08667 0.957792 1.12888 1.81701 2.21761 0.647843 1.97724 1.08091 0.541197 1.72913 0.24037 0.316094 0.248108 1.63833 0.189178 0.240008 0.158457 0.944294 0.0925383 0.090801 0.0708118 0.593936 1.6219 0.0200489 0.184587
internal_count=393188 373998 174298 199700 163436 19190 103131 41403 61728 10862 96569 4302 86885 22360 22019 82140 9684 14888 4745 79925 10169 14544 5071 2396 1623 2215 1542 40279 79567 4464 59332
is_linear=0
shrinkage=0.05


Tree=181
num_leaves=36
num_cat=0
split_feature=47 44 20 34 43 45 46 35 27 47 47 49 28 33 18 20 35 17 19 46 50 47 25 46 24 18 47 16 47 1 47 19 17 13 1
split_gain=0.484539 0.435891 0.378918 0.311177 0.226141 0.246688 0.213007 0.199066 0.17784 0.150847 0.145932 0.11659 0.0971464 0.0925594 0.0809923 0.0459247 0.041363 0.0296045 0.0287385 0.0253942 0.0253896 0.0192732 0.0185742 0.016513 0.0126067 0.00814644 0.00610504 0.00433545 0.0035468 0.00302771 0.00278846 0.000706329 0.000506267 0.000464592 0.000135152
threshold=104.50000000000001 1.5000000000000002 0.46713979542255407 0.20942982286214831 4.5000000000000009 0.3955622017383576 143.50000000000003 1.0000000180025095e-35 2.5000000000000004 119.50000000000001 125.50000000000001 5.5000000000000009 1.5000000000000002 0.81666666269302379 87.585617065429702 0.86684024333953869 1.5000000000000002 92.40384674072267 36.237373352050788 144.50000000000003 23.531040191650394 155.50000000000003 1.5000000000000002 2.5000000000000004 87.821357727050795 93.127067565917983 112.50000000000001 99.367088317871108 112.50000000000001 1.5000000000000002 111.50000000000001 61.633426666259773 95.040985107421889 1.5000000000000002 1.5000000000000002
decision_type=2 2 2 2 2 2 2 2 2 2 2 2 2 2 2 2 2 2 2 2 2 2 2 2 2 2 2 2 2 8 2 2 2 2 8
left_child=7 2 20 24 9 6 26 15 11 16 23 12 -5 -11 -12 31 -3 -15 -13 -8 -2 -19 33 -7 -4 -16 30 -25 -18 -24 -6 -1 -33 -9 -35
right_child=1 4 3 8 5 10 19 22 -10 13 14 18 -14 17 25 -17 28 21 -20 -21 -22 -23 29 27 -26 -27 -28 -29 -30 -31 -32 32 -34 34 -36
leaf_value=0.00067490646205147636 0.001673726328314908 -0.0053195492086975486 -0.010877211688216553 0.032431276019112359 -0.0020142052651398986 0.0019276676793880511 0.011627189699817936 0.0037277197741778356 -0.0034888476571080015 -0.027056284763813079 -0.0044563853993934239 -0.0063031040574329615 -0.0026855577896806289 -0.0060028781207193127 0.020904262720347934 0.035248443466311508 -0.00046422789698642437 -0.0027548526671733221 0.0050624692863288322 -0.0023886648528954049 -0.015287504868740774 0.0078220688298446441 0.00026406321029466404 -0.010029771599251624 0.0012855958396167429 0.0044959596755688759 -0.020051495310439125 0.00040485999898797945 0.0087247382120007252 -0.0064651971869033641 0.0016666670104855648 -0.0016482628326601246 0.00037628270651834705 0.00035182619270406984 -0.00047605849209446177
leaf_weight=0.01827527759235259 0.047823936995767702 0.11513241908160443 0.27042398251460076 1.6774224498122978 0.041598305537945857 0.041238603446060895 0.20478280449691499 0.076860724935386315 0.2959328643628395 1.388885114485731 0.096129042911485274 0.12156466735507354 0.056287091568265057 0.12943264308228197 0.64557238226973346 0.53845519687490651 0.0093637637755108472 0.058230154678540202 0.12420940911471234 0.050130304344577326 0.40172749815590691 0.20172700746297778 0.10742005727519199 0.24110817522063144 0.026247832715512232 0.81941179264447328 0.97079010109655428 0.026850318696233444 0.25397863488503702 0.14262781799160962 0.034897861514195938 0.033897202800005743 0.007524792104959487 0.0075478047567685272 0.0096056774780208798
leaf_count=1300 442 13673 6415 812 2359 95 445 780 57 250373 6853 214 8214 51 273 245 5769 1049 1139 5516 3889 443 121 2698 10 192 54978 14 7283 12510 342 2766 1 15 1475
internal_value=0.00341925 -0.00162432 0.0114186 0.0183637 -0.00965523 -0.000172811 -0.012332 0.0259413 0.0238431 -0.0191303 0.00963992 0.0277288 0.0307258 -0.0233704 0.0147181 0.0335327 0.00329354 -0.000212412 -0.00110619 0.00916384 -0.0135733 0.00514678 -0.0023859 -0.00765747 -0.00963955 0.0172737 -0.0194845 -0.00948951 0.00828917 -0.00567569 -0.000346646 -0.000601851 -0.00127232 0.00355396 -0.000124022
internal_weight=9.29311 8.3509 3.02164 2.57209 5.32926 3.17251 1.3022 0.942215 2.27542 2.15675 1.87031 1.97948 1.73371 1.77827 1.56111 0.598152 0.378475 0.38939 0.245774 0.254913 0.449551 0.259957 0.344062 0.309197 0.296672 1.46498 1.04729 0.267958 0.263342 0.250048 0.0764962 0.0596973 0.041422 0.0940142 0.0171535
internal_count=392811 373598 21192 16861 352406 73765 63640 19213 10436 278641 10125 10379 9026 251916 7318 4312 26725 1543 1353 5961 4331 1492 14901 2807 6425 465 57679 2712 13052 12631 2701 4067 2767 2270 1490
is_linear=0
shrinkage=0.05


Tree=182
num_leaves=37
num_cat=0
split_feature=38 18 28 20 24 35 47 1 13 44 47 23 47 44 47 12 47 20 47 41 49 46 17 49 20 49 1 23 11 47 47 47 49 47 0 23
split_gain=0.401815 0.302104 0.277074 0.265919 0.255839 0.227986 0.184096 0.184284 0.174587 0.160265 0.159477 0.151238 0.123166 0.115084 0.0850797 0.0788802 0.0768625 0.0558803 0.0561259 0.0489812 0.0520179 0.0330835 0.0222366 0.0166422 0.0157129 0.0138823 0.0137404 0.0132984 0.0129284 0.0107977 0.00356133 0.00211507 0.00125423 0.000922633 0.000858957 0.000427971
threshold=1.5000000000000002 91.715686798095717 1.5000000000000002 0.46713979542255407 83.922328948974624 1.5000000000000002 112.50000000000001 32.500000000000007 60.500000000000007 1.0000000180025095e-35 143.50000000000003 84.29276275634767 103.50000000000001 4.5000000000000009 162.50000000000003 22.500000000000004 144.50000000000003 0.91633436083793651 112.50000000000001 1.5000000000000002 1.5000000000000002 2.5000000000000004 69.614067077636733 1.0000000180025095e-35 0.93925386667251598 4.5000000000000009 35.500000000000007 61.986864089965827 -0.44953675568103785 105.50000000000001 100.50000000000001 174.50000000000003 1.0000000180025095e-35 128.50000000000003 101.58581161499025 95.742755889892592
decision_type=2 2 2 2 2 2 2 10 2 2 2 2 2 2 2 2 2 2 2 2 2 2 2 2 2 2 10 2 10 2 2 2 2 2 2 2
left_child=1 2 3 -1 6 9 28 11 12 27 17 24 -5 15 29 19 26 18 -7 32 -21 -20 -12 -19 -8 -10 -9 33 -3 30 -11 -16 -14 -2 -24 -4
right_child=5 4 35 8 -6 10 7 16 25 14 22 -13 13 -15 31 -17 -18 23 21 20 -22 -23 34 -25 -26 -27 -28 -29 -30 -31 -32 -33 -34 -35 -36 -37
leaf_value=-0.0075013832558599655 0.00041727931602650439 0.010316930748908845 -0.0088038710409567653 -0.0030781330604802031 0.013089630533726108 -0.0030241511501122231 -0.002548919013053022 0.00169744282971476 -0.0059004185738216891 -0.0024533678463322332 -0.012291472688711114 -0.025929361808294762 -0.0014989889152854899 -0.0027683522632114912 0.0031693477106884745 -0.0018551126708377848 0.011032391095853054 -0.0058106149205720678 0.020132657127259205 0.041347307764068392 0.0037819454652371709 -0.001667596876725767 -0.00044957843904024043 0.003236534958274868 0.0070159551665231329 0.0026853833876552269 -0.0084419058103466071 0.0069870162191245522 -0.00048732387856292522 -0.026939486035435931 0.0017293932066312198 -0.00079842977603392898 0.001014376969342872 -0.0025049623998356346 0.0023231628852768884 5.5804830997985196e-05
leaf_weight=0.16559174025161461 0.033552513088778935 0.28671241111726431 0.21290567827895035 0.069173702023647698 1.2995917869927778 0.063623905328739738 0.053629239268502604 0.0726143115463741 0.13597866222343657 0.054312227664482182 0.28416739676599434 1.0663925751225631 0.030816138959209982 0.058426110719920987 0.10253780811507329 0.038497857854167594 0.35688104204422189 0.13426415802132396 0.59133404170376735 1.4265392414845335 0.32136755200571077 0.034467793586109963 0.0090606265053452262 0.076608796736763907 0.1350121335269705 0.058476177833881593 0.19979420049963892 0.17821094644253321 0.2429514790181323 1.0701301435111359 0.04241718504556502 0.016143015980624398 0.027995752716265088 0.05215470623170404 0.047518848985873774 0.0011182131125906372
leaf_count=3126 168 315 161908 1938 224 6055 2790 46 10028 4245 24225 3346 1482 32862 7482 7917 383 700 586 15167 135 27987 1302 28 46 18 738 110 299 72239 1523 3159 35 350 8 2
internal_value=0.00367379 0.0102722 0.0207088 0.0252258 0.000239551 -0.00993424 -0.00848617 -0.014437 0.0293053 -0.0187653 0.00454496 -0.0214199 0.0325207 0.0344289 -0.0235695 0.0361657 0.00408877 0.0126243 0.0160387 0.0373482 0.0383303 0.0186448 -0.0102961 -0.00256533 0.00444001 -0.00323188 -0.00652923 0.00476918 0.00828234 -0.0260986 -0.000714731 0.00239837 -0.0004745 -0.00203032 0.00187388 -0.00874974
internal_weight=9.05097 6.26047 2.54689 2.33286 3.71358 2.7905 2.41399 1.88432 2.16727 1.54946 1.24105 1.25503 1.97282 1.90364 1.28554 1.84522 0.62929 0.900299 0.689426 1.80672 1.74791 0.625802 0.340747 0.210873 0.188641 0.194455 0.272409 0.263918 0.529664 1.16686 0.0967294 0.118681 0.0588119 0.0857072 0.0565795 0.214024
internal_count=392972 242805 234618 72708 8187 150167 7963 7349 69582 89276 60891 6182 59536 57598 88648 24736 1167 35356 34628 16819 15302 28573 25535 728 2836 10046 784 628 614 78007 5768 10641 1517 518 1310 161910
is_linear=0
shrinkage=0.05


Tree=183
num_leaves=27
num_cat=0
split_feature=24 19 31 24 47 24 19 44 0 49 2 13 19 47 47 19 48 20 47 19 49 2 47 25 25 2
split_gain=0.427901 0.327131 0.451504 0.302874 0.326561 0.138064 0.16676 0.16894 0.0951108 0.0943585 0.0910745 0.0783342 0.079569 0.0724487 0.0537177 0.026313 0.0184047 0.0119723 0.00468135 0.00423539 0.00157066 0.00130867 0.00116165 0.00115005 0.000629084 3.04136e-05
threshold=61.733762741088874 96.49015045166017 1.0000000180025095e-35 1.0000000180025095e-35 131.50000000000003 99.704143524169936 36.237373352050788 2.5000000000000004 151.01722717285159 1.0000000180025095e-35 4.5000000000000009 60.500000000000007 80.982517242431655 95.500000000000014 158.50000000000003 87.585617065429702 1.5000000000000002 0.95259785652160656 164.50000000000003 91.010101318359389 5.5000000000000009 20.500000000000004 138.50000000000003 1.5000000000000002 2.5000000000000004 21.500000000000004
decision_type=2 2 2 2 2 2 2 2 2 2 8 2 2 2 2 2 2 2 2 2 2 10 2 2 2 10
left_child=3 2 8 4 13 10 9 -8 19 16 -4 12 -6 23 17 -9 -7 -14 -16 22 21 -12 -2 -1 -25 -23
right_child=1 -3 5 -5 11 6 7 15 -10 -11 20 -13 14 -15 18 -17 -18 -19 -20 -21 -22 25 -24 24 -26 -27
leaf_value=0.0037360500361940923 0.00073822861343262073 0.023281061301276811 0.0073563563995608415 -0.025099363965989052 -0.0044764663893620679 -0.0020890823190429877 0.028508339892217821 -0.0069693317382037911 -0.022173441110160265 -0.011928857101745948 -0.012565181224220685 -0.0051172149401762547 0.021577107452211787 -0.019178947640754406 -0.003705308560587716 0.0038240270174850865 0.009804142744927467 0.0032667157541030052 0.0014577500593746077 0.0043119801271722484 9.7200105570997207e-05 0.00023603540429581132 -0.0018268523585104751 0.00073415367675431576 -0.0010389545375330093 -0.00016038737197992278
leaf_weight=0.074595987753583226 0.057317111793651287 1.589080037853307 0.19214152839776955 0.99105252133963961 0.097851341039358775 0.042995684571337844 0.89584629933932525 0.15825984441181618 0.89776963261277842 0.26957643461196312 0.32173536683767168 0.11358855354126252 0.82523110795636945 0.69512314628502736 0.076214695696933066 0.22266979555013222 0.20985976111046512 0.53055881301679619 0.054320553008210481 0.10009641460322882 0.0098055902657279148 0.0054671350690398413 0.038329466776247045 0.033680126915555775 0.020812707226468774 0.0032180203379823524
leaf_count=25 314 540 899 251921 28698 1213 502 6425 65 56 77433 4663 2483 12029 307 52 131 47 347 151 489 239 718 370 202 2742
internal_value=0.0012487 0.00986821 -0.000209596 -0.0105145 0.000716001 0.0112635 0.0161434 0.0222467 -0.0183676 -0.00358759 -0.00500105 0.0116094 0.0143248 -0.0157863 0.0168652 -0.00245977 0.00772853 0.01884 -0.0021678 0.00303348 -0.0122616 -0.0124257 -0.00101888 0.00328853 -0.000286107 7.57643e-05
internal_weight=8.5272 5.01417 3.42509 3.51303 2.52198 2.33158 1.79921 1.27678 1.09351 0.522432 0.532368 1.69777 1.58418 0.824212 1.48633 0.38093 0.252855 1.35579 0.130535 0.195743 0.340226 0.330421 0.0956466 0.129089 0.0544928 0.00868516
internal_count=393061 91969 91429 301092 49171 90181 8379 6979 1248 1400 81802 36545 31882 12626 3184 6477 1344 2530 654 1183 80903 80414 1032 597 572 2981
is_linear=0
shrinkage=0.05


Tree=184
num_leaves=22
num_cat=0
split_feature=34 41 20 17 46 1 8 38 21 28 38 50 46 44 38 44 2 38 29 0 2
split_gain=0.610339 0.38771 0.35449 0.241825 0.173221 0.189737 0.246622 0.151122 0.111698 0.0930441 0.0559227 0.0427609 0.0369188 0.022859 0.00822558 0.00763277 0.00371818 0.00416452 0.00319241 0.00150486 0.000112552
threshold=0.54356062412261974 27.500000000000004 0.46713979542255407 87.138130187988295 143.50000000000003 46.500000000000007 1.0000000180025095e-35 3.5000000000000004 88.117645263671889 1.5000000000000002 4.5000000000000009 23.531040191650394 146.50000000000003 4.5000000000000009 4.5000000000000009 4.5000000000000009 2.5000000000000004 3.5000000000000004 2.5000000000000004 67.739746093750014 1.5000000000000002
decision_type=2 2 2 2 2 8 2 2 2 2 2 2 2 2 2 2 10 2 2 2 8
left_child=4 2 11 8 5 6 10 9 15 13 -1 -2 -6 -4 -9 16 17 18 -3 -12 -11
right_child=1 3 7 -5 12 -7 -8 14 -10 20 19 -13 -14 -15 -16 -17 -18 -19 -20 -21 -22
leaf_value=-0.019166064406149621 0.0036768502408916388 0.0069875591282293203 0.033979693684977989 0.011134525511887467 0.011131500722823942 -0.025679458867768776 0.0089220114507377133 -0.0047520064501427855 -0.021205964790795433 5.119899956916019e-05 -0.00054490999775531727 -0.012193859434874185 -0.0035797949991311405 0.0039143417033733995 0.0019931287089972479 -0.0017140261467206153 -0.0007491858287697517 -0.00074563335115372903 -0.0005298961672611243 0.0033223707341273247 -0.0026667844121157371
leaf_weight=0.6212817265391456 0.089303907897715695 0.19981937346051359 1.6222372842555621 0.5045826722455331 0.2384336915669677 1.4271181201076144 1.2143652530145346 0.16371611357571669 0.71784380019224159 0.0011475486538187188 0.011009797570920909 0.29245251213376378 0.077027530372561159 0.35796963564661144 0.043517614417794448 0.035374076289201639 0.015029908615929344 0.014949336562125382 0.010657485354016671 0.06681218324075644 0.055738751950116239
leaf_count=89937 1072 4488 672 69 3138 237021 254 675 143 7 3448 3762 11961 1921 342 16513 83 858 1323 206 15278
internal_value=6.94063e-05 0.0119684 0.0210832 -0.00605196 -0.0130412 -0.0162767 -0.00285692 0.0271872 -0.0159866 0.0301783 -0.0165265 -0.00850713 0.00754875 0.0316818 -0.00285787 0.00357131 0.0051038 0.00578695 0.00648361 0.0027773 -0.00261539
internal_weight=7.78039 4.12434 2.62608 1.49826 3.65605 3.34059 1.91347 2.24433 0.993674 2.03709 0.699104 0.381756 0.315461 1.98021 0.207234 0.27583 0.240456 0.225426 0.210477 0.077822 0.0568863
internal_count=393171 47206 23729 23477 345965 330866 93845 18895 23408 17878 93591 4834 15099 2593 1017 23265 6752 6669 5811 3654 15285
is_linear=0
shrinkage=0.05


Tree=185
num_leaves=27
num_cat=0
split_feature=44 1 19 21 20 46 17 23 33 16 28 16 47 40 23 19 41 17 40 9 47 34 17 46 38 23
split_gain=0.376438 0.278666 0.330025 0.232911 0.206346 0.218495 0.172648 0.203463 0.171573 0.187093 0.149626 0.0863017 0.0957176 0.0529663 0.0451832 0.0291185 0.0178641 0.0154779 0.00670998 0.0052595 0.00457705 0.0045721 0.00245329 0.00171064 0.000133126 8.13138e-05
threshold=4.5000000000000009 1.5000000000000002 36.237373352050788 96.871944427490249 0.38908314704895025 77.500000000000014 89.022754669189467 84.475742340087905 0.77500000596046459 74.388786315917983 1.5000000000000002 99.367088317871108 94.500000000000014 1.5000000000000002 93.44086074829103 96.824596405029311 6.5000000000000009 74.115688323974624 1.0000000180025095e-35 1.0000000180025095e-35 93.500000000000014 0.13714733719825747 65.419578552246108 6.5000000000000009 2.5000000000000004 81.557067871093764
decision_type=2 10 2 2 2 2 2 2 2 2 2 2 2 2 2 2 2 2 2 2 2 2 2 2 2 2
left_child=1 2 -1 4 -4 10 7 18 9 17 13 12 20 -6 -7 -11 -9 22 -3 -13 -2 -10 23 -5 -15 -12
right_child=11 6 3 8 5 14 -8 16 21 15 25 19 -14 24 -16 -17 -18 -19 -20 -21 -22 -23 -24 -25 -26 -27
leaf_value=-0.013135186143366329 -0.0011278145248263712 0.00058819497464135612 -0.0061905752099425037 0.002191253814395971 0.003458996250148397 -0.0083227785172836286 -0.015226410486610635 0.015910386715869512 0.0026486315113852885 -0.0181293148838634 -0.0036812780635893287 -0.0012886835783361291 -0.02283642631199324 0.038651284310051361 0.0057322868088085718 -0.00046496626853726467 0.0010326293157500346 0.011771486148388161 -0.012177489175553155 0.0047700594855534474 0.0047870045034216725 0.014851077406467501 -0.0022815683909195618 -0.00094505351026119794 0.0023119853899219293 2.4511774833729631e-05
leaf_weight=0.31066182796622133 0.022856337968732765 0.015693783868016564 0.13182074599813409 0.048182366566152268 0.34473855053403224 0.19943021290865193 0.91696484581291304 0.71317310992890248 0.63142412509984069 0.56622305962781638 0.078954249400432164 0.026453720692643401 0.79886733670922183 1.5475667611359831 0.1589707009347876 0.33750122016840578 0.39595614810633606 0.23201234176048047 0.3539044418987134 0.15487517192559608 0.095244765528491371 0.70683402622603353 0.055768145279159853 0.019134248522846065 0.13335813286161635 0.001681291035765752
leaf_count=1766 3499 884 524 13 115 58090 320 147 409 679 11181 1201 239657 2491 108 272 444 132 68290 196 511 208 465 952 348 35
internal_value=0.00391331 0.00808213 0.0135773 0.0170379 0.0254261 0.0284158 -0.0048236 0.00516758 0.00391441 -0.00690136 0.0327693 -0.0156338 -0.0192963 0.0349472 -0.00245807 -0.0152419 0.0136069 0.00990889 -0.0116017 0.00354351 0.00365741 0.0126887 -0.000957283 0.00124958 0.037706 -0.00365283
internal_weight=8.99825 7.89995 5.50426 5.1936 2.59652 2.4647 2.39569 1.47873 2.59708 1.25882 2.1063 1.0983 0.916968 2.02566 0.358401 0.903724 1.10913 0.355097 0.369598 0.181329 0.118101 1.33826 0.123085 0.0673166 1.68092 0.0806355
internal_count=392937 147873 77788 76022 72892 72368 70085 69765 3130 2513 14170 245064 243667 2954 58198 951 591 1562 69174 1397 4010 617 1430 965 2839 11216
is_linear=0
shrinkage=0.05


Tree=186
num_leaves=32
num_cat=0
split_feature=44 18 16 16 47 12 23 1 47 19 23 35 7 38 33 1 23 18 16 1 48 19 18 33 47 48 47 23 33 37 47
split_gain=0.444827 0.45623 0.302955 0.231795 0.171621 0.139617 0.119418 0.0995925 0.084431 0.0837112 0.0794439 0.0687492 0.0587892 0.054638 0.0569449 0.0379499 0.0367551 0.034302 0.0310847 0.0228595 0.0140046 0.0124071 0.00935164 0.00802191 0.00464957 0.00414958 0.00350732 0.00202572 0.0015835 0.000383911 0.000235055
threshold=4.5000000000000009 84.273937225341811 73.375530242919936 20.761494636535648 125.50000000000001 1.5000000000000002 95.346321105957045 21.500000000000004 94.500000000000014 85.880397796630874 22.431865692138675 1.0000000180025095e-35 1.0000000180025095e-35 4.5000000000000009 0.73214286565780651 70.500000000000014 13.484848499298097 99.367088317871108 99.367088317871108 1.5000000000000002 2.5000000000000004 77.015758514404311 19.292804718017582 0.58571431040763866 93.500000000000014 5.5000000000000009 105.50000000000001 90.399383544921889 0.77500000596046459 4.5000000000000009 104.50000000000001
decision_type=2 2 2 2 2 2 2 10 2 2 2 2 2 2 2 8 2 2 2 8 2 2 2 2 2 2 2 2 2 2 2
left_child=1 3 7 16 6 9 -4 12 24 21 22 20 27 14 -13 -11 -1 -17 -10 -18 26 -6 -5 -22 -2 -20 30 -3 -9 -15 -12
right_child=8 2 4 10 5 -7 -8 28 18 15 11 13 -14 29 -16 17 19 -19 25 -21 23 -23 -24 -25 -26 -27 -28 -29 -30 -31 -32
leaf_value=-0.0030259493389796204 -0.0011503362489970581 -0.001963137987309948 -0.014914446114447925 0.0054842890564782308 0.0023650923164359127 -0.007741913326083422 0.004782172484899698 -0.0025788368792603617 -0.022243005829386653 0.019554410196845135 -0.00025023294011692888 -0.025431959120384554 0.036452598027114633 -0.00019993190533126144 0.0021683291156233964 -0.0051946548200033499 0.014521373810304753 0.0064276362190478142 -0.0019081749783111822 -0.0016815763853824731 -0.0015830253338751489 -0.0058586443480180619 -0.0019806222816346158 0.0058663628813286168 0.0047673630594669975 0.0025936340420753025 -0.004472275625921349 0.0012423089940480833 0.00070232301746856905 0.0023402683007574315 0.0011577615306929065
leaf_weight=0.061425620238082845 0.023328416283902587 0.040767746976655195 0.47946901073623827 0.10740541626944367 0.069087178406733396 0.18512274255158434 0.86984221783814064 0.053961288304265054 0.76482025164678902 2.0533139306023149 0.0050296148363030415 0.9745280347466545 0.90017288952185481 0.0040145179911518216 0.043288440137530415 0.11536856888125147 0.35949447863663408 0.69512672757878136 0.03967169650559299 0.034627934274780614 0.032511719982814213 0.16695794991346702 0.041003918863438571 0.14525457804342068 0.09490023971136452 0.057371533618152171 0.096759798736123059 0.032141138753900123 0.047562816973254485 0.050086959119028052 0.023565745767712087
leaf_count=357 3484 2487 777 137 380 2043 207 631 239677 757 1784 96995 367 2739 9 982 39 429 1346 2184 4208 701 3009 143 521 76 26045 66 9 396 150
internal_value=0.00460145 0.00908626 0.0156097 -0.00865494 0.00678 0.0119777 -0.00558613 0.0320654 -0.0174001 0.0147564 -0.0160785 -0.0187722 0.03472 -0.0220555 -0.0237653 0.0167729 0.0101612 0.00281785 -0.0206762 0.0129127 0.000853741 -0.00348555 0.00349309 0.00431663 0.0036152 0.000691458 -0.00352907 -0.000709224 -0.00179957 0.00214092 0.0009076
internal_weight=8.66798 7.68789 5.70889 1.979 4.63429 3.28498 1.34931 1.07461 0.980092 3.09985 1.52345 1.37504 0.973082 1.07192 1.01782 2.86381 0.455548 0.810495 0.861863 0.394122 0.303121 0.236045 0.148409 0.177766 0.118229 0.0970432 0.125355 0.0729089 0.101524 0.0541015 0.0285954
internal_count=393135 148031 9836 138195 6276 5292 984 3560 245104 3249 135615 132469 2920 100139 97004 2168 2580 1411 241099 2223 32330 1081 3146 4351 4005 1422 27979 2553 640 3135 1934
is_linear=0
shrinkage=0.05


Tree=187
num_leaves=36
num_cat=0
split_feature=26 46 19 23 46 34 23 7 41 18 44 18 18 13 25 48 38 18 21 20 49 41 37 37 41 49 44 13 13 44 41 2 44 2 2
split_gain=0.297214 0.305358 0.251668 0.393295 0.184353 0.221768 0.232851 0.161358 0.12635 0.118223 0.0944932 0.0903092 0.0842795 0.0636376 0.0450449 0.0439258 0.0417979 0.0265853 0.0235673 0.0182425 0.016157 0.0149239 0.0067737 0.00575775 0.00482146 0.00390811 0.00299655 0.0027057 0.00216978 0.00143694 0.0012933 0.00129325 0.000853458 0.000637575 4.64972e-05
threshold=2.5000000000000004 92.500000000000014 76.817703247070327 30.094339370727543 134.50000000000003 0.81534090638160717 91.06858062744142 1.0000000180025095e-35 15.500000000000002 23.629112243652347 4.5000000000000009 17.712418556213382 15.047169685363771 6.5000000000000009 1.5000000000000002 6.5000000000000009 1.0000000180025095e-35 91.715686798095717 77.032970428466811 0.91633436083793651 4.5000000000000009 7.5000000000000009 6.5000000000000009 4.5000000000000009 8.5000000000000018 11.500000000000002 1.5000000000000002 58.500000000000007 49.500000000000007 3.5000000000000004 1.0000000180025095e-35 20.500000000000004 1.0000000180025095e-35 1.5000000000000002 21.500000000000004
decision_type=2 2 2 2 2 2 2 2 2 2 2 2 2 2 2 2 2 2 2 2 2 2 2 2 2 2 2 2 2 2 2 10 2 8 10
left_child=1 2 3 9 5 25 8 18 -7 11 13 -1 -5 -9 -14 20 -10 19 28 -6 22 -12 -3 31 -23 32 -18 -15 29 -4 -20 -16 -2 -25 -33
right_child=4 15 7 12 17 6 -8 10 16 -11 21 -13 14 27 23 -17 26 -19 30 -21 -22 24 -24 33 -26 -27 -28 -29 -30 -31 -32 34 -34 -35 -36
leaf_value=-0.0034035293035762598 -0.00018762574889182249 -0.015049411488913329 0.0046656046911182541 0.0046988501256757251 -0.0012823258404424226 0.0073048491313190429 0.016137600640116833 0.035281554382584866 0.002327517421603734 -0.0050423680390162279 -0.0047016534271378902 0.025451829258942855 0.0022828138856167929 0.0018155243914870023 -0.019635740973587026 0.0031411774006767585 -6.9341939837120765e-05 -0.0020362053125807839 0.00014970975988635619 0.015201696296131832 0.001181537837726721 0.0047534106156237469 0.0004634382632246968 0.00089666649123586227 -0.0011956919928245496 0.00019225555878959715 -0.018699377054761199 0.01033697266227894 -0.00059938269818477863 -0.00036623007291792674 -0.0070547575349361796 0.00022946371575142171 -0.019172348118531819 -0.00087313993408548972 -0.00025192967980558776
leaf_weight=0.07001181551933644 0.025888301188132901 0.42695665837831587 0.10722020733781823 0.097779697547536903 0.026273571237652393 0.17025312585991492 0.67217173412791453 1.3064824462593385 0.04699570429772848 0.10931348234699811 0.10173779364265545 0.62480592670526391 0.056761899085664425 0.65299017444903007 0.88101852100580658 0.11131362274755929 0.029463377490969833 0.042282880276047763 0.022761187279684236 0.33343092054764156 0.024983926268760115 0.094447153475471168 0.012776237373827826 0.018337395327989725 0.024403170910915151 0.0066203056311452393 0.54319031565557907 0.53793072050058299 0.012113620546813308 0.0073785061861428849 0.16433802911910789 0.0056546282250735658 1.4193460148752839 0.017570864818367227 0.0050640837739592826
leaf_count=1586 2630 60557 1717 141 13655 2053 77 638 191 9101 1704 2564 2192 255 86634 230 44 1187 360 401 2 226 205 25 2244 532 4533 268 2888 4555 5347 616 174914 2576 6093
internal_value=0.00623292 0.0125736 0.0165523 0.000955052 -0.004752 -0.00954062 0.00367259 0.0236127 -0.0100244 0.017803 0.0266467 0.0222516 -0.0141017 0.0286712 -0.0173959 -0.0103447 -0.0163561 0.0120059 -0.00294618 0.0139401 -0.0135142 -0.000985183 -0.0145899 -0.0191596 0.00355498 -0.0189177 -0.0183944 0.00862587 0.00371903 0.00430372 -0.00679051 -0.0195363 -0.0190481 2.37736e-05 -2.22062e-05
internal_weight=8.81007 5.49415 4.91812 1.88632 3.31592 2.91393 1.46207 3.0318 0.789903 0.804131 2.71799 0.694818 1.08219 2.4974 0.984407 0.57603 0.619649 0.401987 0.313812 0.359704 0.464717 0.220588 0.439733 0.927645 0.11885 1.45185 0.572654 1.19092 0.126712 0.114599 0.187099 0.891737 1.44523 0.0359083 0.0107187
internal_count=392941 192724 131730 111528 200217 184974 6898 20202 6821 13251 5335 4150 98277 1161 98136 60994 4768 15243 14867 14056 60764 4174 60762 95944 2470 178076 4577 523 9160 6272 5707 93343 177544 2601 6709
is_linear=0
shrinkage=0.05


Tree=188
num_leaves=19
num_cat=0
split_feature=0 46 16 1 24 33 41 28 0 41 50 35 11 24 13 16 0 27
split_gain=0.429802 0.337136 0.318654 0.254971 0.266151 0.260939 0.152066 0.0825927 0.0762363 0.0717932 0.0666568 0.0660458 0.0573082 0.0367781 0.0286968 0.00897448 0.0069938 0.00198323
threshold=151.01722717285159 77.500000000000014 99.367088317871108 2.5000000000000004 1.0000000180025095e-35 0.81666666269302379 9.5000000000000018 1.5000000000000002 67.739746093750014 5.5000000000000009 97.68778228759767 1.5000000000000002 inf 61.733762741088874 2.5000000000000004 89.699382781982436 20.435058593750004 1.5000000000000002
decision_type=2 2 2 10 2 2 2 2 2 2 2 2 8 2 2 2 2 2
left_child=1 3 -3 5 9 7 -2 10 -6 -5 12 -8 15 14 -4 -1 -11 -10
right_child=6 2 13 4 8 -7 11 -9 17 16 -12 -13 -14 -15 -16 -17 -18 -19
leaf_value=0.039366209382052486 0.001831885560147463 -0.020604740946999801 0.0050152617001465189 0.017279662169409401 -0.017386306197955208 -0.004860866561196631 -0.022140588646844827 -0.0020616777672810408 -0.00049701536475558008 0.0020093639977310663 -0.0010853614312893002 -0.0022921476035865623 -0.0013313298348112739 0.014896463512356101 -0.0063887471844612954 0.0017186684788317421 -0.0033045374686607974 0.0047360958708395906
leaf_weight=1.074744217673697 1.5405326505133417 0.67992288508247589 0.098005853593349457 0.9671499906751253 0.52468708459389279 0.25183833740413764 0.8935195503491542 0.043000110682584025 0.010039757308277331 0.28277451890392058 0.061562967290740178 0.86890220921463168 0.027008504490936391 0.33016334070089215 0.14583561699646452 0.11118144397454433 0.29489960133406612 0.10146778160432746
leaf_count=9726 363 171045 1 146 161490 85 200 41002 5198 313 241 225 1058 62 1195 106 98 384
internal_value=0.00270318 0.0111108 -0.00737083 0.017541 0.00329963 0.0283458 -0.00965696 0.0340517 -0.0133199 0.0126886 0.0356409 -0.0167271 0.0371531 0.0114365 -0.00145812 0.0382376 -0.00107848 0.00424167
internal_weight=8.30724 5.00428 1.25393 3.75035 2.18102 1.56934 3.30295 1.3175 0.636195 1.54482 1.2745 1.76242 1.21293 0.574005 0.243841 1.18593 0.577674 0.111508
internal_count=392938 392150 172303 219847 167629 52218 788 52133 167072 557 11131 425 10890 1258 1196 9832 411 5582
is_linear=0
shrinkage=0.05


Tree=189
num_leaves=34
num_cat=0
split_feature=0 50 2 18 0 31 46 48 41 12 27 23 18 0 39 19 47 48 46 2 37 16 41 19 47 2 19 47 47 2 2 2 41
split_gain=0.302544 0.339773 0.231438 0.154029 0.24875 0.187276 0.136655 0.120585 0.0859235 0.0814402 0.0812963 0.0779461 0.158612 0.133606 0.0771243 0.0720033 0.061584 0.0392008 0.0360676 0.0244177 0.0200023 0.00978626 0.00928147 0.00811411 0.00517551 0.00338675 0.00200351 0.0012954 0.0535226 0.000442618 0.000246037 0.000216997 9.68625e-05
threshold=9.1186523437500018 30.303404808044437 2.5000000000000004 85.215545654296889 36.940429687500007 1.0000000180025095e-35 22.500000000000004 4.5000000000000009 5.5000000000000009 22.500000000000004 3.5000000000000004 93.44086074829103 96.49015045166017 86.127441406250014 0.46428571641445165 77.581478118896499 141.50000000000003 6.5000000000000009 1.5000000000000002 10.500000000000002 4.5000000000000009 83.910789489746108 2.5000000000000004 81.302967071533217 104.50000000000001 2.5000000000000004 80.982517242431655 150.50000000000003 170.50000000000003 13.500000000000002 20.500000000000004 3.5000000000000004 1.0000000180025095e-35
decision_type=2 2 8 2 2 2 2 2 2 2 2 2 2 2 2 2 2 2 2 10 2 2 2 2 2 10 2 2 2 10 10 8 2
left_child=2 14 7 8 10 11 -7 9 16 15 23 21 -13 -14 -2 -1 22 -4 -16 -10 -18 -6 24 26 -3 32 -5 -17 -29 -21 31 -24 -26
right_child=1 3 17 4 5 6 -8 -9 19 -11 -12 12 13 -15 18 27 20 -19 -20 29 -22 -23 30 -25 25 -27 -28 28 -30 -31 -32 -33 -34
leaf_value=-0.0022882562857514054 -0.0033577770493915891 -0.00060974234671990206 -0.010638215498771112 -0.0015784300957685335 -0.00064635460395062033 0.021289561695961186 -0.0059194495559578486 -0.0037323621385921928 -0.021106846112942029 -0.0027297991925019842 0.004066319693058945 -0.0094144314687868158 -0.004618848681764186 0.019161234931643102 0.023864825391328587 0.031328001996068763 -0.009789887679392012 0.0039191315291761319 -0.0014971271742118476 0.0013348009836025971 0.0022659190352637974 -0.01257823706100818 0.000177446660662026 -0.018918490512288211 3.9578650489079789e-05 -0.00038430596209002086 0.0015379577267423882 -0.0057532034273142822 0.0099015005335185979 -0.00040665694641429646 0.00023111592778864983 -0.0014869788202473576 0.010020871094584034
leaf_weight=0.047731674239145483 0.071399933408798577 0.012246193849477893 0.26866624373002412 0.032396731012283797 0.32858945857333366 1.0482278134342093 0.12878827390443337 0.13223740745240764 1.0544309896386392 0.057641441138514327 0.12197918075878533 0.60244779581756813 0.43319879447039944 0.60364018490872695 0.54151512955706949 1.1090027106984903 0.21807779804517935 0.092722879227068233 0.030729881009065707 0.038398721173649508 0.047169370375911512 0.32762878070093393 0.0062532589006138997 0.80763445639780684 0.010409908891368502 0.0077066028681400658 0.030920601618049659 0.12611498159748169 0.22701505587798465 0.0081967062808132596 0.0056006621524318225 0.030547544015256278 0.24931885410231303
leaf_count=7194 27793 1309 169210 2164 304 1053 953 129 119604 1621 11 104 295 181 101 2183 17587 220 5266 1470 346 110 294 4862 2799 1494 37 963 278 8829 566 8677 5333
internal_value=0.00424682 -0.00142987 0.0173194 -0.00598236 -0.000236299 0.00634719 0.0169609 0.0230506 -0.0154389 0.0258838 -0.0148924 -0.00259023 0.0034183 0.011836 0.0192544 0.0276285 0.000555207 -0.00676795 0.0224169 -0.0201742 -0.00754955 -0.0106012 0.00789159 -0.0183018 0.00902942 0.00960363 -4.14305e-05 0.0291379 0.00419067 0.00093261 -0.00107582 -0.00130579 0.00996981
internal_weight=8.85859 6.79745 2.06113 6.15381 4.46545 3.47252 1.17702 1.69974 1.68836 1.56751 0.992931 2.29551 1.63929 1.03684 0.643645 1.50986 0.58733 0.361389 0.572245 1.10103 0.265247 0.656218 0.322083 0.870952 0.279682 0.267435 0.0633173 1.46213 0.35313 0.0465954 0.0424015 0.0368008 0.259729
internal_count=393340 211542 181798 178382 10074 3000 2006 12368 168308 12239 7074 994 580 476 33160 10618 38405 169430 5367 129903 17933 414 20472 7063 10935 9626 2201 3424 1241 10299 9537 8971 8132
is_linear=0
shrinkage=0.05


Tree=190
num_leaves=36
num_cat=0
split_feature=26 20 44 33 37 47 28 20 16 50 17 40 11 43 47 24 17 17 1 50 2 17 44 1 23 25 47 40 18 47 38 2 2 19 16
split_gain=0.365899 0.245263 0.242934 0.224273 0.176142 0.167805 0.157265 0.130224 0.111357 0.111279 0.107139 0.0908055 0.0968384 0.0817864 0.07644 0.073624 0.0695342 0.0682174 0.0560806 0.0461213 0.0453828 0.0324466 0.0269425 0.0262647 0.0230598 0.0124983 0.00744322 0.0065741 0.00258921 0.00207135 0.000542536 6.94852e-05 5.97999e-05 2.80941e-05 0.000158518
threshold=2.5000000000000004 0.46713979542255407 4.5000000000000009 0.73214286565780651 1.5000000000000002 144.50000000000003 1.5000000000000002 0.92222753167152416 92.63776016235353 23.531040191650394 95.040985107421889 1.5000000000000002 inf 3.5000000000000004 166.50000000000003 91.316913604736342 89.825496673583999 82.413585662841811 4.5000000000000009 99.655174255371108 10.500000000000002 89.825496673583999 1.5000000000000002 3.5000000000000004 22.431865692138675 3.5000000000000004 149.50000000000003 1.5000000000000002 86.319076538085952 204.50000000000003 1.0000000180025095e-35 13.500000000000002 12.500000000000002 61.938297271728523 65.485893249511733
decision_type=2 2 2 2 2 2 2 2 2 2 2 2 8 2 2 2 2 2 10 2 10 2 2 8 2 2 2 2 2 2 2 10 10 2 2
left_child=1 9 3 6 8 7 11 16 23 27 18 24 14 22 20 -6 25 -15 -9 -20 21 -13 28 -5 -3 -2 -19 -1 33 -16 -27 32 -22 34 -7
right_child=5 2 -4 4 15 13 -8 10 -10 -11 -12 12 -14 17 29 -17 -18 26 19 -21 31 -23 -24 -25 -26 30 -28 -29 -30 -31 -32 -33 -34 -35 -36
leaf_value=0.0079547575814043307 -0.0080024681871655526 0.005316211227148474 -0.0096085937121338765 0.0033849416479938528 -0.01404694273704723 -0.00042620685012386772 -0.0045960547026901773 -0.025036472600996063 0.018092329527033071 -0.015240981047664368 0.003214510483940702 0.036771663569439679 -0.0025623170211878424 -0.0048131959749416753 -0.0024331699097675406 0.0034240897543795831 0.010696965442614339 0.0010606602893665031 -0.0076750154821140061 0.0062806593564416358 -0.00023703805825530519 0.00093629530146979029 -0.0094706616099781687 -0.0078890542981340777 -0.0047916412355746771 0.0020091225307551207 0.015250366469072832 -0.00094669496888750981 0.0037605139844279416 0.0010258726435619788 -0.00032949071247471832 -0.0010295927902704298 0.00031322373399061249 -0.0008377328096401635 0.00046080567733452365
leaf_weight=0.17170594951090834 0.20791789602678967 0.10359980996753471 0.23548414458472411 0.16488842229318856 0.44638372007813121 0.0085848464429004734 0.10055361250499562 0.92657451452859596 0.97420853738458391 0.40594946538362109 0.25164759884955845 1.79933353979905 0.053962260643574012 0.10626486602814089 0.050993542054982188 0.49592615632536763 0.28153592504156677 0.26665177744223456 0.17450310599559771 0.20687978444158261 0.0047574475509007961 0.11906377937975765 0.2243314034778976 0.19899132821603871 0.15612743291791276 0.051601537641488449 0.65644382629875508 0.019279438699811524 0.081766967671228485 0.022375335528863616 0.0066335074185559497 0.020958748724922316 0.0096406820084098399 0.016815206256438842 0.009214526042342186
leaf_count=238 102593 7 99686 54 2245 1863 32053 720 271 20176 155 10277 13886 71352 1346 80 181 349 407 232 855 28 8927 1513 920 2356 1317 3247 57 13 9539 5418 419 435 1
internal_value=0.00570684 0.0128367 0.0163174 0.0190637 0.00457479 -0.00600484 0.0273353 -0.0128157 0.0129175 -0.00818591 -0.017833 0.0296721 0.0320672 0.0054582 0.033531 -0.0078232 0.0037626 0.0104862 -0.0215207 -0.00103833 0.0348745 0.0356305 -0.00622345 -0.00404422 0.000259756 -0.00622769 0.0138344 0.00701578 0.00291242 -0.00140531 0.0016831 -0.000939863 7.69695e-05 -0.000789312 3.45707e-05
internal_weight=9.03155 5.55418 4.95725 4.72176 2.2804 3.47737 2.44137 2.10729 1.33809 0.596935 1.55961 2.34081 2.08109 1.37007 2.02712 0.94231 0.547689 1.02936 1.30796 0.381383 1.95375 1.9184 0.340713 0.36388 0.259727 0.266153 0.923096 0.190985 0.116382 0.0733689 0.058235 0.0353569 0.0143981 0.0346146 0.0177994
internal_count=393216 192732 169071 69385 4163 200484 65222 116183 1838 23661 1514 33169 32242 84301 18356 2325 114669 73018 1359 639 16997 10305 11283 1567 927 114488 1666 3485 2356 1359 11895 6692 1274 2299 1864
is_linear=0
shrinkage=0.05


Tree=191
num_leaves=31
num_cat=0
split_feature=11 45 35 35 34 19 2 18 34 39 47 13 16 23 33 2 47 47 2 24 47 0 37 17 19 24 33 13 33 17
split_gain=0.343341 0.282851 0.259628 0.39741 0.246839 0.202108 0.155835 0.157978 0.148557 0.140092 0.128929 0.0716496 0.071501 0.0647366 0.0553418 0.0542933 0.0482624 0.0475589 0.0308524 0.0311978 0.0232556 0.013117 0.0114669 0.00887954 0.00691469 0.00475487 0.003793 0.00347125 0.00176983 0.000751013
threshold=-0.83677384257316578 0.47561036050319677 1.5000000000000002 1.0000000180025095e-35 0.73508772253990184 91.010101318359389 3.5000000000000004 90.521114349365249 0.13714733719825747 0.90000000596046459 166.50000000000003 1.5000000000000002 85.880397796630874 73.942821502685561 0.84523808956146251 1.5000000000000002 112.50000000000001 166.50000000000003 2.5000000000000004 99.704143524169936 107.50000000000001 101.58581161499025 1.5000000000000002 54.641149520874031 99.333332061767592 91.844291687011733 0.58571431040763866 1.5000000000000002 0.47222222387790685 54.446641921997077
decision_type=8 2 2 2 2 2 8 2 2 2 2 2 2 2 2 8 2 2 10 2 2 2 2 2 2 2 2 2 2 2
left_child=6 16 3 5 11 9 7 13 -9 17 18 12 15 -1 22 -4 20 23 19 25 -2 -18 -7 29 -5 -6 28 -22 -11 -3
right_child=1 2 4 24 10 14 -8 8 -10 26 -12 -13 -14 -15 -16 -17 21 -19 -20 -21 27 -23 -24 -25 -26 -27 -28 -29 -30 -31
leaf_value=-0.0017420337320490063 -0.0048066392439149262 -0.0008158134446305086 0.013919116896534453 -0.023465083407448045 -0.0017847929264309201 0.020546054476419839 -0.0057878267115460732 -0.011442846650097717 0.012291234587804456 -0.0015350539220798202 -0.0046616545462605432 -0.012419111281367724 -0.0070672410804633505 0.033984604990589661 -4.2225998859141154e-05 -0.0040500425423302608 -0.020323906451014187 0.0028985517237748882 -0.00089867278188269248 0.026004675137165874 0.0060275418860568346 0.00063793470030937022 0.00077347685235945737 -0.017128980763429971 0.00029592065205750307 0.0030460413034303622 0.0090464537240922942 -0.00067355903268281317 0.0013713134851273991 0.0011285020583137683
leaf_weight=0.035948529384199679 0.10532995912404863 0.016525151200895705 0.36889272110298077 0.84893283982256651 0.036085165357434001 0.63667551237188014 0.13090620287772492 0.29049904947953564 0.35400225723225276 0.031485886661670293 0.14103203941056119 0.32188960318129745 0.15377272322291446 0.6346368112405969 0.46608107609472427 0.087682078955687359 0.90235720488101379 0.064026976622216125 0.056150007936480395 1.4082683686890505 0.14040464683750997 0.015804901643292624 0.16141115948261131 0.67758850206483601 0.006050059522749506 0.2375492331419764 0.21443480656057545 0.013618070569151541 0.067296302950296649 0.02282646938104449
leaf_count=8204 13136 10504 230 28746 2966 595 119648 1473 316 538 680 24217 39 2862 208 27049 130103 1666 29 1976 2736 128 441 10612 4 1367 46 2115 174 171
internal_value=0.00385702 -0.00144651 0.0035977 -0.00547874 0.0126876 0.00595646 0.0200645 0.0240264 0.00114039 -0.00690471 0.020242 -0.00513501 0.00403306 0.0321731 0.0152213 0.0100569 -0.0170548 -0.0142205 0.0232273 0.0240675 0.000697329 -0.0198186 0.0192013 -0.0165471 -0.0232281 0.00150783 0.00827475 0.0053648 -0.000109019 0.000312663
internal_weight=8.64816 7.20217 6.02466 3.21333 2.81132 2.35835 1.44599 1.31509 0.644501 1.09418 1.87908 0.932237 0.610348 0.670585 1.26417 0.456575 1.17751 0.780967 1.73805 1.6819 0.259353 0.918162 0.798087 0.71694 0.854983 0.273634 0.313217 0.154023 0.0987822 0.0393516
internal_count=392979 260476 112258 53705 58553 24955 132503 12855 1789 23711 7018 51535 27318 11066 1244 27279 148218 22953 6338 6309 17987 130231 1036 21287 28750 4333 758 4851 712 10675
is_linear=0
shrinkage=0.05


Tree=192
num_leaves=33
num_cat=0
split_feature=47 44 33 46 34 50 13 41 33 43 33 37 47 27 20 37 16 47 34 47 47 0 16 39 19 24 19 38 47 50 47 47
split_gain=0.378693 0.291171 0.227029 0.311127 0.193547 0.17772 0.166907 0.161443 0.146797 0.138582 0.112026 0.0895023 0.0852798 0.0845967 0.0914612 0.0490493 0.0462348 0.0451945 0.0360481 0.0308006 0.0187804 0.0145502 0.0145285 0.0139188 0.0134849 0.0118177 0.00757453 0.00677479 0.00103032 0.000744116 0.000338584 0.000120425
threshold=105.50000000000001 1.5000000000000002 0.81666666269302379 134.50000000000003 0.20942982286214831 34.287206649780281 2.5000000000000004 2.5000000000000004 0.64583334326744091 1.5000000000000002 0.6904762089252473 1.0000000180025095e-35 160.50000000000003 2.5000000000000004 0.46713979542255407 1.0000000180025095e-35 95.101959228515639 150.50000000000003 0.7379862666130067 166.50000000000003 133.50000000000003 112.80730438232423 83.910789489746108 0.77500000596046459 88.589511871337905 87.821357727050795 81.754161834716811 1.0000000180025095e-35 167.50000000000003 99.655174255371108 142.50000000000003 143.50000000000003
decision_type=2 2 2 2 2 2 2 2 2 2 2 2 2 2 2 2 2 2 2 2 2 2 2 2 2 2 2 2 2 2 2 2
left_child=7 4 3 9 25 12 -4 21 29 10 20 -8 -6 14 -7 22 19 24 -13 23 -3 -1 30 -17 26 -2 -5 28 -21 -9 -11 -32
right_child=1 2 6 17 5 13 11 8 -10 15 -12 18 -14 -15 -16 16 -18 -19 -20 27 -22 -23 -24 -25 -26 -27 -28 -29 -30 -31 31 -33
leaf_value=-0.0067444857165626709 -0.011290148315960495 0.011981787697220175 0.014622875119244431 -0.00054661698885387388 -0.012500558437268059 -0.0034168613708786232 0.0060973143229746197 -0.0042231000331877776 0.031769060660591118 -0.0044058206309316918 -0.010147589944442391 -0.015893659969421488 0.006998904335341536 -0.001340219882713352 0.025150390661034527 -0.028077353410806284 0.0007830456047354154 -0.0035295153877036144 0.0022734767807868037 0.0030365190758069277 -0.0017102102822428727 0.0023982628424454649 0.0037802748751339533 0.0004795093214577347 -0.0010085414619694401 0.0011589654901877154 0.014969728788259749 -0.0030208139129420538 -0.00040990474578189294 0.00019663800881777207 0.00041810585488350865 -0.0003571752503678689
leaf_weight=0.14886858469276365 0.28474260550623887 0.31178592523491566 0.75226324837308289 0.011047269415683902 0.2947307927229591 0.070582304985194244 0.20451330207833962 0.091424800381659566 0.6114549416622026 0.094942887092884454 0.31927633877990047 0.453563843209281 0.1523010452991258 0.30146622985512284 1.2921179149758044 1.9977050274517307 0.10133613865104951 0.07582840145693126 0.061400641221553087 0.060950209733618865 0.035283460136142253 0.069906274935533474 0.12743212914296009 0.0096004928898308917 0.020511664929131257 0.0234968424665567 0.31914687682501608 0.063570834998976977 0.0082643615672282067 0.011026512905800701 0.0088607627324677196 0.0071938269398685853
leaf_count=2384 7862 6075 48 6897 4785 1342 72 17851 413 7057 458 1847 444 63 6508 269291 233 19350 6 176 12266 20 411 3 647 12 695 19245 2170 238 207 4146
internal_value=0.00169084 -0.00303799 -0.00935067 -0.0150453 0.00900927 0.0141828 0.00496737 0.0215252 0.0272967 -0.0200584 0.000335772 -0.00776113 -0.0056115 0.0196104 0.0228508 -0.0240601 -0.0256756 0.0100721 -0.0136567 -0.0267789 0.0103536 -0.00425231 -0.00040378 -0.0278267 0.0134488 -0.0101807 0.0144299 -0.000357125 0.00262651 -0.00400053 -0.00428629 6.10852e-05
internal_weight=8.3966 7.46392 5.04448 3.57274 2.41944 2.1112 1.47174 0.932681 0.713906 3.1462 0.666346 0.719478 0.447032 1.66417 1.3627 2.47986 2.24143 0.426534 0.514964 2.14009 0.347069 0.218775 0.23843 2.00731 0.350706 0.308239 0.330194 0.132785 0.0692146 0.102451 0.110997 0.0160546
internal_count=393222 372316 351300 349327 21016 13142 1973 20906 18502 321738 18799 1925 5229 7913 7850 302939 291118 27589 1853 290885 18341 2404 11821 269294 8239 7874 7592 21591 2346 18089 11410 4353
is_linear=0
shrinkage=0.05


Tree=193
num_leaves=21
num_cat=0
split_feature=24 24 19 21 41 20 19 40 44 37 31 20 1 45 50 34 26 21 34 16
split_gain=0.398337 0.425303 0.315667 0.322133 0.223816 0.151207 0.109838 0.203538 0.071709 0.0658066 0.0637212 0.0484788 0.117716 0.0318903 0.0196905 0.0129166 0.009295 0.00823458 0.00170572 0.000719341
threshold=1.0000000180025095e-35 61.733762741088874 97.366596221923842 96.871944427490249 1.5000000000000002 0.8582085669040681 65.599384307861342 1.5000000000000002 4.5000000000000009 1.0000000180025095e-35 3.5000000000000004 0.95259785652160656 34.500000000000007 0.9185284972190858 99.655174255371108 0.91987180709838878 2.5000000000000004 72.438781738281264 0.95619046688079845 18.350168228149418
decision_type=2 2 2 2 2 2 2 2 2 2 2 2 10 2 2 2 2 2 2 2
left_child=4 -2 3 6 9 -6 7 15 13 -1 17 12 -7 18 -11 -3 -5 -9 -8 -12
right_child=1 2 -4 16 5 11 8 10 -10 14 19 -13 -14 -15 -16 -17 -18 -19 -20 -21
leaf_value=0.0076447090452476212 -0.023337701305547146 -0.0011144556841269848 0.017015181831819465 -0.0019459751833194689 -0.0049750183171048366 0.033878157277866576 -0.00245212772968245 -0.018555651108159169 -0.0043610438472740168 -0.011140011891466217 0.0037313664335700196 0.0053300229686018708 -0.003092036891959539 0.017500104646905847 0.00047396006057349218 0.012673700887986257 -0.021508015546224179 0.00044013596555647535 0.00084111828826942284 -0.00023175415897637571
leaf_weight=0.15156888585801231 0.86381568432738109 0.022593009323202629 1.6956350405661167 0.28663930932461334 0.10998166156292688 1.1291606663468767 0.051185563671097389 0.5290384612042871 0.093882392457857011 0.27732089333210297 0.074441807402877203 0.72157978478526263 0.065122771197365981 0.93594221548079304 0.40155674098059535 0.3380650689388176 0.76604396587609358 0.012053046532628287 0.017133031981757085 0.0046566372575682627
leaf_count=147 251873 5769 473 465 41089 3792 5972 62287 10758 3920 89 120 92 429 30 188 378 752 17 4541
internal_value=0.00509742 -0.0028491 0.00419293 -0.00518754 0.0175637 0.0239578 0.0061886 -0.00420626 0.0130528 -0.00260138 -0.014906 0.0267553 0.0313718 0.0160444 -0.00807986 0.0116257 -0.0197244 -0.0181215 -0.00161198 0.0034995
internal_weight=8.54742 5.69113 4.82731 3.13167 2.85629 2.02584 2.07899 0.980848 1.09814 0.830447 0.62019 1.91586 1.19428 1.00426 0.678878 0.360658 1.05268 0.541092 0.0683186 0.0790984
internal_count=393181 343991 92118 91645 49190 45093 90802 73626 17176 4097 67669 4004 3884 6418 3950 5957 843 63039 5989 4630
is_linear=0
shrinkage=0.05


Tree=194
num_leaves=21
num_cat=0
split_feature=24 26 17 24 20 1 39 16 47 17 20 17 37 46 16 16 38 38 49 38
split_gain=0.427293 0.276886 0.272484 0.264088 0.229819 0.128417 0.125887 0.115146 0.103227 0.0759328 0.0720993 0.0631631 0.0463533 0.0213856 0.019057 0.0152405 0.00824933 0.004015 0.00399214 0.0032668
threshold=61.733762741088874 2.5000000000000004 87.895435333251967 1.0000000180025095e-35 0.53469792008399974 2.5000000000000004 0.61250001192092907 20.761494636535648 129.50000000000003 82.413585662841811 0.95259785652160656 18.301435470581058 1.5000000000000002 11.500000000000002 87.939392089843764 80.229885101318374 2.5000000000000004 3.5000000000000004 16.500000000000004 1.0000000180025095e-35
decision_type=2 2 2 2 2 10 2 2 2 2 2 2 2 2 2 2 2 2 2 2
left_child=3 4 6 8 7 16 18 -2 12 -10 -11 -9 13 -1 -14 -8 -6 -18 19 -3
right_child=1 2 -4 -5 5 -7 15 11 9 10 -12 -13 14 -15 -16 -17 17 -19 -20 -21
leaf_value=0.0016235916939154893 0.0098586488880811271 4.9093767414865181e-06 0.011647197275498823 -0.024274912185043254 0.028332351781836462 -0.0039469207600195105 0.0067867622394551137 0.004283341225593186 -0.0063743399172729283 0.016586802223082675 -0.001244334514645142 -0.01461643888885128 -0.0034846466559523221 -0.014087573781230886 0.0061030631784521399 -0.002503205312866125 -0.0013098030623231195 0.0034055533987860584 0.00018928796756625854 -0.021825346664835099
leaf_weight=0.033081999333575918 0.25206504033786847 0.01685878208024838 0.71691917629914315 0.92816373542071051 1.6668680035346595 0.11166208159642099 0.19498674093651402 0.11303165813853866 0.14562138285060644 0.62911238496786814 0.6705425622394614 0.470266819877736 0.073885880245143198 0.45700983717551935 0.19772342751343785 0.063069876733834462 0.081418389094238708 0.10910557096320872 0.0038060468868934541 0.68862233349018709
leaf_count=25 2243 1568 169 251625 3553 19624 920 317 37532 521 99 22466 4302 6551 33 11 718 553 3 39917
internal_value=0.00156462 0.0105561 -0.00417748 -0.0107484 0.018177 0.024766 -0.0158644 -0.00238585 0.000735805 0.0072141 0.0108464 -0.0105619 -0.00867387 -0.0126492 0.00280563 0.00433129 0.0272694 0.00198289 -0.0214474 -0.0216067
internal_weight=7.62382 4.48868 1.68426 3.13514 2.80442 1.96905 0.967344 0.835364 2.20698 1.44528 1.29965 0.583298 0.761701 0.490092 0.271609 0.258057 1.85739 0.190524 0.709287 0.705481
internal_count=392750 92062 42588 300688 49474 24448 42419 25026 49063 38152 620 22783 10911 6576 4335 931 4824 1271 41488 41485
is_linear=0
shrinkage=0.05


Tree=195
num_leaves=42
num_cat=0
split_feature=20 16 48 21 37 16 19 23 19 1 13 17 20 40 48 34 2 1 11 49 17 23 48 1 1 17 43 37 16 43 17 1 23 50 40 7 18 48 16 16 17
split_gain=0.292522 0.460571 0.282441 0.167948 0.194965 0.147397 0.110806 0.0991953 0.0837 0.0827553 0.0806516 0.0778803 0.0485074 0.0479845 0.0459735 0.0455943 0.0439881 0.0517661 0.037229 0.0355958 0.026443 0.0263721 0.0251678 0.0242716 0.0218363 0.0215471 0.0173164 0.0107255 0.0101436 0.0101293 0.00425509 0.00279483 0.0024721 0.00150484 0.000678417 0.000646674 0.000294998 0.000170197 4.09241e-05 2.31808e-05 9.2163e-06
threshold=0.82545602321624767 73.375530242919936 3.5000000000000004 92.450141906738295 1.0000000180025095e-35 20.761494636535648 90.366767883300795 96.871944427490249 65.599384307861342 21.500000000000004 67.500000000000014 80.788658142089858 0.89223185181617748 1.0000000180025095e-35 3.5000000000000004 0.92582416534423839 5.5000000000000009 32.500000000000007 inf 1.0000000180025095e-35 80.217391967773452 60.660173416137702 11.500000000000002 34.500000000000007 1.5000000000000002 60.397012710571296 1.5000000000000002 1.0000000180025095e-35 81.983608245849624 1.0000000180025095e-35 99.367088317871108 1.5000000000000002 78.08689117431642 49.429447174072273 1.0000000180025095e-35 1.0000000180025095e-35 58.380149841308601 5.5000000000000009 54.641149520874031 64.747306823730483 53.614982604980476
decision_type=2 2 2 2 2 2 2 2 2 10 2 2 2 2 2 2 8 10 8 2 2 2 2 10 10 2 2 2 2 2 2 8 2 2 2 2 2 2 2 2 2
left_child=5 8 3 6 -5 15 12 28 32 10 14 20 -3 33 18 -1 17 19 21 -13 29 39 -15 -19 -14 36 -8 -27 -4 -6 -11 -18 34 -7 -2 -24 38 -36 -23 40 -10
right_child=1 2 7 4 11 13 26 -9 9 30 -12 16 24 22 -16 -17 31 23 -20 -21 -22 25 35 -25 -26 27 -28 -29 -30 -31 -32 -33 -34 -35 37 -37 -38 -39 -40 -41 -42
leaf_value=-0.0048119497255153304 0.0002438182858817429 -0.0031667746411414839 0.0017410391779746114 0.008290757969684483 0.0018798122984048813 0.0025278202878845275 0.0020068588634505327 0.017766467791269346 -8.8198638702614558e-05 -0.0033397730582056585 -0.0022918270259112863 -0.024236235773459024 0.016894445718334716 -0.022499481566450177 -0.0010502571089474045 0.010153021575260227 0.0029117823840749367 0.0050828106860459554 -0.0010013959305277653 -0.0010049296321743568 0.0066207424364873452 -8.5438078568160757e-05 -0.00053994836658724174 -0.0051373685263925023 -0.0012131155876443402 0.00019273542714721151 -0.0094033173126272084 0.035901910106086642 -0.0063584161197586036 -0.0061235927909993925 0.0015173701259177939 -0.0011521701447202988 0.0009407438084235826 -0.00069665012590480486 -0.0034169573423603107 0.0014673437913298333 -0.00071187355897975302 5.9155776352386321e-05 0.0005945806440975053 -0.00065554303322889389 0.00013025966479659316
leaf_weight=0.10352061184639161 0.0048940240018282557 0.067201365679096958 0.069321067327024033 0.33722489130457267 0.048017532316407929 0.054272040079751838 0.052131491095906313 1.0861808897210494 0.0017669889508912231 0.070902898651894364 0.047634830486856461 1.5975205820034837 0.57514705980742065 0.79302266782358211 0.039660847469889293 0.24239319314438035 0.058324872584535004 0.12535250670612175 0.020429167017965155 0.27142105714585785 0.12843066081268262 0.0017114126851252012 0.010897050260183505 0.20364133545186291 0.044693251063904427 0.032216012547166883 0.23330331490330991 0.94267824698840741 0.14655027506086071 0.14177572680733874 0.030406451768612897 0.023578746798960992 0.026017124177315054 0.033775542195655817 0.072035375617247044 0.029641914234957767 0.015834430709276148 0.0017967730410362029 0.014471537902238651 0.01312845848968891 0.0042872235225104305
leaf_count=6082 7 6472 320 313 17 641 94 748 1204 6151 4789 2406 2682 316541 563 109 9 19 4257 119 81 944 3858 600 930 213 1602 5985 307 2023 6 2870 685 290 13018 6 4193 86 1065 338 655
internal_value=0.00282685 0.00729211 -0.000828199 -0.00749394 -0.0125168 -0.0132869 0.00632639 0.0137423 0.0257263 0.0280028 0.0302757 -0.0167712 0.0130194 -0.0194796 0.0321179 0.00542677 -0.0191452 -0.0202304 0.0332739 -0.0223887 0.00185807 0.0341137 -0.0214757 -0.000348832 0.0156459 0.0347495 -0.00737934 0.035417 -0.00446471 -0.00422064 -0.00182788 0.00175827 -0.00216666 0.00178745 -0.0031137 0.00092741 -0.000199168 -0.00335605 0.000509358 -0.000609985 4.22081e-05
internal_weight=7.81721 6.54969 5.20982 3.90776 2.93529 1.26752 0.972476 1.30205 1.33987 1.23513 1.13382 2.59806 0.687042 0.921609 1.08618 0.345914 2.27984 2.19794 1.04652 1.86894 0.318224 1.02609 0.833562 0.328994 0.61984 1.00691 0.285435 0.974894 0.215871 0.189793 0.101309 0.0819036 0.104743 0.0880476 0.0787262 0.040539 0.0320174 0.0738321 0.016183 0.0191827 0.00605421
internal_count=393298 65771 21612 20237 8457 327527 11780 1375 44159 30363 24206 8144 10084 321336 19417 6191 6023 3144 18854 2525 2121 14597 320405 619 3612 12400 1696 6198 627 2040 6157 2879 13796 931 13111 3864 6202 13104 2009 2197 1859
is_linear=0
shrinkage=0.05


Tree=196
num_leaves=29
num_cat=0
split_feature=47 24 19 21 1 26 50 37 34 44 50 45 45 38 47 45 33 13 1 2 1 44 47 21 46 19 2 2
split_gain=0.312823 0.346802 0.328715 0.287622 0.282447 0.163665 0.1433 0.121064 0.0835131 0.081587 0.0776332 0.0652634 0.0599172 0.0523799 0.056128 0.0346735 0.0313231 0.0230171 0.018978 0.0133795 0.0096728 0.00732085 0.00717296 0.00639605 0.0056744 0.0020808 2.82657e-05 5.99299e-05
threshold=113.50000000000001 61.733762741088874 96.49015045166017 96.871944427490249 1.5000000000000002 4.5000000000000009 34.287206649780281 1.0000000180025095e-35 0.70294117927551281 4.5000000000000009 30.303404808044437 0.70489299297332775 0.79457059502601635 2.5000000000000004 90.500000000000014 0.39123311638832098 0.77500000596046459 56.500000000000007 39.500000000000007 3.5000000000000004 40.500000000000007 1.5000000000000002 160.50000000000003 96.60919570922853 31.500000000000004 88.067794799804702 13.500000000000002 12.500000000000002
decision_type=2 2 2 2 10 2 2 2 2 2 2 2 2 2 2 2 2 2 10 10 10 2 2 2 2 2 8 10
left_child=4 5 3 6 13 7 10 18 23 -10 22 -9 -13 14 -1 24 -7 19 -2 -16 -20 -5 -3 -8 -6 -15 27 -21
right_child=1 2 -4 21 15 16 8 11 9 -11 -12 12 -14 25 17 -17 -18 -19 20 26 -22 -23 -24 -25 -26 -27 -28 -29
leaf_value=-0.001739841814310166 -0.0033732069676566251 -0.0012416078291550472 0.018569575779560376 -0.0018888880088729282 0.0046274493369680789 -0.0037956534603914831 -0.0059048435917783901 -0.027173517080341599 0.0186663410397877 -0.0042066709943799647 -0.013835936970945107 0.0072203549691574583 -0.008653209244198462 -0.0023546293178923518 0.031350758133049182 -0.010707121078621347 0.009020940265159226 -0.00067813299176556357 0.0077549866391799843 -0.00022528352139981707 -0.001427203654003593 -0.020936449579739707 0.0066717288342947531 0.0012617036331939628 -0.0014408053187233243 0.0010668440528607984 -0.00032879068059012026 0.00033032415754857402
leaf_weight=0.036460675688196664 0.072000785501359466 0.025460745207695701 1.3763898966026316 0.27425016548386327 0.10560224652618899 0.078463628933846397 0.13282088213706078 1.3057741161645919 1.1048288189956705 0.090059599789725442 0.336575897045023 0.18741942650794374 0.20738839756178606 0.047635203904889067 0.69086910628139009 0.28050034196311913 0.24117431062518335 0.016151819691089031 0.14630703015157565 0.005262268291659212 0.029070967097908351 0.68614251557212924 0.15049619902868017 0.025200732052326202 0.029536863047809447 0.02231673005525181 0.0066154640151694357 0.0082229396294621893
leaf_count=1010 7071 15032 467 36 2221 7388 40316 235766 2273 8362 11679 6738 14511 1803 3006 14078 47 993 50 2935 1482 720 2300 1 8474 73 4273 308
internal_value=0.0010156 -0.00401407 0.0045438 -0.00535586 0.0172683 -0.0164103 0.00600888 -0.0205991 0.0124562 0.0158113 -0.00799335 -0.0238949 -0.00134369 0.0266791 0.0285177 -0.00711884 0.0053826 0.0301638 0.00305025 0.0308513 0.00631363 -0.0192353 0.00544457 -0.00465935 0.00320027 -0.00128617 -0.000219973 0.000105153
internal_weight=7.719 6.46982 4.20223 2.82584 1.24917 2.2676 1.86544 1.94796 1.35291 1.19489 0.512533 1.70058 0.394808 0.833534 0.763582 0.415639 0.319638 0.727122 0.247379 0.71097 0.175378 0.960393 0.175957 0.158022 0.135139 0.0699519 0.0201007 0.0134852
internal_count=393413 354239 81186 80719 39174 273053 79963 265618 50952 10635 29011 257015 21249 14401 12525 24773 7435 11515 8603 10522 1532 756 17332 40317 10695 1876 7516 3243
is_linear=0
shrinkage=0.05


Tree=197
num_leaves=36
num_cat=0
split_feature=33 50 17 33 18 13 13 23 38 13 33 44 17 16 50 24 24 44 50 43 44 37 37 13 13 18 45 19 19 44 19 50 37 25 25
split_gain=0.405389 0.559436 0.273014 0.171964 0.257321 0.133068 0.107365 0.106908 0.0907843 0.088439 0.0777005 0.0691959 0.0667724 0.0469702 0.0417399 0.03047 0.0283854 0.027091 0.0214035 0.0104844 0.00665397 0.0142932 0.00555611 0.00532557 0.0233215 0.00489697 0.00309903 0.0192273 0.0188096 0.00200178 0.00157336 0.00145793 0.00138287 0.000341092 1.60628e-06
threshold=0.64583334326744091 30.303404808044437 71.50376129150392 0.81666666269302379 93.127067565917983 6.5000000000000009 61.500000000000007 71.010189056396499 4.5000000000000009 65.500000000000014 0.6904762089252473 1.5000000000000002 80.217391967773452 92.63776016235353 99.655174255371108 95.940452575683608 95.940452575683608 1.5000000000000002 46.154085159301765 1.0000000180025095e-35 3.5000000000000004 4.5000000000000009 1.0000000180025095e-35 47.500000000000007 58.500000000000007 88.067794799804702 0.70489299297332775 91.476997375488295 88.303691864013686 1.5000000000000002 87.585617065429702 43.244123458862312 4.5000000000000009 2.5000000000000004 3.5000000000000004
decision_type=2 2 2 2 2 2 2 2 2 2 2 2 2 2 2 2 2 2 2 2 2 2 2 2 2 2 2 2 2 2 2 2 2 2 2
left_child=1 11 7 4 5 12 13 19 9 14 20 16 25 -5 -3 -8 -1 -12 31 -2 -6 -22 -19 -15 -25 30 27 28 -14 -7 -4 -11 -10 -16 -35
right_child=2 8 3 6 10 29 15 -9 32 18 17 -13 26 23 33 -17 -18 22 -20 -21 21 -23 -24 24 -26 -27 -28 -29 -30 -31 -32 -33 -34 34 -36
leaf_value=-0.0013772195824095083 0.0026630077414854843 -0.029251623683599837 -0.00090599316268768582 -0.00039971260023048986 0.0042930558433794588 -4.7180045535153704e-05 -0.0089718706034863527 0.031489816329766544 -0.00045623210879508659 -0.00031300479009794847 0.00038073361638884742 -0.0035321167940905911 -0.0026004092462824893 0.020135174322093486 -0.0005775635401318711 0.0037276622368334813 0.020966920443196431 -0.00089088731835615864 -0.0045918415994955939 -0.004564571760334939 -0.0048620137754612726 0.0033744733434195838 -0.021593759734393359 -0.0029922101833302511 0.0071314443601734742 -0.0044966284104052739 0.018396485730486287 -0.0038060709912008267 0.0081060657320856933 -0.0085335496871297364 0.0021052068187092771 0.0054962346866958079 0.0036372444357684942 9.5069910413083765e-06 0.00070993768730001584
leaf_weight=0.028209230961906306 0.057642444785187652 1.3429920141444034 0.01840790572168749 0.37393219478553885 0.10270125511777917 0.085646923238073325 0.2130843496303213 0.51900253824703668 0.0092064320806314326 0.0062977086713614785 0.1263978004653834 0.075453121326489736 0.054466990365028778 0.8368419089215422 0.066733293112349545 0.078664268512511626 0.4271503004895294 0.12369646162130721 0.10046604181519569 0.098568983324184956 0.11784019120273115 0.066929222613794082 0.80548621017749156 0.25949739803081684 0.32544865946556456 0.11611274234655866 0.64973472013269884 0.079774009220557218 0.19067298839587465 0.19491828644896714 0.045330205124798795 0.14263877910020994 0.079454359087606008 0.035992701855036557 0.017538112162810648
leaf_count=4278 44 300775 821 106 45 130 1019 1399 7176 4866 109 31188 706 291 769 17 69 200 18971 2959 1279 22 3720 482 197 925 150 705 248 6395 396 871 717 463 279
internal_value=0.00271141 -0.0118045 0.00969182 0.00302734 -0.00463188 0.00786852 0.0114194 0.0272414 -0.0228615 -0.0248863 -0.0156463 0.0161406 0.0136498 0.0150658 -0.0277763 -0.00531275 0.0195875 -0.0192449 0.000730004 -0.00190103 0.00225196 -0.00154851 -0.0207281 0.0176187 0.00358604 -0.00317055 0.0167874 0.00211329 0.00554928 -0.00800281 0.00120139 0.00519196 0.00318355 0.000103664 0.000695032
internal_weight=7.87293 2.33213 5.5408 4.86558 2.77812 1.43506 2.08747 0.675214 1.80132 1.71266 1.34305 0.530813 1.1545 1.79572 1.46326 0.291749 0.45536 1.05558 0.249403 0.156211 0.287471 0.184769 0.929183 1.42179 0.584946 0.179851 0.974649 0.324914 0.24514 0.280565 0.0637381 0.148936 0.0886608 0.120264 0.0535308
internal_count=392787 370422 22365 17963 15851 10476 2112 4402 334887 326994 5375 35535 3951 1076 302286 1036 4347 4029 24708 3003 1346 1301 3920 970 679 2142 1809 1659 954 6525 1217 5737 7893 1511 742
is_linear=0
shrinkage=0.05


Tree=198
num_leaves=34
num_cat=0
split_feature=47 50 17 46 35 31 19 24 44 20 24 47 37 38 38 0 21 37 48 37 19 47 24 46 47 47 47 38 37 21 47 21 49
split_gain=0.41444 0.365505 0.169835 0.208126 0.149351 0.13474 0.127923 0.120037 0.10538 0.0860284 0.0636086 0.0534837 0.0419779 0.0292251 0.028768 0.024906 0.0194965 0.0190092 0.0189668 0.0165281 0.0109826 0.00865964 0.00745081 0.00592242 0.00433642 0.00207549 0.0019827 0.000959583 0.000610223 0.000370405 0.000128226 7.56191e-05 6.43159e-05
threshold=104.50000000000001 23.531040191650394 95.040985107421889 134.50000000000003 1.0000000180025095e-35 3.5000000000000004 96.824596405029311 87.821357727050795 3.5000000000000004 0.95259785652160656 1.0000000180025095e-35 150.50000000000003 1.0000000180025095e-35 4.5000000000000009 1.0000000180025095e-35 112.80730438232423 75.716625213623061 1.0000000180025095e-35 11.500000000000002 4.5000000000000009 88.589511871337905 105.50000000000001 99.704143524169936 1.5000000000000002 122.50000000000001 148.50000000000003 121.50000000000001 1.0000000180025095e-35 4.5000000000000009 46.247655868530281 163.50000000000003 46.065429687500007 6.5000000000000009
decision_type=2 2 2 2 2 2 2 2 2 2 2 2 2 2 2 2 2 2 2 2 2 2 2 2 2 2 2 2 2 2 2 2 2
left_child=4 15 3 5 12 6 13 10 -8 14 -4 20 27 17 -10 -2 29 24 21 22 -5 -19 -6 -7 26 -26 -3 -1 -15 31 -27 -14 -20
right_child=1 2 7 11 19 23 8 -9 9 -11 -12 -13 16 28 -16 -17 -18 18 32 -21 -22 -23 -24 -25 25 30 -28 -29 -30 -31 -32 -33 -34
leaf_value=0.00072424228450393945 -0.0012053187778055799 -0.00086203408662478105 0.0036173804116770808 0.014003524607678572 -0.006949424550642804 0.0075519452826866467 0.0094879345779745813 0.014429538243794221 0.0079687183145873523 -0.014974693790284009 -0.011858933751301242 -0.0042425279817110122 -0.00013643895101229529 -0.00045258745721837618 -0.0039189572864677998 0.021031939442120309 0.031217632015919396 1.3348308148755114e-05 -0.00010201035026140451 0.0032940495893641914 -0.00085144917678850072 -0.022273465336024648 0.0010699303410473379 -0.00090256754258404232 -0.0033580868306326535 0.00089337039291802049 0.0027735343034983612 -0.0016001034749311923 0.0016479615731234865 -0.00082599589040335342 -0.0001773703011975758 0.00068711825169034805 0.00078038995043365705
leaf_weight=0.025121831717115017 0.024698223354675863 0.017388324134174904 0.65125299501232781 0.31251453087713787 0.15577176846585417 0.16048963615463652 0.40708941896014017 0.51573972535697976 0.28075632059369582 0.46700019445876251 0.30595482643207106 0.092497282893532429 0.0027362374810877546 0.0097216209398139908 0.083299917069780349 0.44023114391555396 0.50850218269124525 0.042852454936480266 0.0020443756723124143 0.068146564622509231 0.017256102120256855 3.0237654966010723 0.076307033434375171 0.018289011216275242 0.079487555708681157 0.025833466836303387 0.055484729642557795 0.032731264226242729 0.036431153972330321 0.016631812595619522 0.0035590531027764874 0.013783528931185174 0.031872236170286783
leaf_count=129 8216 2734 56 7615 14152 91 168 129 294 1278 2178 19239 2005 7458 1638 27 453 1443 2654 341 626 298448 366 9591 5180 2332 179 619 724 1112 825 15 908
internal_value=0.00150229 -0.00357924 -0.00759985 -0.0114184 0.0223926 -0.0144992 -0.0163742 0.00499703 -0.00118711 -0.00874211 -0.00486102 0.00905507 0.0286975 -0.0204442 0.00436975 0.0198342 0.0303647 -0.0209566 -0.0216816 -0.00258559 0.0131705 -0.0220353 -0.00558436 0.00665509 -0.000707564 -0.00260314 0.00191113 -0.000860271 0.00119582 -0.000270974 0.000717363 0.00055068 0.000679981
internal_weight=8.00524 7.10551 6.64058 5.16763 0.899732 4.74536 4.56659 1.47295 1.23815 0.831056 0.957208 0.422268 0.599507 3.32844 0.364056 0.464929 0.541654 3.28229 3.10053 0.300225 0.329771 3.06662 0.232079 0.178779 0.181753 0.10888 0.0728731 0.0578531 0.0461528 0.0331516 0.0293925 0.0165198 0.0339166
internal_count=393223 374031 365788 363425 19192 335945 326263 2363 3378 3210 2234 27480 4333 322885 1932 8243 3585 314703 303453 14859 8241 299891 14518 9682 11250 8337 2913 748 8182 3132 3157 2020 3562
is_linear=0
shrinkage=0.05


Tree=199
num_leaves=27
num_cat=0
split_feature=13 0 34 1 16 12 16 0 47 44 23 33 37 1 20 23 44 2 49 48 48 49 50 49 34 48
split_gain=0.313411 0.362959 0.279279 0.318419 0.155446 0.149535 0.117175 0.11045 0.0964782 0.0851773 0.084994 0.0787919 0.0696336 0.0661067 0.0476951 0.0466881 0.0369627 0.0344883 0.0183334 0.0142138 0.0121417 0.0108307 0.00740092 0.000530989 0.000319932 8.86436e-05
threshold=2.5000000000000004 151.01722717285159 0.85357144474983226 39.500000000000007 76.339714050292983 1.5000000000000002 84.29276275634767 19.587402343750004 121.50000000000001 4.5000000000000009 89.725547790527358 0.73214286565780651 3.5000000000000004 34.500000000000007 0.53469792008399974 85.215545654296889 2.5000000000000004 2.5000000000000004 4.5000000000000009 2.5000000000000004 1.5000000000000002 1.0000000180025095e-35 84.002838134765639 5.5000000000000009 0.91287881135940563 11.500000000000002
decision_type=2 2 2 10 2 2 2 2 2 2 2 2 2 10 2 2 2 10 2 2 2 2 2 2 2 2
left_child=1 4 3 12 5 9 16 19 -6 13 -3 22 18 14 -1 -13 -4 20 -2 -5 -16 -14 24 -20 -10 -22
right_child=2 10 6 7 8 -7 -8 -9 11 -11 -12 15 21 -15 17 -17 -18 -19 23 -21 25 -23 -24 -25 -26 -27
leaf_value=-0.0012426551200411969 -0.029643021680160565 -0.012404080876688423 0.0031130117223183169 -0.0010127504951520281 -0.009814708585136285 -0.0044742924578591815 0.015183357948232785 -0.0077781224659916924 -0.00026316940803866091 -0.0024199842526269918 0.0032842290629423523 -0.0030181121593674952 -0.0031944243411764607 -0.0017842641407072675 0.036208285357280531 0.015894548886036544 -0.010147303737052684 -0.00087634903811282866 0.00088656419310574565 0.015065988239083304 -0.00039430002040882523 0.0039296036827035112 -0.006766049829291034 -0.00073389735810827379 0.0014932269127947947 0.00027864494813216039
leaf_weight=0.025466677241752445 1.452579743034552 1.1952788305458741 0.2875614211791343 0.0206253061705296 0.26109534710965909 0.098150450215570118 0.40926470859949404 0.18259304415880706 0.0052883930943892201 0.050861245500641417 0.86648768439772528 0.063523482405116738 0.067888067729285129 0.036907722870722637 0.77512659989531585 0.54720347827679916 0.25866142248796109 0.017838436734223251 0.026988268519616443 0.32856868297415076 0.009696172740206066 0.090482323798482867 0.15267072694757644 0.014865439480246323 0.030262179426244984 0.0071833454114198494
leaf_count=13105 118015 362 78 6981 1413 79116 76 20031 2307 96064 123 1626 9111 13828 7603 426 3310 10921 210 206 3727 934 2127 716 3 258
internal_value=-0.0018328 0.00662318 -0.0118946 -0.0194305 0.0179029 0.0260653 0.00646056 0.00638745 0.00120377 0.0299506 -0.00689159 0.00825877 -0.0270138 0.0321225 0.0337766 0.0132749 -0.00566789 0.0349559 -0.0290792 0.0140696 0.0358017 0.000754401 -0.00549155 0.000159028 0.00123012 -0.000115527
internal_weight=7.28312 4.14304 3.14008 2.18459 2.08127 1.02123 0.955488 0.531787 1.06004 0.92308 2.06177 0.798948 1.6528 0.872219 0.835311 0.610727 0.546223 0.809845 1.49443 0.349194 0.792006 0.15837 0.188221 0.0418537 0.0355506 0.0168795
internal_count=392677 233009 159668 156204 232524 224622 3464 27218 7902 145506 485 6489 128986 49442 35614 2052 3388 22509 118941 7187 11588 10045 4437 926 2310 3985
is_linear=0
shrinkage=0.05


Tree=200
num_leaves=33
num_cat=0
split_feature=11 25 2 19 35 49 11 13 16 46 13 19 20 34 26 38 34 44 38 33 34 1 17 13 13 49 33 20 17 37 17 17
split_gain=0.461267 0.161961 0.13828 0.131026 0.156016 0.17033 0.139536 0.118696 0.139624 0.115927 0.112942 0.104834 0.10241 0.0692232 0.0580237 0.057655 0.0451049 0.0414731 0.0378276 0.0314292 0.0258227 0.0230845 0.0220251 0.0165062 0.0283695 0.0097853 0.00233458 0.00171765 0.000499263 0.00034316 1.52074e-05 6.78147e-06
threshold=-0.83677384257316578 3.5000000000000004 3.5000000000000004 91.010101318359389 1.0000000180025095e-35 1.0000000180025095e-35 -1.0000000180025095e-35 62.500000000000007 85.215545654296889 75.500000000000014 61.500000000000007 27.429467201232914 0.95259785652160656 0.23205128312110904 1.5000000000000002 1.5000000000000002 0.95619046688079845 4.5000000000000009 4.5000000000000009 0.77500000596046459 0.70294117927551281 34.500000000000007 95.040985107421889 46.500000000000007 59.500000000000007 11.500000000000002 0.64583334326744091 0.33191312849521643 95.040985107421889 4.5000000000000009 90.521114349365249 78.738201141357436
decision_type=8 2 8 2 2 2 10 2 2 2 2 2 2 2 2 2 2 2 2 2 2 10 2 2 2 2 2 2 2 2 2 2
left_child=2 3 9 7 6 14 -5 8 11 -1 13 27 17 15 -6 -11 -10 21 19 25 -9 -3 -16 -8 -25 28 -22 -2 -13 -20 31 -27
right_child=1 12 -4 4 5 -7 23 20 16 10 -12 18 -14 -15 22 -17 -18 -19 29 -21 26 -23 -24 24 -26 30 -28 -29 -30 -31 -32 -33
leaf_value=-0.0040322883048300841 0.004287756386841788 0.017903642846658217 -0.0052783354311601235 -0.0080413022634555839 0.0031378112486777697 0.0095606416797776091 0.017799663307316815 -0.0037823872564732674 -0.0056738129976212151 0.031993034160064708 -0.0035276170938649157 -0.027152225649013751 -0.0047833105086179826 -0.0020845390140810339 -0.019753244932270195 -0.0016606970906318536 0.0083442526081081454 -0.0025470455378608418 -0.00031161497238897125 -0.00081231835267848551 0.0079021906144400422 -0.0013404751005282375 -0.00088927774754774588 0.0061344139569422911 -0.0049258546627134565 -0.0001221999346656371 -0.0001443459889667712 -0.00047777566621763612 6.005695612417219e-08 0.0013497001252745346 0.00035418516099013477 6.9235913337890748e-05
leaf_weight=0.084776021035565807 0.086797890129361899 0.57380019318622977 0.11802138506200788 0.19303234674319469 0.08316630881193976 0.22601668120796614 0.63454820630977338 0.081437439267780465 0.13142702962346664 1.1187512682227518 0.075622237794504943 1.4807717110000236 0.52051142065852218 0.04316310416328395 0.75596027827481271 0.034253512578487633 0.28288688670727424 0.052706456478169628 0.006271074907971185 0.18794547723268795 0.22825688418298284 0.027237970628362973 0.27729340854511975 0.20566745552835641 0.14639111513531589 0.0024498456029390381 0.059209804143847578 0.0096350275840677568 0.0016897289119698336 0.055348579620556393 0.0070922510349191725 0.0013847128720954061
leaf_count=2234 275 5701 119670 2720 287 87 396 20663 782 5946 1427 199789 163 611 2189 2653 15 15147 4951 248 1949 1490 200 287 211 855 13 1857 6 526 2 1
internal_value=0.00161865 -0.0048627 0.020134 -0.00853343 0.000155725 -0.00883759 0.00974931 -0.0146258 -0.017963 0.0236466 0.0264544 -0.0220933 0.00774766 0.029093 -0.0153197 0.0306863 0.0030299 0.0145842 -0.0243931 -0.0253679 0.0039905 0.016739 -0.017618 0.0155257 0.00129366 -0.0268931 0.00742002 0.00381012 -0.0271337 0.00104636 0.000300249 -5.29644e-05
internal_weight=7.79352 6.31894 1.47459 5.14468 2.52208 1.34244 1.17964 2.6226 2.2537 1.35657 1.27179 1.83939 1.17426 1.19617 1.11642 1.153 0.414314 0.653745 1.74295 1.68133 0.368904 0.601038 1.03325 0.986607 0.352059 1.49339 0.287467 0.0964329 1.48246 0.0616197 0.0109268 0.00383456
internal_count=393351 260810 132541 238309 6377 2763 3614 231932 209307 12871 10637 208510 22501 9210 2676 8599 797 22338 206378 200901 22625 7191 2389 894 498 200653 1962 2132 199795 5477 858 856
is_linear=0
shrinkage=0.05


Tree=201
num_leaves=33
num_cat=0
split_feature=38 1 21 44 50 48 16 2 13 0 19 41 34 39 21 37 28 13 16 0 17 31 16 2 16 23 2 20 37 20 23 2
split_gain=0.305137 0.278916 0.221741 0.13703 0.122707 0.22193 0.152823 0.118581 0.117341 0.213785 0.101594 0.100103 0.0925085 0.0736859 0.0628116 0.0718827 0.0558724 0.0525104 0.0436248 0.0363393 0.0229654 0.0229605 0.0221554 0.0176701 0.0152526 0.00929241 0.00507076 0.00434478 0.000677539 0.000348375 0.000183972 4.34617e-05
threshold=1.5000000000000002 1.5000000000000002 96.871944427490249 4.5000000000000009 93.369964599609389 1.5000000000000002 95.101959228515639 4.5000000000000009 1.5000000000000002 20.089843750000004 99.333332061767592 6.5000000000000009 0.70294117927551281 0.77500000596046459 13.484848499298097 2.5000000000000004 1.5000000000000002 58.500000000000007 20.761494636535648 21.343261718750004 85.86789703369142 2.5000000000000004 80.229885101318374 2.5000000000000004 88.548007965087905 99.090908050537124 2.5000000000000004 0.8995167911052705 1.0000000180025095e-35 0.99629628658294689 81.892700195312514 3.5000000000000004
decision_type=2 10 2 2 2 2 2 10 2 2 2 2 2 2 2 2 2 2 2 2 2 2 2 8 2 2 8 2 2 2 2 8
left_child=1 3 12 4 5 7 22 16 11 17 -5 19 25 -4 -14 21 -1 -10 -7 -3 -12 -16 30 -20 26 -2 -21 -17 -11 -13 -6 -28
right_child=2 8 13 10 6 18 -8 -9 9 28 20 29 14 -15 15 27 -18 -19 23 24 -22 -23 -24 -25 -26 -27 31 -29 -30 -31 -32 -33
leaf_value=0.036088885936449204 -0.0087364482259107337 -0.0025429050307242962 -0.02127987760250941 -0.01143635546926698 0.0018059873221410061 0.0064839909965135958 0.012947630383883782 -0.0029830197566401706 -0.0045659446531082833 -0.00013084058969997826 -0.002355072190583445 -0.0075687331617084177 -0.0045118347158246922 0.0033472703594184371 0.018617219493181441 -0.0047443732503784893 -0.0013931842146491331 0.012056579960156235 0.0018071351522539675 0.016552864290247837 0.010693618659402805 -0.0012747864226309684 -0.011363620571817825 -0.00905601430383411 -0.00043698490909806453 0.0012060849774782599 0.00013050732609874699 0.0010794206271425414 -0.020764509627174202 5.301207096442499e-05 -6.0494019992442943e-05 -0.00041330961622852046
leaf_weight=1.2047604542695474 0.21207620179688291 0.052896287319100455 1.0696711936104462 0.29011505683872219 0.060111945786388565 0.17678864590129695 0.65419224047855096 0.063440009546127274 0.099409637201062884 0.016764897164534887 0.04863553646902119 0.17234133676200258 0.091617344178899884 0.070233970094705112 0.64790535590299214 0.11265958662184516 0.028391279195318364 0.32542142317134903 0.13569932570533183 0.43499592520456076 0.26920794585714702 0.02583216119577969 0.40477148381421557 0.23846994163073987 0.095254686861608207 0.024242319021823278 0.0037029574956193309 0.021708628150690856 0.68295070116271006 0.0011867603607242918 0.079180962919622289 0.0083349430408077296
leaf_count=4759 133280 3121 6946 83487 331 69 194 44121 6408 711 1055 37411 201 65 4949 1884 5748 1439 381 162 1034 2873 475 5156 36 34 67 7 37329 2 142 9468
internal_value=0.00395687 0.0098449 -0.00901829 0.0165633 0.0199548 0.0257869 0.00332256 0.0326407 -0.00436429 -0.0113523 -0.00227083 0.00649706 0.00511065 -0.0189074 0.0106702 0.0139348 0.0349885 0.00769228 -0.000988391 0.012733 0.00842499 0.0175486 -0.00914083 -0.0066682 0.0149057 -0.00756594 0.0162177 -0.00368136 -0.020638 -0.00751585 0.00162317 -0.000282365
internal_weight=7.82297 5.54702 2.27595 3.65376 3.04581 1.84755 1.19826 1.29659 1.89326 1.12455 0.607959 0.768713 1.13604 1.13991 0.899723 0.808106 1.23315 0.424831 0.550958 0.595185 0.317843 0.673738 0.544064 0.374169 0.542289 0.236319 0.447034 0.134368 0.699716 0.173528 0.139293 0.0120379
internal_count=393345 243106 150239 146952 61376 60234 1142 54628 96154 45887 85576 50267 143228 7011 9914 9713 10507 7847 5606 12854 2089 7822 948 5537 9733 133314 9697 1891 38040 37413 473 9535
is_linear=0
shrinkage=0.05


Tree=202
num_leaves=31
num_cat=0
split_feature=17 43 28 21 34 16 37 50 12 1 13 37 11 16 47 47 50 47 37 47 16 49 47 41 23 37 47 23 49 16
split_gain=0.352432 0.304824 0.302453 0.174048 0.172992 0.161366 0.188817 0.111397 0.108761 0.0944618 0.0757621 0.0749696 0.0698835 0.0435948 0.0403477 0.0322498 0.0237237 0.0166499 0.0128443 0.00933566 0.00805374 0.00645078 0.00503025 0.00439013 0.00316577 0.00313227 0.00284883 0.000530815 0.000103038 1.26156e-05
threshold=87.138130187988295 1.5000000000000002 1.5000000000000002 13.484848499298097 0.8441295623779298 76.339714050292983 1.5000000000000002 92.703594207763686 21.500000000000004 21.500000000000004 66.500000000000014 4.5000000000000009 inf 71.50376129150392 151.50000000000003 103.50000000000001 85.738498687744155 164.50000000000003 4.5000000000000009 160.50000000000003 77.836257934570327 1.5000000000000002 166.50000000000003 6.5000000000000009 77.459678649902358 4.5000000000000009 165.50000000000003 95.742755889892592 1.0000000180025095e-35 76.63120269775392
decision_type=2 2 2 2 2 2 2 2 2 10 2 2 8 2 2 2 2 2 2 2 2 2 2 2 2 2 2 2 2 2
left_child=2 -2 3 -1 8 9 7 16 11 10 12 13 14 -3 15 -5 23 -15 20 25 28 -12 -21 24 -7 -16 -19 -4 29 -8
right_child=1 4 27 5 -6 6 18 -9 -10 -11 21 -13 -14 17 19 -17 -18 26 -20 22 -22 -23 -24 -25 -26 -27 -28 -29 -30 -31
leaf_value=-0.007017922609786488 0.0134160217271262 0.0010607308758003378 -0.011559939558580201 -0.00072305793079762435 0.004512631097297228 -0.00074755678043936875 6.7753677056538397e-05 0.018300842225759253 0.0040625147162485229 -0.0030116152511146703 -0.0034864940914221595 0.0028860003006266799 -0.002055677055381463 -0.025677300799786053 -0.003270146767466689 0.033514086114967624 -0.0078004789090290669 0.0017481137788061833 0.00096759737614436755 0.0056851759060749484 -0.013130871525783565 0.0021825002402484721 -0.0010320775798564857 -0.0011946463826763914 0.0049988440886687248 0.0011386563630257423 -0.0019562391730590725 5.140222311164272e-05 0.00077387214269508805 -0.00023130175882652535
leaf_weight=0.15296465827367445 0.70764462968759323 0.088394385082324667 0.29938417595062095 0.02780173315613943 0.67047684604858648 0.015067824371044258 0.0032679744272455791 0.75432931159070904 0.15587956752983689 0.063778141289702606 0.074349138797828007 0.074845724038993811 0.042849810485792061 1.3329997873522073 0.085319708165712771 1.9184802975972841 0.18404013301770306 0.041558155095458349 0.049717913652557399 0.15603988327026741 0.34947062457169409 0.045597079512447181 0.020909802101272135 0.033618085600409131 0.11482345445168107 0.025536833637090695 0.040477109745154394 0.0010315007862118355 0.015660787370734397 0.0046429946807791111
leaf_count=982 368 311 267037 1265 38 1214 276 1700 117 23266 6719 189 18058 4739 7141 35074 2958 54 623 3730 6845 24 4907 2111 1069 391 803 3 20 959
internal_value=0.00701433 -0.00503845 0.0148379 0.0186187 -0.0128147 0.0208131 0.00410609 0.0125834 -0.0187142 0.0269871 0.0284369 -0.0216669 0.0299244 -0.0235538 0.0309838 0.0329456 -0.0041979 -0.024894 -0.0113037 0.00243609 -0.0124527 -0.00130693 0.00468893 0.00307621 0.00426059 -0.00214377 -0.000198385 -0.0115112 0.000607276 -0.00016311
internal_weight=7.55096 3.11228 4.43868 4.13827 2.40463 3.9853 1.52464 1.10188 1.73415 2.46066 2.39688 1.57828 2.27694 1.50343 2.23409 1.94628 0.347549 1.41504 0.42276 0.287806 0.373042 0.119946 0.17695 0.163509 0.129891 0.110857 0.0820353 0.300416 0.0235718 0.00791097
internal_count=392991 6619 386372 119332 6251 118350 17775 9052 6213 100575 77309 6096 70566 5907 52508 36339 7352 5596 8723 16169 8100 6743 8637 4394 2283 7532 857 267040 1255 1235
is_linear=0
shrinkage=0.05


Tree=203
num_leaves=28
num_cat=0
split_feature=38 44 1 13 0 13 44 20 40 46 46 10 24 13 24 50 12 50 20 21 12 16 41 37 37 12 0
split_gain=0.236843 0.176685 0.157278 0.175083 0.166354 0.123369 0.108906 0.0809031 0.0802 0.0905647 0.114394 0.103593 0.0800022 0.085684 0.0623197 0.0446618 0.038612 0.0568799 0.0380656 0.0235377 0.0108241 0.00597968 0.00918568 0.00479414 0.00390474 0.00387144 0.00209606
threshold=1.5000000000000002 1.5000000000000002 1.5000000000000002 52.500000000000007 19.587402343750004 2.5000000000000004 4.5000000000000009 0.99629628658294689 1.0000000180025095e-35 92.500000000000014 134.50000000000003 1.0000000180025095e-35 88.32251358032228 2.5000000000000004 93.492378234863295 99.655174255371108 1.5000000000000002 97.68778228759767 0.99629628658294689 91.596042633056655 3.5000000000000004 95.101959228515639 1.0000000180025095e-35 4.5000000000000009 6.5000000000000009 4.5000000000000009 94.899288177490249
decision_type=2 2 10 2 2 2 2 2 2 2 2 2 2 2 2 2 2 2 2 2 2 2 2 2 2 2 2
left_child=2 12 3 6 18 15 8 -8 -1 11 24 16 23 -14 -5 26 17 -10 -4 -12 -18 22 -3 -2 -11 -22 -6
right_child=1 21 4 14 5 -7 7 -9 9 10 19 -13 13 -15 -16 -17 20 -19 -20 -21 25 -23 -24 -25 -26 -27 -28
leaf_value=-0.0031421944435819586 -0.0083408722211039763 -1.4805057975413942e-05 -0.0028446702423267252 -0.01135479665662841 -0.0057509854638680179 -0.018592736091471874 -0.0096252310170956874 0.0078416155018357133 0.033474915999528079 -0.010137651417153504 -0.0019452871157313268 -0.0032932942889441329 -0.0023174732003257491 0.016137413508058106 0.00505208958920702 0.0085031575289391953 -0.0031499331338959548 0.0027288862149439925 0.014145384562732106 0.01302487414294305 0.0048853539175903599 -0.0006658227638061668 -0.018360133204938598 0.00056229097607126343 0.00043197360282801563 -0.00093522972044567825 0.00039847571924537937
leaf_weight=0.085693008471878662 0.19529342327481236 0.072540940006767363 0.059950887430119226 0.28974413606877991 0.12840037239817526 0.57664883772820019 0.23368807883472786 0.43433063653867521 1.1969039117623492 0.24358398098226519 0.04035158026763952 0.070240083682278853 0.73701609921056366 0.42945072827387776 0.27476600663328554 0.40361553697408681 0.065701065974252404 0.36575520847395626 0.33337084557268781 0.35522057501952986 0.098466366915886283 0.13612349924324008 0.83873188875410776 0.037023790930504674 0.0093225110985599713 0.019048292669907596 0.019339970398448258
leaf_count=10 11192 5425 16838 24899 47491 30924 71631 321 4587 27874 8282 1822 335 232 88 201 1485 50 179 294 267 921 131852 226 64 5432 218
internal_value=0.00383083 -0.00721849 0.00926332 0.0138023 -0.00302081 -0.0110255 0.0175943 -0.000375933 0.0210815 0.0225876 0.00209695 0.0265614 0.00402515 0.00878949 -0.00524417 0.00377214 0.0285245 0.0301516 0.0113727 0.0111981 0.000892877 -0.0168662 -0.0176716 -0.0076171 -0.00971423 0.00394926 -0.00530018
internal_weight=7.75032 2.44618 5.30414 3.78282 1.52133 1.128 3.21831 0.668019 2.55029 2.46459 0.648479 1.81611 1.39878 1.16647 0.56451 0.551356 1.74587 1.56266 0.393322 0.395572 0.183216 1.0474 0.911273 0.232317 0.252906 0.117515 0.14774
internal_count=393140 150183 242957 147106 95851 78834 122119 71952 50167 50157 36514 13643 11985 567 24987 47910 11821 4637 17017 8576 7184 138198 137277 11418 27938 5699 47709
is_linear=0
shrinkage=0.05


Tree=204
num_leaves=19
num_cat=0
split_feature=44 13 28 45 46 19 21 34 47 2 34 17 50 37 34 47 39 20
split_gain=0.35998 0.155011 0.102856 0.0937816 0.25782 0.0885788 0.347608 0.131692 0.0677394 0.0502442 0.0450282 0.0187618 0.0158842 0.0136803 0.00736131 0.00626755 0.00099022 0.000329575
threshold=4.5000000000000009 67.500000000000014 1.5000000000000002 0.34840443730354315 134.50000000000003 91.010101318359389 99.152542114257827 0.70294117927551281 112.50000000000001 2.5000000000000004 0.20942982286214831 99.367088317871108 99.655174255371108 4.5000000000000009 0.23669467866420749 85.500000000000014 0.90000000596046459 0.93925386667251598
decision_type=2 2 2 2 2 2 2 2 2 10 2 2 2 2 2 2 2 2
left_child=1 2 3 4 8 6 7 13 12 -6 -10 -2 -1 -5 -12 -3 -17 -4
right_child=11 15 17 5 9 -7 -8 -9 10 -11 14 -13 -14 -15 -16 16 -18 -19
leaf_value=-0.0029173083801883348 -0.020145313891115572 0.00060759111144661083 -0.0077549214323774989 -0.0078382892227561955 0.016919934622346592 0.019156687523928118 -0.015180063659917808 0.017909086299697625 -0.019059783630688082 -0.0030314247594163913 0.0039325122029947755 0.00029479357865836971 0.0062074389541604044 0.0019716837551322377 -0.0022003373170440647 -0.011549777839631185 3.9820751536094107e-05 4.9186446381218853e-05
leaf_weight=0.061324510517294817 0.6488110875544385 0.012921180181308389 0.18267735241084881 0.18464100143282314 0.56450774963764161 2.0546289548079812 0.65020338100364927 1.6005881386072927 0.59291324514154553 0.063199822104621717 0.080789816209403398 0.089887378066123347 0.13273186448213892 0.041906372720461604 0.045679849328308819 0.29832274134403747 0.011746340070956762 0.0010080472732170156
leaf_count=1811 243670 25 98154 7003 361 775 331 254 22386 5176 258 1545 12 299 1507 9239 476 4
internal_value=0.00183027 0.00634841 0.008607 0.0101202 -0.000483128 0.0131616 0.00411025 0.0139162 -0.0127917 0.0142829 -0.0165241 -0.0189191 0.00329562 -0.00589561 0.00173051 -0.0108388 -0.0114155 -0.00770672
internal_weight=7.31849 6.57979 6.2568 6.07311 1.54115 4.53197 2.47734 1.82714 0.913439 0.627708 0.719383 0.738698 0.194056 0.226547 0.12647 0.32299 0.310069 0.183685
internal_count=393286 148071 138331 40173 31511 8662 7887 7556 25974 5537 24151 245215 1823 7302 1765 9740 9715 98158
is_linear=0
shrinkage=0.05


Tree=205
num_leaves=13
num_cat=0
split_feature=0 0 21 0 23 13 26 13 21 20 28 23
split_gain=0.267732 0.25858 0.222492 0.1754 0.290827 0.11749 0.096697 0.0954601 0.0643909 0.0634522 0.0409125 0.0368877
threshold=151.01722717285159 63.314989089965827 91.596042633056655 20.089843750000004 86.72955703735353 1.5000000000000002 2.5000000000000004 62.500000000000007 36.882591247558601 0.91633436083793651 1.5000000000000002 83.910789489746108
decision_type=2 2 2 2 2 2 2 2 2 2 2 2
left_child=1 2 -1 7 11 -6 8 9 -2 -4 -3 -5
right_child=6 10 3 4 5 -7 -8 -9 -10 -11 -12 -13
leaf_value=-0.016811069395892136 -0.0067566326703117231 0.023411249117294853 -0.0033616514490081074 -0.0024992771830931841 0.0038309952048660883 -0.021726181864121837 -0.016453367716434977 -0.0053662549976723111 0.006290882334269378 0.018296373003222226 -0.0017189843557339373 0.015430772791805656
leaf_weight=0.50418138528441181 0.94989042467474527 0.90287764208289889 0.07150640864841773 0.052183571538705342 0.25467108829786866 0.7339167947236831 1.263690657999941 0.11998710657982758 0.84125904890569458 1.542546034408133 0.035389242788625097 0.43473136120778122
leaf_count=359538 233 2044 4934 1677 136 1540 325 6683 195 3754 12291 253
internal_value=0.00025232 0.00726006 -0.000368102 0.00559485 -0.00539504 -0.0165267 -0.00957791 0.0134991 -0.000570213 0.0164179 0.0220655 0.0131207
internal_weight=7.70683 4.65199 3.71372 3.20954 1.4755 0.988588 3.05484 1.73404 1.79115 1.61405 0.938267 0.486915
internal_count=393603 392850 378515 18977 3606 1676 753 15371 428 8688 14335 1930
is_linear=0
shrinkage=0.05


Tree=206
num_leaves=24
num_cat=0
split_feature=47 44 33 20 34 1 2 49 12 28 12 33 17 19 50 12 37 47 47 38 47 50 38
split_gain=0.324288 0.457621 0.42705 0.315 0.239681 0.113652 0.103235 0.0894405 0.0720419 0.0689344 0.0624865 0.0439751 0.0403313 0.0227598 0.0189982 0.018514 0.0170823 0.00971283 0.00415012 0.00364508 0.00298073 0.00118556 1.65503e-05
threshold=105.50000000000001 1.5000000000000002 0.81666666269302379 0.46713979542255407 0.20942982286214831 12.500000000000002 1.5000000000000002 5.5000000000000009 21.500000000000004 1.5000000000000002 1.5000000000000002 0.64583334326744091 95.040985107421889 36.237373352050788 23.531040191650394 22.500000000000004 4.5000000000000009 173.50000000000003 165.50000000000003 4.5000000000000009 174.50000000000003 99.655174255371108 5.5000000000000009
decision_type=2 2 2 2 2 10 8 2 2 2 2 2 2 2 2 2 2 2 2 2 2 2 2
left_child=5 3 8 14 18 10 -4 9 12 -6 11 21 17 -9 -2 -10 -7 19 -5 -3 -19 -1 -21
right_child=1 2 6 4 7 16 -8 13 15 -11 -12 -13 -14 -15 -16 -17 -18 20 -20 22 -22 -23 -24
leaf_value=-0.0018445453155489381 0.0014956775152796013 -0.023361101013824503 0.01269660432438419 -0.0084078334760007995 0.028402494649513887 -0.0060965645018652313 -0.0071779585172984236 -0.0057667547032644838 0.0055584325187022863 -0.0022595985033748603 -0.0021533987243118262 0.029329459356043714 0.0012790615815978462 0.0044307267022581842 -0.013145857388056782 -0.0037870381011192535 0.0031928137618389787 0.0017110249495591104 0.00049284209523439335 0.00012602374858000846 -0.0020924202903237952 0.00078124827658258248 -0.00016224985189793785
leaf_weight=0.037989467513106834 0.042981230131431736 2.3891123276011843 1.1892390253437948 0.1974237837174474 1.5484748965860147 0.13435342360341451 0.18861565831758764 0.11191688737261518 0.11552499013157547 0.046956360784022766 0.04392803303051096 0.6344921327904558 0.074942989201872368 0.10869061279186099 0.33387808597778701 0.08183751019012675 0.064750127402362523 0.037505943498103878 0.029106650563747394 0.016506703622439889 0.043468786168684659 0.017226225635113224 0.0032555320531386647
leaf_count=6061 454 301792 431 5994 866 11444 1542 215 854 8243 2899 176 345 1140 3831 22405 285 1579 471 4736 14439 79 3058
internal_value=0.0031986 -0.00183766 -0.0110649 0.0125699 0.0193774 0.0212417 0.00810145 0.0243312 -0.0202378 0.0269772 0.0257095 0.0277083 -0.0219484 -0.00122877 -0.0116025 0.00175687 -0.00293228 -0.0228137 -0.00779479 -0.0232358 -0.000377601 -0.00106131 -3.40021e-05
internal_weight=7.49218 6.55944 4.14001 2.41943 2.04257 0.932739 1.37785 1.81604 2.76215 1.59543 0.733636 0.689708 2.56479 0.220608 0.376859 0.197363 0.199104 2.48985 0.22653 2.40887 0.0809747 0.0552157 0.0197622
internal_count=393339 372395 351181 21214 16929 20944 1973 10464 349208 9109 9215 6316 325949 1355 4285 23259 11729 325604 6465 309586 16018 6140 7794
is_linear=0
shrinkage=0.05


Tree=207
num_leaves=24
num_cat=0
split_feature=0 34 37 35 33 18 50 17 37 16 17 17 35 44 17 34 44 37 17 48 37 48 48
split_gain=0.233012 0.272121 0.20014 0.183911 0.168693 0.0913502 0.0861364 0.111483 0.0840696 0.0639642 0.0345716 0.0451287 0.0326041 0.0215942 0.0206027 0.0150623 0.014754 0.00874649 0.00570933 0.00406019 0.00056968 0.000179775 1.64886e-05
threshold=9.1186523437500018 0.90238094329833995 2.5000000000000004 1.5000000000000002 0.77500000596046459 87.298336029052749 99.655174255371108 89.022754669189467 1.5000000000000002 85.215545654296889 85.86789703369142 89.022754669189467 1.0000000180025095e-35 1.0000000180025095e-35 85.215545654296889 0.20942982286214831 4.5000000000000009 3.5000000000000004 75.147060394287124 16.500000000000004 4.5000000000000009 1.5000000000000002 17.500000000000004
decision_type=2 2 2 2 2 2 2 2 2 2 2 2 2 2 2 2 2 2 2 2 2 2 2
left_child=2 6 4 9 -1 12 10 14 -6 13 17 -12 -4 -3 18 -7 -5 19 -8 -2 21 -19 -21
right_child=1 3 5 16 8 15 7 -9 -10 -11 11 -13 -14 -15 -16 -17 -18 20 -20 22 -22 -23 -24
leaf_value=-0.014881931151948477 -0.022948717688303158 0.0011646050965783859 0.02807218691557975 0.017435449008866621 0.013867226154126092 -0.0051467966138259609 0.0019218567867806851 -0.0098661756105715807 -0.0059947000887841237 0.0031945096378845289 0.0057384380610545471 -0.0078567828767289113 -0.0011209508145004598 -0.014074683122457377 0.01123654676971059 0.003314547332871674 0.00076474596474661706 0.0008611076452677011 -0.003309821033208182 0.00023137617320864547 -0.0010944492969518203 -0.00025662401711924233 -8.8787434774319888e-05
leaf_weight=0.41184972343316395 1.1790639188620058 0.10844400891164718 0.42508521833795487 0.72911943736261253 0.54805294900407375 0.11404472528300857 0.11315577504626617 0.77149697203395817 0.13244093505676346 0.64578869913157178 0.20322176683225746 0.30745390102828196 0.022917825397001934 0.37830193928982681 0.3007427615477809 0.086369991290723647 0.24705365768258503 0.056968934267160765 0.092998276957359849 0.0050200277829618436 0.022214053659666888 0.0051534469127005869 0.0017787872439498642
leaf_count=150065 191632 39 7965 219 1237 3525 789 948 726 91 563 571 17846 1087 301 377 1459 6111 511 107 4367 1808 695
internal_value=-0.00118777 -0.00645056 0.0110893 0.00587089 -0.00302651 0.0222794 -0.0142976 -0.001905 0.00873467 -0.00602606 -0.0193096 -0.00222931 0.026836 -0.0121798 0.00871828 -0.00177683 0.0157383 -0.0221697 -0.00122563 -0.0228116 -0.000430258 0.00061407 0.000142623
internal_weight=6.90874 5.16798 1.74076 2.10871 1.09234 0.648418 3.05927 1.27839 0.680494 1.13253 1.78087 0.510676 0.448003 0.486746 0.506897 0.200415 0.976173 1.2702 0.206154 1.18586 0.0843364 0.0621224 0.00679882
internal_count=393039 211298 181741 2895 152028 29713 208403 2549 1963 1217 205854 1134 25811 1126 1601 3902 1678 204720 1300 192434 12286 7919 802
is_linear=0
shrinkage=0.05


Tree=208
num_leaves=23
num_cat=0
split_feature=11 34 29 47 13 41 26 20 47 41 44 7 49 23 17 23 45 13 23 37 20 38
split_gain=0.213138 0.31363 0.181053 0.17216 0.13395 0.177886 0.141009 0.117404 0.0996433 0.0903072 0.0701963 0.055787 0.0485064 0.0413469 0.0411814 0.0379978 0.0357704 0.0195537 0.00853949 0.00369543 0.0032942 0.0021334
threshold=-0.3647803515195846 0.70294117927551281 1.0000000180025095e-35 129.50000000000003 1.5000000000000002 4.5000000000000009 3.5000000000000004 0.48275209963321691 149.50000000000003 3.5000000000000004 4.5000000000000009 1.0000000180025095e-35 1.0000000180025095e-35 85.912700653076186 82.413585662841811 84.475742340087905 0.65364015102386486 61.500000000000007 83.910789489746108 6.5000000000000009 0.39724378287792211 4.5000000000000009
decision_type=8 2 2 2 2 2 2 2 2 2 2 2 2 2 2 2 2 2 2 2 2 2
left_child=3 4 -3 9 5 15 -6 12 19 -1 -9 -11 20 18 -10 21 -13 -16 -8 -5 -4 -2
right_child=1 2 7 8 6 -7 13 10 14 11 -12 16 -14 -15 17 -17 -18 -19 -20 -21 -22 -23
leaf_value=-0.002841880526710896 -0.0032610062126095505 -0.0029304219072868879 0.0067139648651967192 -0.010689928949509479 -0.023623256775923189 -0.012079441220090668 -0.0010195221159748971 0.023828565642812785 -0.0037953229788817511 -0.0016735298128259864 -0.0028113281685505755 0.032090619677677588 -0.0081502912926951186 -0.0052560852722561037 0.012574003029646071 0.014690697712973617 -0.0010426052223205498 -0.0016713765325788667 0.0094544114303798249 0.00037989033561411259 -0.00057089441276529076 0.00078339714667109239
leaf_weight=0.0600607810088718 0.069317982161298142 1.4294752802802579 0.15429401736807324 0.26971268498814993 0.90029392377017436 0.36221145646378972 0.020698783672081333 1.2455933399279429 0.081893849920533057 0.034620212243652304 0.059118012221659799 0.69977158111316839 0.26470668325873703 0.11376376450402859 0.56001907275518192 0.58900698319141043 0.021121641277147774 0.03444961438520977 0.2125698880234097 0.0094304148152559719 0.011522202338966281 0.017080264152639302
leaf_count=8256 15538 227 772 86228 75856 70976 10457 2719 59493 30649 10518 12733 208 270 2085 247 179 1431 93 306 3638 305
internal_value=0.00650586 0.000644062 0.00967103 0.0178014 -0.0109966 0.00206054 -0.0179421 0.0173281 0.000302187 0.0268444 0.0219254 0.0294789 -0.00219172 0.00339225 0.00822053 0.0123274 0.0310781 0.011218 0.00845194 -0.0103113 0.00615227 -0.00247632
internal_weight=7.22073 5.44965 3.16471 1.77108 2.28494 1.03762 1.24733 1.73523 0.955506 0.815574 1.30471 0.755513 0.430523 0.347032 0.676363 0.675405 0.720893 0.594469 0.233269 0.279143 0.165816 0.0863982
internal_count=393184 191824 18082 201360 173742 87066 86676 17855 149543 51817 13237 43561 4618 10820 63009 16090 12912 3516 10550 86534 4410 15843
is_linear=0
shrinkage=0.05


Tree=209
num_leaves=28
num_cat=0
split_feature=16 16 28 47 41 44 24 8 1 13 1 41 13 21 16 12 44 47 47 37 38 33 1 46 46 41 16
split_gain=0.307894 0.241155 0.222858 0.163337 0.175708 0.137633 0.121098 0.294688 0.0989364 0.131861 0.09795 0.0889833 0.0744143 0.0551208 0.050228 0.0434658 0.0344988 0.0311922 0.0226028 0.0178427 0.0122976 0.011549 0.00110907 0.000499805 0.000970327 0.000239119 0.000170406
threshold=76.339714050292983 86.70682525634767 1.5000000000000002 151.50000000000003 1.5000000000000002 4.5000000000000009 91.844291687011733 1.0000000180025095e-35 11.500000000000002 1.5000000000000002 21.500000000000004 2.5000000000000004 66.500000000000014 15.894736766815187 19.560019493103031 2.5000000000000004 1.0000000180025095e-35 103.50000000000001 132.50000000000003 1.5000000000000002 2.5000000000000004 0.77500000596046459 34.500000000000007 145.50000000000003 146.50000000000003 5.5000000000000009 55.217784881591804
decision_type=2 2 2 2 2 2 2 2 10 2 10 2 2 2 2 2 2 2 2 2 2 2 8 2 2 2 2
left_child=2 11 3 4 18 10 7 23 9 -9 12 19 13 -6 -5 17 -13 26 22 -2 -16 -19 -1 -3 -25 -22 -15
right_child=1 6 -4 14 5 -7 -8 8 -10 -11 -12 16 -14 15 20 -17 -18 21 -20 -21 25 -23 -24 24 -26 -27 -28
leaf_value=0.0036091350657942584 0.0060170196334560664 -0.019521076673485814 -0.0094928340489128724 0.005748873943187593 -0.0015690963517913993 -0.0042959041538617061 0.011737766961657738 0.0083817846332961358 0.014187341317415815 -0.013553272741622805 -0.0029468776411059189 0.0014706337002249235 -0.0021552309624074976 0.00030125527887027112 -0.010407891249119276 -0.0012115279083913331 -0.022181356774246611 0.034211319507287653 -0.007648650524799034 -0.0033408948466353131 0.0014693356045114377 0.00075737913833285795 -0.00036920932352128665 0.00090373751511848253 -0.0013111019070068764 -0.00020003792027180721 -0.00068664724571678348
leaf_weight=0.079359289687660151 0.16071069702161345 0.62531732010916141 0.23363835633491081 0.13756128023217673 0.032220504238069103 0.093330129343570323 1.2739969253560732 0.44727145183668426 0.9015870011626248 0.36126829603438182 0.062186182519326283 0.038969948822796141 0.045804932593767833 0.021351466405178487 0.25670272079702272 0.024820580447652563 0.89615057319085167 1.710995151885754 0.17504220845228247 0.072278880909578902 0.03199149680432356 0.072482100185311427 0.0074326152782191448 0.019821883606027768 0.026889860938524635 0.0040166495215032674 0.025162341541943078
leaf_count=472 2190 6430 263311 391 208 42083 251 111 37 352 4729 48 1393 239 24328 9250 15397 8679 3324 1990 916 19 2137 64 867 3726 201
internal_value=0.00406076 -0.00376547 0.0144046 0.0183925 0.0223142 0.0259752 0.00326418 -0.00339816 0.00762309 -0.00349394 0.0283528 -0.0171253 0.0300213 0.0312783 -0.00365275 0.0321987 -0.0209451 0.0329198 -0.00433012 0.00275886 -0.00910035 0.0336123 0.0032422 -0.0192297 -0.000405753 0.00126978 -0.000378626
internal_weight=7.83836 4.82426 3.0141 2.78046 2.35019 2.08835 3.65615 2.38216 1.71013 0.80854 1.99502 1.16811 1.93284 1.88703 0.430272 1.85481 0.935121 1.82999 0.261834 0.23299 0.292711 1.78348 0.0867919 0.672029 0.0467117 0.0360081 0.0465138
internal_count=393143 27737 365406 102095 72734 66801 8112 7861 500 463 24718 19625 19989 18596 29361 18388 15445 9138 5933 4180 28970 8698 2609 7361 931 4642 440
is_linear=0
shrinkage=0.05


Tree=210
num_leaves=39
num_cat=0
split_feature=26 13 20 25 33 11 46 13 1 13 41 21 13 33 46 43 44 13 38 37 50 19 50 28 37 46 21 1 20 24 21 50 46 20 1 38 1 20
split_gain=0.258369 0.230823 0.261121 0.22428 0.207394 0.100759 0.0922598 0.158615 0.110241 0.0606496 0.0606007 0.054971 0.073662 0.0507257 0.0451749 0.0306778 0.0301324 0.0288976 0.0254218 0.0217601 0.0115231 0.00888658 0.00832614 0.00819987 0.00671551 0.00626619 0.0046038 0.00400711 0.00395067 0.00350031 0.00267222 0.00131393 0.00055319 0.00048261 0.000464646 0.000440911 0.00033492 5.14898e-05
threshold=2.5000000000000004 6.5000000000000009 0.53469792008399974 2.5000000000000004 0.81666666269302379 inf 166.50000000000003 58.500000000000007 40.500000000000007 66.500000000000014 22.500000000000004 92.450141906738295 4.5000000000000009 0.73214286565780651 92.500000000000014 1.5000000000000002 4.5000000000000009 5.5000000000000009 2.5000000000000004 3.5000000000000004 23.531040191650394 36.491676330566413 46.154085159301765 1.0000000180025095e-35 1.0000000180025095e-35 145.50000000000003 91.734970092773452 29.500000000000004 0.87831133604049694 93.492378234863295 88.117645263671889 22.752144813537601 146.50000000000003 0.91112279891967785 33.500000000000007 2.5000000000000004 2.5000000000000004 0.93925386667251598
decision_type=2 2 2 2 2 8 2 2 8 2 2 2 2 2 2 2 2 2 2 2 2 2 2 2 2 2 2 10 2 2 2 2 2 2 10 2 8 2
left_child=1 2 10 5 11 14 7 25 9 -9 20 13 -13 15 16 26 18 -14 27 -10 31 -12 -11 -18 -24 -3 -2 -4 -5 -21 -15 -1 -27 -30 -29 -19 -20 -35
right_child=4 6 3 28 -6 -7 -8 8 19 22 21 12 17 30 -16 -17 23 35 36 29 -22 -23 24 -25 -26 32 -28 34 33 -31 -32 -33 -34 37 -36 -37 -38 -39
leaf_value=-0.00094279633446932298 -0.0012932194837812863 -0.017142527596124706 0.032792996160571269 -0.0069198824585112121 0.007458347728210535 -0.0031445317702486577 0.0091148798268395944 0.015815876640329071 -0.010375214192070022 0.0019557108839245931 0.0064828400552914131 -0.023223960673721598 0.006335749546246593 0.006817946422601035 -0.0014053575975993967 -0.010744558664223983 0.0035661027215618136 -0.0051351013195747317 0.00078944103434888863 -0.0012488275481742327 -0.012955468321683745 -0.0015794074883309238 0.0012634620435606487 -0.0026825003824444507 -0.0061404679924388743 0.0009080609297435516 0.0041768094000552139 0.00096947955663498797 0.0010094529660003319 0.0033476597351262726 -0.00032494926934703187 0.0016960144219329183 -0.00074853374194179577 -0.00067183524291855297 -0.00058946485934618714 9.1133135467878651e-05 -0.00051461233456350809 8.4724654900171037e-05
leaf_weight=0.019073486896332148 0.032656759286517567 0.89440435956903774 1.243138848422354 0.15156902765054159 0.64780094513071151 0.066663777619936693 0.17609053308595424 0.47771883671313697 0.25664406513985238 0.04453496585387029 0.15073993678207387 1.0455961857232123 0.12545678387164128 0.24078954840052802 0.028884704385404913 0.26957146711677993 0.092032418797344806 0.12898566081619833 0.072057951449238433 0.025510759768138769 0.31637095937992044 0.032430991311091617 0.027696706039591845 0.055621451145917433 0.14286706069202637 0.019702309823600217 0.08223620254659636 0.021470558646541238 0.041080519513059244 0.066415546972280026 0.048935232124222239 0.035959031675417918 0.015170004592931718 0.015116840464656889 0.011923758915060034 0.0062807868991257001 0.010390178922769167 0.033695458413347978
leaf_count=2057 14467 34545 5282 34877 403 8868 382 3306 17204 1908 3722 1004 149 1033 12698 177461 178 5003 127 1972 25222 10693 86 17040 2002 97 3 401 1125 19 198 482 1002 534 2937 947 3717 168
internal_value=0.000468488 0.00720626 0.015479 0.0221651 -0.00995766 0.0271087 -0.00401766 -0.00786441 0.00438246 0.0116344 -0.0067083 -0.0162453 -0.0199807 -0.00139611 0.0291443 -0.00755248 0.030057 0.00113019 0.0314879 -0.0079704 -0.011855 0.00492696 -0.00302566 0.000925884 -0.00488592 -0.0167466 0.00285664 0.0324849 -0.0060511 0.00209658 0.00629498 0.00075469 0.000160467 0.000418858 0.000381076 -0.00502591 0.000301508 -0.000566748
internal_weight=7.17328 4.54498 2.39822 1.84365 2.62831 1.60218 2.14676 1.97066 1.04139 0.692818 0.554574 1.98051 1.30632 0.674189 1.53552 0.384464 1.50664 0.260723 1.35898 0.34857 0.371403 0.183171 0.215099 0.147654 0.170564 0.929277 0.114893 1.27653 0.241462 0.0919263 0.289725 0.0550325 0.0348723 0.0898928 0.0333943 0.135266 0.0824481 0.0488123
internal_count=393319 192651 130128 87952 200668 51248 62523 62141 26497 7302 42176 200265 7103 193162 42380 191931 29682 6099 12464 19195 27761 14415 3996 17218 2088 35644 14470 8620 36704 1991 1231 2539 1099 1827 3338 5950 3844 702
is_linear=0
shrinkage=0.05


Tree=211
num_leaves=15
num_cat=0
split_feature=8 24 13 0 41 37 20 44 24 20 23 41 18 0
split_gain=0.231861 0.341945 0.228399 0.211327 0.181055 0.131831 0.126992 0.0748211 0.0723751 0.0420626 0.0369228 0.0101971 0.0092276 0.000550958
threshold=1.0000000180025095e-35 61.733762741088874 1.5000000000000002 151.01722717285159 45.500000000000007 1.0000000180025095e-35 0.8582085669040681 1.0000000180025095e-35 93.492378234863295 0.93003022670745861 93.44086074829103 10.500000000000002 90.366767883300795 112.80730438232423
decision_type=2 2 2 2 2 2 2 2 2 2 2 2 2 2
left_child=1 -1 6 7 5 -4 -2 11 13 -6 -10 -3 -5 -9
right_child=2 3 4 12 9 -7 -8 8 10 -11 -12 -13 -14 -15
leaf_value=-0.021859388897969009 -0.0042696015243025853 0.02212595500205311 0.006858875707867064 -0.0057138403172226956 -0.0033329957360766424 -0.018578098000643441 0.027212904973406518 -0.0087999701326745491 -0.0035345037743866807 0.012995104966084834 0.011124680373483648 0.00015770773410228285 -0.00044740219194575422 6.222107085871153e-05
leaf_weight=0.76644349482882024 0.092545809115819333 0.53780649674564507 0.14158759684289612 1.5069749277546052 0.071092360558964174 0.56997202006436964 0.983605291357037 0.20968859691160446 0.075491423498959875 0.68015992474329323 0.3558855202165887 0.069661502687893062 1.5206499156743121 0.0036388847148032246
leaf_count=252752 21469 681 484 177 12969 11881 980 77468 12146 109 20 1143 223 265
internal_value=0.0031531 -0.00317086 0.0130665 0.00368227 -0.00124783 -0.0124665 0.0237531 0.0154934 0.000425419 0.0104291 0.00788225 0.021272 -0.00383655 -0.00872211
internal_weight=7.5852 5.04624 2.53896 4.2798 1.46281 0.71156 1.07615 1.25217 0.644704 0.751252 0.431377 0.607468 3.02762 0.213327
internal_count=392767 344875 47892 92123 25443 12365 22449 91723 89899 13078 12166 1824 400 77733
is_linear=0
shrinkage=0.05


Tree=212
num_leaves=29
num_cat=0
split_feature=48 13 33 50 48 24 1 33 20 34 13 17 37 46 34 38 50 23 50 46 37 13 13 46 47 47 37 47
split_gain=0.180591 0.191003 0.178733 0.201031 0.141357 0.140963 0.135951 0.109962 0.101823 0.0386483 0.0377114 0.0327934 0.0321059 0.0289781 0.0376992 0.0244803 0.0187011 0.0161146 0.0137608 0.00849484 0.0216925 0.00665766 0.00518092 0.00385471 0.0022513 0.00128872 0.000348395 2.51279e-05
threshold=1.5000000000000002 5.5000000000000009 0.64583334326744091 23.531040191650394 3.5000000000000004 93.492378234863295 69.500000000000014 0.52777779102325451 0.8582085669040681 0.81534090638160717 65.500000000000014 73.20508193969728 1.0000000180025095e-35 77.500000000000014 0.93095237016677868 4.5000000000000009 22.752144813537601 15.535444736480715 99.655174255371108 134.50000000000003 1.5000000000000002 67.500000000000014 6.5000000000000009 145.50000000000003 110.50000000000001 85.500000000000014 4.5000000000000009 98.500000000000014
decision_type=2 2 2 2 2 2 10 2 2 2 2 2 2 2 2 2 2 2 2 2 2 2 2 2 2 2 2 2
left_child=1 2 3 16 10 6 23 11 -4 -9 12 17 22 14 -10 18 -1 -3 -5 20 -15 -12 -2 -6 27 -23 -17 -19
right_child=4 7 8 15 5 -7 -8 9 13 -11 21 -13 -14 19 -16 26 -18 24 -20 -21 -22 25 -24 -25 -26 -27 -28 -29
leaf_value=-0.0013892657049889244 0.0030576420782498837 0.0031861199654019089 -0.0042018713517691592 -0.016180852595291929 -0.015318904857984117 0.01452625360685047 0.0088620813719245042 -0.015451281665506807 0.027130613001379891 0.0017083509373034336 0.0036412039065023185 0.010674706060047131 -0.018250383945880487 -0.0060128773605661774 0.0038613389710286947 -0.00022841341394615324 0.01449700220425384 -6.6966802102519382e-05 0.00061544960207439556 0.0044129471929394547 0.0040292892926988844 0.00058404854694376555 -0.0019751128272520826 4.1644040932578307e-05 -0.0061810849388536379 -0.0026640775362848524 0.0018671146238254919 0.00046632166613789079
leaf_weight=0.028429751467570319 0.066031437030858675 0.06530471435493701 0.09084158366800954 0.47912702602456392 0.43579473574170513 0.55450031454907389 0.17946942204432048 0.4453295816669538 1.4645333115999228 0.19030273895532446 0.094556041888949949 0.26370289609764086 0.65792298972374041 0.1271562749741405 0.59317784616723646 0.0045890745071517349 0.258926221218303 0.0013410924791514836 0.055538011680027921 0.1267579846913236 0.10291733505269463 0.012274535985170587 0.066422112553709667 0.036471005979336724 0.13982040993061418 0.066866904570421326 0.039105703561574501 0.01608657117347434
leaf_count=4682 801 585 4334 214035 34584 651 98 17180 693 49 273 4190 23768 430 58 4980 1155 771 774 292 376 4 297 285 72539 2285 418 2333
internal_value=0.00521689 0.0102433 0.0151724 -0.00254666 -0.00513767 0.00502303 -0.00696182 -0.00473798 0.0202749 -0.0124103 -0.0139353 0.00689335 -0.0162561 0.0221567 0.0238793 -0.0136681 0.013067 -0.00265377 -0.015172 0.00194486 -0.00189702 0.00147781 0.00101835 -0.0149101 -0.00573651 -0.00208592 0.00163905 0.000399799
internal_weight=6.6633 4.49299 3.3711 0.865716 2.17031 1.20624 0.651735 1.12189 2.50538 0.635632 0.964074 0.486256 0.790377 2.41454 2.05771 0.57836 0.287356 0.222553 0.534665 0.356832 0.230074 0.173697 0.132454 0.472266 0.157248 0.0791414 0.0436948 0.0174277
internal_count=392920 329874 232227 226044 63046 35618 34967 97647 6183 17229 27428 80418 24866 1849 751 220207 5837 76228 214809 1098 806 2562 1098 34869 75643 2289 5398 3104
is_linear=0
shrinkage=0.05


Tree=213
num_leaves=30
num_cat=0
split_feature=19 50 13 17 38 17 30 13 26 46 17 1 34 47 34 46 18 19 47 38 17 49 48 38 46 38 23 23 50
split_gain=0.327002 0.293487 0.249014 0.161661 0.159455 0.124072 0.0967915 0.103032 0.0490031 0.0478427 0.0328952 0.029741 0.0253932 0.0229178 0.0219122 0.0944764 0.0195014 0.0129732 0.0130847 0.00552359 0.00526734 0.0047666 0.00215299 0.00175729 0.00111966 0.000461306 0.000181795 0.000119281 7.75224e-05
threshold=99.333332061767592 30.303404808044437 4.5000000000000009 69.00656890869142 2.5000000000000004 82.807880401611342 1.0000000180025095e-35 62.500000000000007 1.5000000000000002 1.5000000000000002 99.367088317871108 33.500000000000007 0.82480818033218395 151.50000000000003 0.20942982286214831 92.500000000000014 81.01672744750978 64.565757751464858 113.50000000000001 3.5000000000000004 92.40384674072267 11.500000000000002 2.5000000000000004 4.5000000000000009 143.50000000000003 5.5000000000000009 89.512962341308608 89.725547790527358 44.44597244262696
decision_type=2 2 2 2 2 2 2 2 2 2 2 10 2 2 2 2 2 2 2 2 2 2 2 2 2 2 2 2 2
left_child=1 8 4 26 10 13 7 14 -1 -7 21 -8 -9 17 15 -2 22 -5 -19 -20 -18 -3 25 -21 -17 -6 -4 -28 -15
right_child=6 2 3 5 16 9 11 12 -10 -11 -12 -13 -14 28 -16 24 20 18 19 23 -22 -23 -24 -25 -26 -27 27 -29 -30
leaf_value=0.017321399612991825 0.010855055290129645 -0.025420728086972478 -0.01206782419149682 -0.00072324753892322538 0.0069243105195521074 0.0042011894535500397 -0.0083838424079138944 -0.0076345256234147873 -0.0029037887973852507 -0.0099694035928842434 0.00064876646579807226 0.0039155179894382495 0.0036994852475148079 7.0397122325920752e-05 0.022292675754048058 -0.0079156085936909377 -0.004252644897217113 -0.00070417399074105451 0.019883055599036838 -0.0013097650592050138 0.0014256055251484143 0.00014488331167414223 -0.0003659200548407186 0.0016202386757959613 3.6159875040064066e-05 -7.7801648285749121e-05 0.00034966128612323109 -0.00042313483291375682 -0.0013567384165284373
leaf_weight=0.42193792802277119 0.97090582226792432 1.6718140591729314 0.33758104127923605 0.014480733449118821 0.18296694217072929 0.35665698071477436 0.19530408579794301 0.17908075509956223 0.061236526156690729 0.24659070597502364 0.076495482810969295 0.08122864574227151 0.078029818847426213 0.001438024164599482 1.139810436132336 0.17807778257594009 0.19351457023145713 0.014158882524185401 0.62630871244843433 0.034980534668818564 0.036584596970101302 0.0069897735704672606 0.0073608700029410548 0.033387768280249475 0.036587812322068203 0.0015584556882117786 0.0070071869089929359 0.0085076032678159663 0.027839965315536119
leaf_count=3423 846 203926 88497 447 27543 56 1042 2323 32341 5783 15 244 20 14 518 954 3426 612 9014 500 52 775 2137 367 322 1867 12 517 5838
internal_value=0.00177018 -0.00641443 -0.0114587 0.00256128 -0.0198057 0.00982862 0.0126994 0.0152952 0.0145285 -0.0041966 -0.0243441 -0.0045339 -0.00398817 0.0170506 0.0179855 0.00553932 0.00291625 0.0181086 0.0186914 0.019269 -0.00292483 -0.0252999 0.00649785 0.000298355 -0.00764632 0.00684942 -0.0119846 -7.34832e-05 -0.00128635
internal_weight=7.22842 4.3694 3.88622 1.70894 2.17728 1.35584 2.85903 2.58249 0.483174 0.603248 1.7553 0.276533 0.257111 0.752595 2.32538 1.18557 0.421985 0.723317 0.708836 0.694677 0.230099 1.6788 0.191886 0.0683683 0.214666 0.184525 0.353096 0.0155148 0.029278
internal_count=393431 387162 351398 111657 239741 22631 6269 4983 35764 5839 204716 1286 2343 16792 2640 2122 35025 10940 10493 9881 3478 204701 31547 867 1276 29410 89026 529 5852
is_linear=0
shrinkage=0.05


Tree=214
num_leaves=33
num_cat=0
split_feature=20 16 33 50 41 13 20 45 34 44 44 24 47 47 47 1 20 47 18 19 31 24 24 16 41 39 50 33 33 18 41 33
split_gain=0.399312 0.237323 0.21728 0.161783 0.107304 0.104716 0.104246 0.0966331 0.0887792 0.0875377 0.0708003 0.0744955 0.0586344 0.0555559 0.0481539 0.0471619 0.0404313 0.0359989 0.0332934 0.03018 0.0270413 0.0170765 0.0141148 0.00908673 0.00560014 0.00486281 0.00424793 0.00271904 0.00243345 0.00127285 0.000986641 0.000197516
threshold=0.83998626470565807 73.375530242919936 0.77500000596046459 95.099250793457045 8.5000000000000018 62.500000000000007 0.93003022670745861 0.38868248462677008 0.91987180709838878 4.5000000000000009 4.5000000000000009 99.704143524169936 151.50000000000003 134.50000000000003 161.50000000000003 21.500000000000004 0.89542675018310558 103.50000000000001 94.201679229736342 65.599384307861342 3.5000000000000004 95.940452575683608 99.704143524169936 76.028167724609389 2.5000000000000004 0.46428571641445165 88.270568847656264 0.92857143282890331 0.095454547554254546 81.872947692871108 1.0000000180025095e-35 0.64583334326744091
decision_type=2 2 2 2 2 2 2 2 2 2 2 2 2 2 2 10 2 2 2 2 2 2 2 2 2 2 2 2 2 2 2 2
left_child=8 9 3 6 7 10 16 -5 -1 12 -4 -12 15 -10 18 17 23 -2 -8 29 -15 -18 -7 -3 -21 -6 -16 -17 -14 31 -30 -19
right_child=1 2 5 4 25 22 14 -9 13 -11 11 -13 28 20 26 27 21 19 -20 24 -22 -23 -24 -25 -26 -27 -28 -29 30 -31 -32 -33
leaf_value=-0.021087386763261873 -0.00075106807406122723 0.0015080011375110467 0.016898836754252241 -0.0055949304132872218 -0.0085289524425371157 -0.0080512222661753684 -0.022707241503783275 0.016951612493304718 0.0082927704354510638 -0.0034164878101093569 -0.0096019891899718525 0.0077032349003688955 0.0011202643880275022 -0.0095244254685645166 0.0032787790757709233 -0.0024119080070106602 -0.0019665285915971111 -0.00019514465997805752 0.00016326734964749765 0.00066356347455157061 0.003119530469021148 0.0095893900576611082 0.0019826122439416459 -0.0068179085487614852 0.030417942537717679 0.00042185002785472724 -0.0015412773866474803 0.0013567473217853843 0.000396101921858666 -0.0014670962423998972 -0.0030012520187600944 0.0012471160156909199
leaf_weight=0.75477468788315583 0.056584892424893729 0.038777353091746014 1.7441798801746138 0.11718507463871197 0.19322974802645376 0.1883067557087087 0.86760385991232147 0.62354306839887386 0.2030745761977073 0.072808839414378101 0.2239630981520121 0.27773134347376072 0.022548719336611955 0.26194639133885289 0.071046356092381191 0.050259243379116358 0.043404960878660859 0.0039178922003486596 0.15843214844676368 0.061716853069697208 0.062479844256074557 0.2560246263034287 0.040474745488609187 0.15490294356249024 0.87316829438680088 0.070684697555407183 0.032004554076365821 0.027569701382162748 0.0087263510023092294 0.029514606278269184 0.066269756731202278 0.025250083161779457
leaf_count=335594 222 1412 530 1097 1762 1212 2625 255 1012 25457 1439 15 38 1216 348 1089 3499 1646 232 424 106 25 13 4939 3534 16 365 3 114 36 2980 16
internal_value=0.00301337 0.00836425 0.00194905 -0.00691154 0.00575951 0.0106368 -0.0139626 0.0122197 -0.0156562 0.0217557 0.0136985 -0.00127177 0.0241144 0.000832697 -0.0189273 0.0259975 0.00246806 0.02754 -0.0208382 0.0287197 -0.00657256 0.00769001 -0.00610724 -0.00528412 0.0298118 -0.00769461 0.00174164 -0.00105673 -0.00150797 -0.000403993 -0.00260521 0.00105201
internal_weight=7.68211 6.39983 5.1015 2.62684 1.00464 2.47466 1.6222 0.740728 1.28228 1.29834 2.24587 0.501694 1.22553 0.527501 1.12909 1.12798 0.49311 1.05015 1.02604 0.993568 0.324426 0.29943 0.228782 0.19368 0.934885 0.263914 0.103051 0.0778289 0.0975448 0.0586826 0.0749961 0.029168
internal_count=393271 55343 19784 16575 3130 3209 13445 1352 337928 35559 1984 1454 10102 2334 3570 6970 9875 5878 2857 5656 1322 3524 1225 6351 3958 1778 713 1092 3132 1698 3094 1662
is_linear=0
shrinkage=0.05


Tree=215
num_leaves=22
num_cat=0
split_feature=39 20 18 43 45 41 24 18 24 23 47 29 40 47 43 47 33 33 49 40 17
split_gain=0.257235 0.182726 0.170889 0.1856 0.246143 0.130008 0.161796 0.121797 0.0801054 0.0547634 0.0543547 0.0534264 0.0508699 0.0493993 0.0260455 0.0118369 0.0056139 0.00334532 0.00299186 0.00145218 0.00143219
threshold=0.77500000596046459 0.46713979542255407 87.007671356201186 2.5000000000000004 0.38868248462677008 2.5000000000000004 92.921337127685561 87.298336029052749 61.733762741088874 15.535444736480715 105.50000000000001 1.0000000180025095e-35 1.5000000000000002 108.50000000000001 1.5000000000000002 124.50000000000001 0.73214286565780651 0.64583334326744091 16.500000000000004 1.0000000180025095e-35 85.215545654296889
decision_type=2 2 2 2 2 2 2 2 2 2 2 2 2 2 2 2 2 2 2 2 2
left_child=2 15 9 10 7 6 -6 -5 -3 19 -4 16 -10 -9 -13 -2 17 -12 20 -1 -11
right_child=1 8 3 4 5 -7 -8 13 12 18 11 14 -14 -15 -16 -17 -18 -19 -20 -21 -22
leaf_value=0.0032044300007923023 0.0015185478997662332 -0.0032535904800758578 0.0037077424492336407 0.0080095579581842182 -0.012181562112287632 0.020550931050392268 0.011893139262795198 0.0024607588001241592 -0.00072273541808610953 -0.019681430793113311 -0.0026303599561290371 0.0060953714773324345 0.025733875265004237 -0.016739455174089545 -0.0047084030375040232 -0.0086704260104751522 -0.018380210720629085 0.0014317210882596836 0.00015733416243416673 -0.00054585294688512965 -5.1357032072221062e-05
leaf_weight=0.063709283333537314 0.037203699447175498 0.069033242628705582 0.11126188368154988 0.16545564553129588 0.48277632047225472 1.3327708678815495 0.32488493491803183 0.13066762301934887 0.14216296937831885 0.78679580484624267 0.092973888437455576 0.18312703017642207 0.85789143340724627 0.7530100359718972 0.099736312199240729 0.20068959444392931 0.5921785116730689 0.094225328638657402 0.0034266188029050673 0.011021047919740456 0.014610943170964674
leaf_count=32 468 3692 90 409 797 3590 42 586 178 357969 304 641 1468 15597 1927 1010 673 102 76 2756 619
internal_value=0.000855167 0.015029 -0.0045198 0.000743749 0.0067806 0.0145315 -0.0012754 -0.00840714 0.0210272 -0.0171339 -0.0112349 -0.013839 0.023492 -0.0141012 0.0015852 -0.00713749 -0.0171818 -0.001102 -0.0194261 0.00265807 -0.0195507
internal_weight=6.54961 1.30698 5.24263 4.36307 3.18957 2.14043 0.807661 1.04913 1.06909 0.879564 1.1735 1.06224 1.00005 0.883678 0.282863 0.237893 0.779378 0.187199 0.804833 0.0747303 0.801407
internal_count=393026 6816 386210 24758 21021 4429 839 16592 5338 361452 3737 3647 1646 16183 2568 1478 1079 406 358664 2788 358588
is_linear=0
shrinkage=0.05


Tree=216
num_leaves=19
num_cat=0
split_feature=8 44 49 13 35 1 34 20 18 34 43 43 21 19 30 47 47 39
split_gain=0.205329 0.358513 0.26645 0.180848 0.16686 0.204704 0.147975 0.121976 0.108562 0.101628 0.132167 0.13112 0.0961353 0.0607094 0.042365 0.0161308 0.0144343 0.00916598
threshold=1.0000000180025095e-35 1.5000000000000002 1.5000000000000002 1.5000000000000002 1.5000000000000002 70.500000000000014 0.20942982286214831 0.86684024333953869 71.834934234619155 0.87228259444236766 2.5000000000000004 1.5000000000000002 13.484848499298097 87.585617065429702 1.5000000000000002 94.500000000000014 93.500000000000014 0.77500000596046459
decision_type=2 2 2 2 2 8 2 2 2 2 2 2 2 2 2 2 2 2
left_child=1 2 6 7 5 -5 -1 -2 -4 15 11 -11 -8 -12 -14 16 -3 -17
right_child=3 9 8 4 -6 -7 12 -9 -10 10 13 -13 14 -15 -16 17 -18 -19
leaf_value=-0.0057514892294043447 -0.0041205118719618598 -0.0043799807675717365 -0.015466661285329307 0.017752452905324814 -0.013534119313542304 -0.010152276217809586 -0.0035466244365435712 0.027268589285408536 0.0065173722642833708 0.0055163306664013185 -0.0043180055715464514 -0.017326447964215622 0.026664442373739584 0.014482795843526616 -0.0015248359518264048 -0.020858033884673041 0.003794498202527084 0.0004510004646102793
leaf_weight=0.12710657648323609 0.089062625320736166 0.094195992964287711 0.40584622679418902 0.74865062064878862 0.35877730910939931 0.2509601847980889 0.070268097764369375 0.86249554640568249 0.22128333514879728 0.44050244430874841 0.092705817972728255 0.52243064205293877 1.2206890303074827 0.39369950025343314 0.031259761353993443 0.9869587809524063 0.07766658238256241 0.0090406874364816758
leaf_count=6095 21815 5937 6023 92 11818 13480 206 742 261 127 4296 458 1268 25 8976 310297 769 5
internal_value=0.0043947 -0.00194596 0.0109146 0.0139739 -1.99754e-05 0.00917316 0.019337 0.0237247 -0.00847148 -0.012346 -0.00121081 -0.00939004 0.0231869 0.0104052 0.025596 -0.019232 -0.000600201 -0.0205356
internal_weight=7.0036 4.69365 2.07645 2.30995 1.35839 0.999611 1.44932 0.951558 0.62713 2.6172 1.44934 0.962933 1.32222 0.486405 1.25195 1.16786 0.171863 0.995999
internal_count=392690 344743 22829 47947 25390 13572 16545 22557 6284 321914 4906 585 10450 4321 10244 317008 6706 310302
is_linear=0
shrinkage=0.05


Tree=217
num_leaves=24
num_cat=0
split_feature=50 17 46 44 18 13 17 44 49 46 17 50 18 37 16 0 46 2 9 40 50 18 18
split_gain=0.200755 0.225725 0.121488 0.116778 0.127149 0.109707 0.109357 0.0951547 0.0783026 0.0481185 0.0317083 0.0257249 0.11547 0.0244428 0.0199701 0.0160317 0.0104186 0.0103482 0.00696466 0.00286002 0.00277395 0.000902901 0.00359253
threshold=30.303404808044437 85.86789703369142 143.50000000000003 2.5000000000000004 74.601570129394545 62.500000000000007 79.431911468505874 4.5000000000000009 1.0000000180025095e-35 1.5000000000000002 86.616912841796889 95.099250793457045 93.127067565917983 1.0000000180025095e-35 99.367088317871108 112.80730438232423 144.50000000000003 1.5000000000000002 1.0000000180025095e-35 1.0000000180025095e-35 52.45958328247071 91.54584121704103 89.417694091796889
decision_type=2 2 2 2 2 2 2 2 2 2 2 2 2 2 2 2 2 10 2 2 2 2 2
left_child=9 2 3 4 8 7 -6 11 19 -1 -9 12 21 18 -12 -7 -4 -10 -5 -2 -16 22 -3
right_child=1 5 16 13 6 15 -8 10 17 -11 14 -13 -14 -15 20 -17 -18 -19 -20 -21 -22 -23 -24
leaf_value=0.019164620209609146 0.0053164196531508808 -0.0014261237912194535 0.0083132777310321558 -0.0029898306081874455 0.01476558480530952 -0.010674636128609182 -0.0060427593479110073 0.0038263624505962541 -0.016965391880937632 -0.0025475863093894725 -0.011024721658564414 0.014129071807920602 -0.0092702917192386547 -0.02327342896261848 0.002920110611268025 0.0015799138474436539 -0.0014251313878059634 0.00062745340600420436 0.0027058112771827236 -0.00063424522713884047 -0.0011402728121520764 0.011312963663912259 0.0027064069042285342
leaf_weight=0.46017771524424222 0.10712411529107158 0.13826092491876896 0.15986557354233344 0.093455807910743149 0.50000751996313397 0.26612882920181835 0.36561828357056925 0.076536513379721671 0.46425053294586149 0.053573098700553601 0.26885274861723474 1.6122104802647073 0.38465187943188539 1.0816295248070735 0.058833012197283097 0.049975196637205954 0.029329562031250589 0.015282062202032876 0.061708890065347077 0.012847477623147752 0.023330672089286963 0.40886148446634252 0.13525643730713455
leaf_count=408 77 235 1052 13214 1561 2871 256 317 11131 35237 2549 563 295 293050 3 24 12769 259 12 16567 722 142 190
internal_value=0.000156591 -0.00329148 -0.011753 -0.0145621 -0.0020545 0.00489689 0.00744865 0.00816088 -0.0118543 0.0167132 -0.00556511 0.0112685 0.00220192 -0.0218362 -0.00892936 -0.00900886 0.0068747 -0.0163596 -0.00034321 0.00468185 0.00177887 0.0103351 0.00113792
internal_weight=6.82777 6.31402 2.89112 2.70192 1.46513 3.4229 0.865626 3.10679 0.599504 0.513751 0.427553 2.67924 1.06703 1.23679 0.351016 0.316104 0.189195 0.479533 0.155165 0.119972 0.0821637 0.682379 0.273517
internal_count=393504 357859 349948 336127 29851 7911 1817 5016 28034 35645 3591 1425 862 306276 3274 2895 13821 11390 13226 16644 725 567 425
is_linear=0
shrinkage=0.05


Tree=218
num_leaves=36
num_cat=0
split_feature=19 18 24 48 13 17 13 34 39 1 43 37 20 37 16 47 47 49 47 47 47 47 49 47 47 16 47 49 47 47 47 47 47 47 16
split_gain=0.242505 0.199468 0.153172 0.144447 0.123477 0.091039 0.0775747 0.0774404 0.0719692 0.0572555 0.0398277 0.0367287 0.0323186 0.0242796 0.0218987 0.016803 0.0129133 0.00845065 0.027325 0.00593005 0.00508153 0.00339822 0.00280101 0.00188832 0.00292601 0.00157597 0.000678134 0.000367774 0.000124064 4.43781e-05 1.46467e-05 0.000274885 8.36093e-06 2.65994e-06 4.42418e-07
threshold=99.333332061767592 23.629112243652347 61.733762741088874 7.5000000000000009 1.5000000000000002 95.040985107421889 58.500000000000007 0.92582416534423839 0.77500000596046459 11.500000000000002 1.5000000000000002 1.5000000000000002 0.99629628658294689 1.0000000180025095e-35 85.880397796630874 129.50000000000003 166.50000000000003 1.0000000180025095e-35 131.50000000000003 142.50000000000003 111.50000000000001 167.50000000000003 6.5000000000000009 122.50000000000001 121.50000000000001 82.426471710205092 153.50000000000003 14.500000000000002 163.50000000000003 124.50000000000001 107.50000000000001 106.50000000000001 122.50000000000001 96.500000000000014 89.699382781982436
decision_type=2 2 2 2 2 2 2 2 2 10 2 2 2 2 2 2 2 2 2 2 2 2 2 2 2 2 2 2 2 2 2 2 2 2 2
left_child=1 7 4 5 12 8 -6 -1 10 -8 17 29 14 23 -2 -5 -15 18 -3 -13 -19 -18 -22 24 30 -7 -25 34 -28 32 31 -12 33 -10 -17
right_child=2 3 -4 15 6 25 9 -9 11 -11 13 19 -14 16 -16 27 21 20 -20 -21 22 -23 -24 26 -26 -27 28 -29 -30 -31 -32 -33 -34 -35 -36
leaf_value=-0.0051659492661277878 0.0040756157379939336 -0.0047141170893474872 0.017993671809437332 0.0095027685040736457 -0.015799315178516123 -0.00020896327662663726 -0.0066302956109891096 0.015170652530537619 2.2426451780945752e-05 0.0088262039090610568 -0.00058473873826450108 -0.00065051084335075249 0.012730012167147659 -0.024124950722201541 -0.0059757963517332747 -0.00212713553001099 0.0016791181608316612 0.0011104341795352907 0.0064285515669652675 0.0071141428460836532 -0.0058152975854130293 -0.0023778091546847345 0.00056352472534710002 -0.0023267207391167006 0.0025032746301865937 0.0042540988557252342 0.00059620625963646939 0.00020907012407971127 -0.00025774444615898201 -0.0062053846715570309 -0.0014055065271651953 0.00058054325556097428 8.2606569261935986e-05 -0.00014770727350982984 -1.933751608992614e-06
leaf_weight=0.11328446688942539 0.11091763132731125 0.094262129454252164 1.2487469797603123 0.20027477960783802 0.44958316487094407 0.13144106943514078 0.14983518090963344 0.40792825644336972 0.0010520038405273926 0.34171752962708979 0.011815672791328669 0.1160257736227166 0.31271456002923514 1.5095507844359479 0.12604996443616301 0.046280431468641581 0.066315232769028287 0.026536267544997827 0.17286122269207738 0.18579062351696507 0.18223937692098957 0.049757277001365452 0.011579158561943359 0.081236582233572108 0.050065142772353965 0.13499251405971791 0.014773687721515216 0.0063950139724511237 0.0051787823949496206 0.20233009004418534 0.028591644169694064 0.012573825892445711 0.011871097676291242 0.0035912473693144875 0.0020668244289936402
leaf_count=11776 433 4594 457 3477 1877 153 2481 200 123 841 2573 282 12 289028 180 11876 1561 1346 8772 239 10489 24596 51 7073 164 334 973 316 1033 2860 2091 256 107 771 19
internal_value=0.000139292 -0.00721775 0.00970402 -0.011661 -0.00167591 -0.014673 -0.00962524 0.0102602 -0.016888 0.00282828 -0.0196009 0.000135978 0.00936289 -0.0219937 -0.00177965 0.00748103 -0.0233272 -0.00187149 0.00187931 0.00592242 -0.00423248 -0.000632265 -0.00528139 -0.000822677 0.00106895 0.00362588 -0.00197042 -0.00191242 0.000339168 -0.00615593 -0.00137657 -3.71432e-06 -4.15149e-05 -0.000125206 -0.00212479
internal_weight=6.62023 3.88066 2.73957 3.35945 1.49082 3.10443 0.941136 0.521213 2.838 0.491553 2.31734 0.520661 0.549682 1.82986 0.236968 0.255017 1.62562 0.487478 0.267123 0.301816 0.220355 0.116073 0.193819 0.204235 0.103046 0.266434 0.101189 0.0547423 0.0199525 0.218844 0.0529811 0.0243895 0.0165143 0.00464325 0.0483473
internal_count=393414 387133 6281 375157 5824 359469 5199 11976 358982 3322 354600 4382 625 329348 613 15688 315185 25252 13366 521 11886 26157 10540 14163 5084 487 9079 12211 2006 3861 4920 2829 1001 894 11895
is_linear=0
shrinkage=0.05


Tree=219
num_leaves=18
num_cat=0
split_feature=24 34 43 18 43 23 13 38 19 19 47 0 37 49 37 17 38
split_gain=0.364083 0.41059 0.185596 0.178976 0.148464 0.121414 0.0991556 0.0833815 0.0731514 0.0562917 0.0552637 0.0128711 0.00729273 0.00287554 0.00123201 0.00105529 0.000528281
threshold=1.0000000180025095e-35 0.82480818033218395 2.5000000000000004 93.127067565917983 1.5000000000000002 73.942821502685561 2.5000000000000004 4.5000000000000009 82.807880401611342 73.499401092529311 150.50000000000003 10.415039062500002 6.5000000000000009 16.500000000000004 1.5000000000000002 85.215545654296889 5.5000000000000009
decision_type=2 2 2 2 2 2 2 2 2 2 2 2 2 2 2 2 2
left_child=3 7 4 5 9 -1 -5 12 15 -3 -7 -8 13 -2 -9 -4 -16
right_child=1 2 8 6 -6 10 11 14 -10 -11 -12 -13 -14 -15 16 -17 -18
leaf_value=-0.0041995090427028132 -0.023988362102160765 -0.0031362798616418261 -0.0037356793597368731 0.0084023834233224372 -0.015319107797183497 0.027912041214745748 9.4569104264259372e-05 -0.00046813669083462591 0.020428579659654708 0.010767776435378877 -0.0018731795821598921 -0.011398045028837851 0.00025649382144183339 9.5257845061560265e-05 0.0033451834550650653 0.00033919758137018708 -0.00019041524943656086
leaf_weight=0.091269670714410833 1.3386012017926769 0.69392383557615767 0.07995929226815679 0.60425614239011338 0.48740790913481635 1.0657895089616714 0.28032324404574638 0.009443149805235751 0.69592004644994176 0.61465430816230082 0.038823843345369258 0.28800456867747926 0.010304465902464588 0.0045299206218488699 0.11155727700813145 0.006790352538928345 0.0038224567064588646
leaf_count=41660 320700 296 11132 159 886 4665 366 2964 72 199 2383 47 832 544 3992 2 2546
internal_value=0.00237053 -0.00641686 0.00565581 0.0148589 -0.00383126 0.0232853 -0.000497141 -0.0212608 0.0173629 0.00522989 0.0264726 -0.00928355 -0.0236864 -0.0239011 0.00271568 -0.0033981 0.00316235
internal_weight=6.42538 4.05691 2.57866 2.36847 1.79599 1.19588 1.17258 1.47826 0.78267 1.30858 1.10461 0.568328 1.35344 1.34313 0.124823 0.0867496 0.11538
internal_count=393445 344165 12587 49280 1381 48708 572 331578 11206 495 7048 413 322076 321244 9502 11134 6538
is_linear=0
shrinkage=0.05


Tree=220
num_leaves=23
num_cat=0
split_feature=50 2 34 19 16 41 45 1 13 24 26 47 1 29 1 19 48 47 47 44 50 47
split_gain=0.205706 0.219167 0.175445 0.130329 0.210018 0.149226 0.130153 0.0929245 0.0817882 0.055029 0.0499462 0.0497131 0.0247994 0.0240999 0.0171993 0.0192092 0.0164539 0.0176156 0.00465596 0.00203722 0.000710997 7.85642e-05
threshold=30.303404808044437 1.5000000000000002 0.88562092185020458 91.476997375488295 76.339714050292983 3.5000000000000004 0.47561036050319677 69.500000000000014 1.5000000000000002 46.943565368652351 1.5000000000000002 149.50000000000003 1.5000000000000002 1.0000000180025095e-35 1.5000000000000002 71.20965957641603 11.500000000000002 166.50000000000003 167.50000000000003 1.0000000180025095e-35 88.914138793945327 128.50000000000003
decision_type=2 8 2 2 2 2 2 10 2 2 2 2 8 2 10 2 2 2 2 2 2 2
left_child=10 3 16 4 14 8 7 -7 -5 -10 12 13 -1 -4 15 19 17 -3 -19 -2 -17 -18
right_child=1 2 11 5 -6 6 -8 -9 9 -11 -12 -13 -14 -15 -16 20 21 18 -20 -21 -22 -23
leaf_value=0.019325770576915008 0.00097873144547945871 -0.02403513442250264 -0.0023701492913608766 0.0053470672829454271 -0.017557584192560625 -0.011569267111695865 0.019535185333610136 0.008213530122548645 -0.015141357744089793 0.0024647934149130343 -0.002819248851285581 -0.0056448009576547525 -0.0013223553954409357 0.010993061067240338 -0.0018258444315813948 0.012248090738351546 0.00069154479132826484 0.0022028405344420004 -0.0025072477086773085 -0.002510264154145376 0.00020988131483382812 -0.00014038844119664348
leaf_weight=0.44925837226946885 0.020530616311589034 1.0713499722947331 0.051721191470278316 0.64819902913856731 0.80231915563649636 0.2898234979592188 1.196339083470576 0.17052105251272565 0.41790659407718067 0.2930086819249027 0.059360841545512244 0.16431737914260225 0.027056711788532084 0.34404736150986537 0.038248138828990363 0.35151052625676016 0.025399544828218157 0.053858505382571198 0.052657088189288714 0.05212421174734061 0.048110969500015699 0.0036407877101325417
leaf_count=40 3 313356 11 95 886 613 257 50 337 168 32369 776 3374 1864 1534 1583 870 1711 27195 2923 122 2818
internal_value=-0.00136826 -0.00480646 -0.0158384 0.00182406 -0.00795944 0.00700451 0.0141521 -0.0036349 -0.00401379 -0.0106855 0.015409 0.00366013 0.0180516 0.00879978 0.00876215 0.0102774 -0.0224453 -0.0230055 -0.000287199 -0.00153105 0.0119842 0.000552175
internal_weight=6.63131 6.09563 1.76699 4.32864 1.31284 3.0158 1.65668 0.460345 1.35911 0.710915 0.535676 0.560086 0.476315 0.395769 0.510524 0.472276 1.20691 1.17787 0.106516 0.0726548 0.399621 0.0290403
internal_count=392955 357172 348601 8571 7051 1520 920 663 600 505 35783 2651 3414 1875 6165 4631 345950 342262 28906 2926 1705 3688
is_linear=0
shrinkage=0.05


Tree=221
num_leaves=25
num_cat=0
split_feature=33 43 43 41 11 23 13 24 23 24 38 13 50 34 50 35 50 50 7 17 24 50 50 37
split_gain=0.251097 0.154645 0.176787 0.15334 0.133055 0.13116 0.124292 0.10502 0.0985911 0.0522339 0.0491291 0.05192 0.0587558 0.0292047 0.0235733 0.0194182 0.0181472 0.00797067 0.00352687 0.00295053 0.00271285 0.00195613 0.00148324 0.000632877
threshold=0.64583334326744091 1.5000000000000002 2.5000000000000004 1.5000000000000002 -0.85049855709075917 23.669467926025394 1.5000000000000002 95.940452575683608 82.972846984863295 84.384033203125014 4.5000000000000009 65.500000000000014 96.169029235839858 0.92582416534423839 95.099250793457045 1.0000000180025095e-35 23.531040191650394 61.561546325683601 1.0000000180025095e-35 65.030120849609389 83.922328948974624 60.465538024902351 22.752144813537601 4.5000000000000009
decision_type=2 2 2 2 8 2 2 2 2 2 2 2 2 2 2 2 2 2 2 2 2 2 2 2
left_child=5 -2 9 6 -5 13 14 -8 -6 20 11 12 16 -1 17 -13 22 -4 -10 -14 -3 -12 -7 -23
right_child=1 2 3 4 8 10 7 -9 18 -11 21 15 19 -15 -16 -17 -18 -19 -20 -21 -22 23 -24 -25
leaf_value=-0.0035505605810913499 0.016758341875418064 -0.00085361790478057054 0.0021677361967890551 -0.00731113253464545 -0.0046139790403214639 -0.0012468567910739771 -0.018647151939739703 0.0050422311187293392 0.0024570251284816618 -0.016863722984792349 -0.00079072218849749799 0.0051375581712348947 -0.0014006874965289589 0.0090389568083878453 0.010245138263256301 -0.0042794811874209901 -0.024662957613284381 -0.0043093092322274403 0.020398210841133121 0.0024616449081374479 0.003794211593567218 -0.00023802024684704397 0.0014445723467718769 0.0032119824803690683
leaf_weight=0.074935227865896681 0.8880976576436409 0.017359130995089678 0.043653997609055972 0.16167602800274494 0.13030053107493689 0.025438919043096919 0.57827865432898307 0.17212686143295741 0.33582371009435941 0.60734105378094227 0.015926626700995317 0.1156569203378196 0.038767860424968492 0.21484000761904554 0.24334694651179234 0.093028806804511532 1.0020858949671341 0.092198565687510836 1.1707918049143586 0.12817076000695238 0.074943674964288221 0.0047813193242802745 0.03389028636064495 0.067607254737481526
leaf_count=9409 1003 2406 10 7171 4760 4252 4315 24 924 132 5161 4157 773 126 27 22548 319004 754 783 899 7 3148 1314 259
internal_value=-0.00120877 0.00514392 -0.000706121 0.00525122 0.0120968 -0.0132268 -0.00621066 -0.013437 0.0160594 -0.0140592 -0.0175815 -0.0191979 -0.0214689 0.00555466 0.00746375 0.000872151 -0.0238489 -0.00215191 0.0189748 0.00113302 0.00293886 0.00219299 0.000202915 0.00297465
internal_weight=6.33107 4.51594 3.62784 2.9282 1.79859 1.81513 1.12961 0.750406 1.63692 0.699644 1.52535 1.43704 1.22835 0.289775 0.3792 0.208686 1.06142 0.135853 1.50662 0.166939 0.0923028 0.0883152 0.0593292 0.0723886
internal_count=393366 22316 21313 18768 13638 371050 5130 4339 6467 2545 361515 352947 326242 9535 791 26705 324570 764 1707 1672 2413 8568 5566 3407
is_linear=0
shrinkage=0.05


Tree=222
num_leaves=29
num_cat=0
split_feature=0 24 43 8 47 16 48 7 44 19 47 38 47 26 43 13 37 47 24 45 16 45 45 47 16 45 24 1
split_gain=0.365066 0.164016 0.293658 0.158131 0.227853 0.115232 0.111996 0.0871703 0.084161 0.196567 0.0462275 0.0422785 0.0274974 0.0264819 0.0206133 0.0201499 0.0210509 0.013338 0.0112808 0.0066385 0.00653432 0.00366358 0.00333965 0.00244595 0.00193205 0.00192299 0.000337384 5.35006e-05
threshold=20.089843750000004 91.844291687011733 2.5000000000000004 1.0000000180025095e-35 150.50000000000003 20.761494636535648 3.5000000000000004 1.0000000180025095e-35 2.5000000000000004 61.633426666259773 95.500000000000014 4.5000000000000009 157.50000000000003 4.5000000000000009 1.0000000180025095e-35 70.500000000000014 3.5000000000000004 167.50000000000003 95.940452575683608 0.7889811396598817 85.880397796630874 0.55164477229118358 0.10900357738137247 165.50000000000003 62.316371917724616 0.10425408929586412 93.492378234863295 1.5000000000000002
decision_type=2 2 2 2 2 2 2 2 2 2 2 2 2 2 2 2 2 2 2 2 2 2 2 2 2 2 2 8
left_child=3 10 5 6 7 -3 -1 13 9 -7 20 12 22 -5 -8 16 18 -10 26 21 -2 -14 25 -23 -13 -12 27 -4
right_child=1 2 15 4 -6 8 14 -9 17 -11 11 24 19 -15 -16 -17 -18 -19 -20 -21 -22 23 -24 -25 -26 -27 -28 -29
leaf_value=-0.012019648007302607 -0.0018306515021749275 0.0076229918608049681 0.00059734985066400023 -0.005611021281970073 -0.0071934699211656369 -0.012916942146732139 0.010941588096708012 0.030228635084314049 -0.019152338702891486 0.013300366307334006 -0.001714456303527806 -0.00078901550240314795 -0.0011682237545718056 0.0052836827216783131 -0.0020709633866993443 -0.0011539991581188123 -0.00099315135865882427 5.3902608692226559e-05 0.01958143539159719 -0.0028806909048245295 0.0041954072413897146 0.0043513299699585745 -0.019157455653485058 -0.00066732275221612655 0.0029456050377472645 0.0013595154467725544 -0.00085115833364371191 -0.00011116057726747601
leaf_weight=0.31385495251929296 0.037010427970436299 0.24915719814833925 0.012382661975401167 0.12580990492028798 0.16504161157351416 0.42640925866930934 0.2444064329237392 1.1405658313111076 0.75814832203340643 0.43385686891338082 0.034950337407891996 0.015889917094767614 0.023781052495138399 0.10803967743976273 0.04315777506832319 0.023487956337817195 0.038915956867469959 0.089390873333201171 0.82984094317407653 0.060419394679236404 0.096719232604471017 0.12093285428787226 1.2107317665179147 0.013413828270415706 0.070796726038068414 0.027631832138681034 0.021800849859374694 0.0022278201387138088
leaf_count=165254 2985 114 59 31955 13706 517 299 1164 2084 399 3949 3485 13792 833 2431 792 404 234 6427 5394 66 3798 123102 4244 970 510 1897 2172
internal_value=0.00304948 -0.00498891 0.00252109 0.0164052 0.0219981 -0.00792896 -0.00270799 0.0270568 -0.0121752 0.000347249 -0.0139084 -0.0156779 -0.0171674 -0.000374773 0.00889699 0.0172356 0.0180681 -0.0181939 0.0189977 -4.05985e-05 0.00238397 0.00259494 -0.018796 0.0037037 0.00216492 -0.000355074 -0.000363153 0.000486234
internal_weight=6.73877 4.5979 2.88562 2.14088 1.53946 1.95696 0.601419 1.37442 1.70781 0.860266 1.71228 1.57855 1.49186 0.23385 0.287564 0.928656 0.905168 0.847539 0.866252 0.218547 0.13373 0.158128 1.27331 0.134347 0.0866866 0.0625822 0.0364113 0.0146105
internal_count=393036 177394 15099 215642 47658 3348 167984 33952 3234 916 162295 159244 154789 32788 2730 11751 10959 2318 10555 27228 3051 21834 127561 8042 4455 4459 4128 2231
is_linear=0
shrinkage=0.05


Tree=223
num_leaves=37
num_cat=0
split_feature=16 20 48 13 41 33 47 43 26 1 23 2 12 20 20 13 28 34 26 50 48 13 43 26 49 47 50 41 47 49 34 48 2 49 48 17
split_gain=0.223752 0.288673 0.162207 0.168714 0.141439 0.137971 0.135105 0.107161 0.106264 0.104828 0.086832 0.0758441 0.0513413 0.0438669 0.0335022 0.0317247 0.0317888 0.0266805 0.02383 0.00935356 0.00763086 0.00655724 0.00638922 0.00456577 0.00306229 0.002477 0.00157561 0.0014484 0.00138372 0.000829635 0.000533612 0.000435042 0.000216691 6.64664e-05 2.67224e-05 2.63594e-05
threshold=76.339714050292983 0.53469792008399974 3.5000000000000004 6.5000000000000009 22.500000000000004 0.77500000596046459 151.50000000000003 2.5000000000000004 2.5000000000000004 21.500000000000004 95.742755889892592 2.5000000000000004 1.5000000000000002 0.91633436083793651 0.89542675018310558 67.500000000000014 1.5000000000000002 0.92582416534423839 1.5000000000000002 23.531040191650394 3.5000000000000004 54.500000000000007 1.5000000000000002 1.5000000000000002 1.5000000000000002 133.50000000000003 22.752144813537601 1.0000000180025095e-35 167.50000000000003 3.5000000000000004 0.95619046688079845 7.5000000000000009 1.0000000180025095e-35 8.5000000000000018 4.5000000000000009 85.215545654296889
decision_type=2 2 2 2 2 2 2 2 2 10 2 10 2 2 2 2 2 2 2 2 2 2 2 2 2 2 2 2 2 2 2 2 10 2 2 2
left_child=1 4 3 5 19 8 9 -7 14 11 -4 12 15 22 -2 16 20 -6 -13 26 -3 -12 -10 -8 -17 -9 -1 35 32 -20 -30 34 -5 -29 -22 -25
right_child=2 6 10 28 17 7 23 25 13 -11 21 18 -14 -15 -16 24 -18 -19 29 -21 31 -23 -24 27 -26 -27 -28 33 30 -31 -32 -33 -34 -35 -36 -37
leaf_value=-0.0012565510228759562 -0.0040355570086873412 0.032948104828740429 -0.0059927876653440258 -0.00013310252559392484 -0.0027436543190176637 -0.005895935859716977 0.00099327422087573669 0.0016913001098301198 0.0041413640879111278 -0.0035878083125731176 0.015316160343270123 0.0051433403838290221 -0.0015601306489368798 -0.016003657573511028 0.0088048315670289229 -0.0019425579734820315 -0.00091063044998253957 0.010586500875548341 -0.0053748307937594025 -0.016082373535706573 5.3612976454230272e-05 0.0014913500836220188 -0.0018179889478514442 -8.6927257269481316e-05 0.001896354052990208 0.0164247698179384 0.0015230079216043788 -0.0056775947189352813 -0.00093255929930728904 0.00018272678393893896 0.0007036376961094701 0.0010166349207463528 -0.019764632997077862 1.1725950392873023e-05 -0.00057945791258040503 0.00037725780594476143
leaf_weight=0.025638249325482199 0.086537335515317504 1.1171058845346804 0.15235163508656036 0.015048371410116945 0.057859679290066524 0.27419654296789964 0.022363603001622212 0.28758983994197251 0.082497785210790431 0.076912329959114234 0.52344027663698967 0.10707851835172721 0.032160174158604948 0.88039356783758649 0.39634968651125746 0.040178575059925836 0.018542230378041924 0.28519187833464343 0.11963487135820827 0.4354785345795591 0.01396973070266927 0.34270974091509743 0.037461959277180767 0.0017415610497124598 0.038075906498306722 0.54431051701527622 0.032995444579228206 0.12744346237797544 0.018992574600929402 0.0036639546586343377 0.014094765946992993 0.022101451761471935 0.84806383916890127 0.0010241828668426925 0.012546389885812914 0.008303730566979084
leaf_count=2783 4295 4692 867 2202 50490 203 948 221 74 56276 211 1193 10679 570 916 1420 18961 570 98950 43343 202 532 2629 2755 38 568 659 70798 1798 5 3 171 12586 161 323 53
internal_value=0.00351232 0.0129135 -0.00327479 -0.00812711 -0.00658522 0.000123603 0.0212052 0.00951051 -0.00788744 0.0244689 0.00913049 0.0267444 0.0294906 -0.0137457 0.00533408 0.0306215 0.0317424 0.00796938 -0.000114087 -0.0152608 0.0324424 0.0135765 0.00231876 -0.00437655 -4.82704e-05 0.015035 0.000268736 -0.00535446 -0.019459 -0.00519403 -0.000229134 0.000483244 -0.0196775 -0.00566204 -0.000518614 0.000290395
internal_weight=7.10405 2.60001 4.50404 3.48554 0.837164 2.58934 1.76285 1.1061 1.48324 1.60197 1.0185 1.52506 1.29468 1.00035 0.482887 1.26252 1.18427 0.343052 0.230377 0.494112 1.16572 0.86615 0.11996 0.160877 0.0782545 0.8319 0.0586337 0.138513 0.8962 0.123299 0.0330873 0.0486176 0.863112 0.128468 0.0265161 0.0100453
internal_count=393145 365470 27675 26065 97845 9476 267625 992 8484 192910 1610 136634 36486 3273 5211 25807 24349 51060 100148 46785 5388 743 2703 74715 1458 789 3442 73767 16589 98955 1801 696 14788 70959 525 2808
is_linear=0
shrinkage=0.05


Tree=224
num_leaves=28
num_cat=0
split_feature=47 50 20 17 41 20 48 47 33 17 45 19 32 17 47 33 46 47 48 1 41 19 0 19 39 50 39
split_gain=0.215801 0.140564 0.233154 0.1435 0.133687 0.116224 0.165769 0.120493 0.0831646 0.0798087 0.0625093 0.0554092 0.0715244 0.0519889 0.0475576 0.0448549 0.0296807 0.0270008 0.0180192 0.0150743 0.00974385 0.00898638 0.00815226 0.00382724 0.00355467 0.00127666 1.73216e-05
threshold=104.50000000000001 23.531040191650394 0.89223185181617748 18.301435470581058 2.5000000000000004 0.95259785652160656 3.5000000000000004 125.50000000000001 0.81666666269302379 76.63120269775392 0.76247546076774608 81.302967071533217 0.81666666269302379 95.040985107421889 132.50000000000003 0.64583334326744091 75.500000000000014 117.50000000000001 2.5000000000000004 1.5000000000000002 3.5000000000000004 75.162338256835952 112.80730438232423 76.817703247070327 0.61250001192092907 99.655174255371108 0.11805555596947671
decision_type=2 2 2 2 2 2 2 2 2 2 2 2 2 2 2 2 2 2 2 8 2 2 2 2 2 2 2
left_child=4 19 3 -3 22 7 8 21 9 24 14 20 18 17 -10 25 -8 -11 -13 -2 23 -4 -1 -9 26 -6 -7
right_child=1 2 5 -5 15 6 16 11 10 13 -12 12 -14 -15 -16 -17 -18 -19 -20 -21 -22 -23 -24 -25 -26 -27 -28
leaf_value=-0.0059146789721477031 0.015738852679008358 0.0052186409042916555 0.0012277543715068569 -0.021843457458077396 -0.0020168245539238724 1.0373231199137013e-05 -0.001316498061017325 -0.0012738591215958259 0.0041345792950484824 0.00060408408366091821 0.0094609175233363006 0.020173889705350632 -0.0032038517367008672 0.0024211114761781625 -0.01046930606060267 0.026822109255822919 0.012665920521558877 -0.021279728398234787 -0.00053917364856502926 -0.0010222706259642614 -0.0046706097420850037 -0.0081419891704543317 0.0015564770728377876 0.0035708318661922577 0.0046943797361965649 0.00076412415115645988 -0.00085620800367524708
leaf_weight=0.12976962635326561 0.32586224346232473 0.22065635824212015 0.032934843646969969 0.9356459631060261 0.041933417993256228 0.036057386517655554 0.27875446497671408 0.026584146120512631 0.25265296050417863 0.093860408707769016 0.2687214988454798 1.1653501374873085 0.11465338719781915 0.070233885912102667 0.33100076055472982 0.55289803458953202 0.48902455765244213 0.91205026580109916 0.056695443403299239 0.02085672041036446 0.10177835086301457 0.19286213200872737 0.047433566992701515 0.081175498041773153 0.10215998553030659 0.020909052967908792 0.017256414719611257
leaf_count=2178 89 726 526 343522 16377 1146 286 650 380 274 121 4862 400 242 1220 369 654 2996 402 8080 5025 1404 20 448 10 218 85
internal_value=0.00441922 -3.92325e-05 -0.00296508 -0.016654 0.0196765 0.00281081 -0.00329668 0.0102833 -0.00968693 -0.0148423 0.00175332 0.0145115 0.0169224 -0.0180315 -0.00552865 0.0249611 0.00971637 -0.0199546 0.0194027 0.0147202 -0.0021438 -0.00688865 -0.00429146 0.00230463 0.00373329 -0.00124317 -0.000816695
internal_weight=6.91977 6.12683 5.78011 1.1563 0.792944 4.62381 2.85177 1.77203 2.08399 1.23162 0.852375 1.54624 1.3367 1.07614 0.583654 0.615741 0.767779 1.00591 1.22205 0.346719 0.209538 0.225797 0.177203 0.10776 0.155474 0.0628425 0.0533138
internal_count=392710 373548 365379 344248 19162 21131 7414 13717 6474 4753 1721 11787 5664 3512 1600 16964 940 3270 5264 8169 6123 1930 2198 1098 1241 16595 1231
is_linear=0
shrinkage=0.05


Tree=225
num_leaves=42
num_cat=0
split_feature=26 47 21 40 12 13 41 44 17 50 1 1 43 7 28 21 34 47 47 1 44 25 47 1 17 13 2 16 44 2 49 1 34 47 18 16 2 2 1 1 49
split_gain=0.257143 0.180846 0.128732 0.15713 0.114308 0.10722 0.075295 0.0742937 0.0710864 0.0596726 0.0557134 0.061946 0.0500618 0.0516338 0.0414956 0.0410159 0.0375846 0.0298126 0.0211961 0.0193196 0.0182624 0.0178356 0.0166127 0.0152514 0.0142905 0.0112758 0.0103338 0.00949216 0.00907588 0.00761901 0.00421634 0.00220376 0.00149623 0.000946195 0.000807448 0.000758632 0.000341456 0.000292571 2.33945e-05 0.0241469 1.29251e-05
threshold=2.5000000000000004 144.50000000000003 28.035087585449222 1.5000000000000002 1.5000000000000002 72.500000000000014 22.500000000000004 4.5000000000000009 99.367088317871108 58.826786041259773 12.500000000000002 39.500000000000007 2.5000000000000004 1.0000000180025095e-35 1.5000000000000002 92.450141906738295 0.83771929144859325 171.50000000000003 94.500000000000014 70.500000000000014 1.5000000000000002 1.5000000000000002 94.500000000000014 33.500000000000007 89.825496673583999 60.500000000000007 1.5000000000000002 20.761494636535648 1.0000000180025095e-35 6.5000000000000009 3.5000000000000004 34.500000000000007 0.93095237016677868 186.50000000000003 81.53021621704103 93.582702636718764 13.500000000000002 10.500000000000002 1.5000000000000002 14.500000000000002 9.5000000000000018
decision_type=2 2 2 2 2 2 2 2 2 2 10 10 2 2 2 2 2 2 2 10 2 2 2 10 2 2 8 2 2 10 2 10 2 2 2 2 10 10 10 10 2
left_child=2 8 6 30 5 7 9 10 15 -1 14 21 20 23 17 24 -6 18 -5 26 34 -12 -9 35 40 38 -13 -8 -7 -20 32 -25 -4 -19 -3 -14 37 -31 -15 -40 -2
right_child=1 12 3 4 16 28 27 22 -10 -11 11 19 13 25 -16 -17 -18 33 29 -21 -22 -23 -24 31 -26 -27 -28 -29 -30 36 -32 -33 -34 -35 -36 -37 -38 -39 39 -41 -42
leaf_value=-0.014664866450277377 -0.0037203347719965453 -0.00031832256173679717 -0.0080824601397961222 -0.00043265593266921594 -0.0084525655343383084 0.0018311930798349419 0.007944963468431869 0.0035863405522109804 0.0029149836092564208 0.0041566233452933745 0.0024513162084229124 0.012327952780018858 -0.0061197564581386109 0.015056284534284856 -0.0014823804108015234 -0.020228738997872031 0.0048683245602567163 -0.0014873085096782604 0.028223125624497788 -0.0018437583879059418 -0.0073597790535045648 -0.008130778465013748 -0.0052928086731928716 0.003588413716603977 0.0042645699751685268 -0.00086754197040139985 -0.00092155754716687945 -0.0013594978186143066 -0.0057094585515620293 -0.00032028574892304447 0.00061026158857211928 -0.00073561829976693833 9.5772766979952142e-05 0.00077726060012829807 0.0030656511150175241 8.9328696800749407e-05 -0.00051927927222253085 0.0011244328348443222 -0.0045620170588970823 0.0059514926891582661 9.0397390752063404e-07
leaf_weight=0.3819291532688317 0.16065014191681148 0.006402148355391323 0.19225179682034399 0.036686544837325363 0.20185967410797889 0.041462695090217383 0.20643382247732234 0.073603904997270209 0.19725659270488893 0.096212364900480907 0.048929874206180446 0.31060717948574279 0.13842665784391528 0.37783260282893139 0.030393608408953443 1.0147566266076067 0.096562110791268196 0.030376614945538338 1.8641612689592078 0.038054139288078659 0.1668702753466107 0.25488109451941909 0.11715759968966921 0.071259587667626079 0.087405100929913715 0.017617645848446273 0.018760367969775871 0.02771603487993346 0.12759624660995428 0.0064462091772837784 0.015992358025783915 0.014866879592133841 0.034373793956547161 0.0158596820184016 0.066339498214176729 0.021753643630631814 0.010490874015914642 0.029273256003222059 0.096809154418451726 0.12668557662431112 0.0018514363345900611
leaf_count=19003 112127 2274 10807 124 50321 68 1559 1154 134 1760 59 74 49524 9081 7192 3315 893 541 4265 590 8423 7616 57557 388 43 1361 5906 11022 5256 1542 131 12256 97 45 86 157 4281 1117 119 491 571
internal_value=0.00399346 -0.00695278 0.0105965 0.0138754 0.0166972 0.0191149 -0.00439258 0.0211126 -0.0150069 -0.0106277 0.0227608 0.00339416 0.00577078 0.00953542 0.0259375 -0.0178551 -0.00371249 0.0267112 0.0273823 0.0097295 -0.0045492 -0.00585353 -0.00173216 -0.0030314 0.00025619 0.0133198 0.0114477 0.00663444 -0.00387563 0.0278816 -0.00717617 0.00285194 -0.0077752 -0.000710069 0.00274872 -0.00592634 0.000296567 0.000806201 0.0140176 0.00139093 -0.00371363
internal_weight=6.87486 2.56678 4.30807 3.59578 3.35316 3.05474 0.712291 2.88568 1.46192 0.478142 2.69492 0.671233 1.10486 0.865252 2.02369 1.26466 0.298422 1.99329 1.94706 0.367422 0.239612 0.303811 0.190762 0.246307 0.249907 0.618945 0.329368 0.23415 0.169059 1.91037 0.242618 0.0861265 0.226626 0.0462363 0.0727416 0.16018 0.0462103 0.0357195 0.601327 0.223495 0.162502
internal_count=393330 200350 192980 159636 148601 97387 33344 92063 116190 20763 33352 14245 84160 73377 19107 116056 51214 11915 11329 6570 10783 7675 58711 62325 112741 11052 5980 12581 5324 11205 11035 12644 10904 586 2360 49681 6940 2659 9691 610 112698
is_linear=0
shrinkage=0.05


Tree=226
num_leaves=20
num_cat=0
split_feature=44 20 19 45 43 24 16 7 47 49 31 43 50 17 39 39 47 50 50
split_gain=0.335795 0.253418 0.189746 0.159254 0.252847 0.152667 0.0859584 0.0655484 0.0600765 0.0458169 0.0331874 0.0254675 0.0185517 0.0160322 0.00619913 0.00550891 0.000199716 0.000249115 0.000251413
threshold=1.5000000000000002 0.53469792008399974 91.476997375488295 0.34840443730354315 2.5000000000000004 61.733762741088874 89.699382781982436 1.0000000180025095e-35 112.50000000000001 1.0000000180025095e-35 3.5000000000000004 1.5000000000000002 23.531040191650394 99.367088317871108 0.46428571641445165 0.26785714924335485 100.50000000000001 93.77976226806642 93.369964599609389
decision_type=2 2 2 2 2 2 2 2 2 2 2 2 2 2 2 2 2 2 2
left_child=1 9 6 8 -5 -3 13 16 -4 -1 12 -8 -11 -2 15 -7 -6 18 -18
right_child=2 5 3 4 7 14 11 -9 -10 10 -12 -13 -14 -15 -16 -17 17 -19 -20
leaf_value=0.0042738750693989544 -0.023568705818101165 -0.0055718491920441517 0.0031618410689524946 -0.011370295408800274 3.6506796869725417e-05 0.003125625597533618 0.0064839617257344056 0.016929218235758055 -0.016520767326339645 0.0012627991360095001 0.0025274483956064225 -0.0043980590929529623 -0.014812674774307749 8.1145594747289486e-05 0.02539605444565763 -0.0020823688325015423 -0.00053348812591657972 -0.0035309876622867361 0.00058251165085629135
leaf_weight=0.093241165756452804 0.99957160760491326 0.12458773400263812 0.15245219590946169 0.56520024544710179 0.021811877099423671 0.069855627616277505 0.13663686582049184 1.4964658717410089 0.47472836744164226 0.038078442268897561 0.06612950068858936 0.094960420007112134 0.38720014612225384 0.067224855460608524 1.1191061483699796 0.04626151967511305 0.010742777475854837 0.088144931176714181 0.011809847324656175
leaf_count=3769 356271 7575 534 416 80 264 19 1084 9655 531 284 503 7180 118 2694 500 879 602 25
internal_value=-0.00108274 0.0125136 -0.00869078 -2.11931e-06 0.0064842 0.0206441 -0.0193555 0.0146477 -0.0127335 -0.0074908 -0.011092 0.0020739 -0.0134972 -0.0227602 0.0245981 0.00104404 -0.00331543 -0.00341412 4.90652e-05
internal_weight=6.06421 1.94446 4.11975 2.82136 2.19418 1.35981 1.29839 1.62898 0.627181 0.584649 0.491408 0.231597 0.425279 1.0668 1.23522 0.116117 0.132509 0.110698 0.0225526
internal_count=392983 22797 370186 13275 3086 11033 356911 2670 10189 11764 7995 522 7711 356389 3458 764 1586 1506 904
is_linear=0
shrinkage=0.05


Tree=227
num_leaves=27
num_cat=0
split_feature=47 44 13 1 24 37 0 28 1 46 49 1 47 23 24 2 46 16 38 28 24 17 47 43 49 16
split_gain=0.163548 0.193193 0.223898 0.179438 0.15038 0.12981 0.127005 0.0857335 0.0804105 0.0794188 0.0712779 0.0705646 0.0485729 0.0421441 0.0321232 0.0270781 0.0254154 0.0212512 0.007982 0.00187704 0.00178654 0.00107549 0.000333338 0.000177824 8.30841e-05 2.27698e-05
threshold=145.50000000000003 4.5000000000000009 5.5000000000000009 15.500000000000002 61.733762741088874 1.5000000000000002 20.089843750000004 1.5000000000000002 70.500000000000014 92.500000000000014 2.5000000000000004 1.5000000000000002 102.50000000000001 99.090908050537124 95.940452575683608 3.5000000000000004 134.50000000000003 99.367088317871108 2.5000000000000004 1.0000000180025095e-35 99.704143524169936 90.521114349365249 94.500000000000014 3.5000000000000004 9.5000000000000018 64.051280975341811
decision_type=2 2 2 10 2 2 2 2 8 2 2 10 2 2 2 10 2 2 2 2 2 2 2 2 2 2
left_child=1 2 3 7 -2 11 8 9 -4 10 12 -6 22 -5 -8 18 -11 -3 -7 -13 -10 23 -1 -20 -9 -25
right_child=4 17 6 13 5 15 14 24 20 16 -12 19 -14 -15 -16 -17 -18 -19 21 -21 -22 -23 -24 25 -26 -27
leaf_value=-0.00096227768464206699 -0.016533929534363122 -0.011958977593479247 0.013932098345594416 -0.0094685781482499263 0.016134452770828377 -0.011716284485932458 -0.014385369251312447 -0.0032331645290424853 -0.0060223905044139645 -0.0057293693575730179 -0.0010455407755780221 0.00044788881314483171 0.029779779755079963 0.0047805029483864829 0.00024782239279154194 0.0026883638459192774 0.0049757337411994 0.0017527314028280951 -0.0011188380738604501 -0.0046635953899309664 0.0003478645775614104 0.0014101498473712811 0.00040375662935977552 -9.7448581487649081e-05 3.0141817904545075e-05 0.00029090781450512082
leaf_weight=0.049386681708087354 0.57739244685110325 0.30601078422988326 0.47090155201954054 0.22860816526625161 0.62914084729061748 0.30914826184720567 0.40076287020608703 0.06867882354659105 0.13657083319489516 0.12121390183705205 0.14488355664619224 0.022938070165679392 1.8084691438500042 0.10720377083453059 0.46671865430920434 0.060763032076550871 0.10729037479427461 0.072331069482061139 0.023859760965741827 0.09826565316268443 0.0071656688041912267 0.033375692092022291 0.053046539698414108 0.0019526227694726117 0.0012191601486222217 0.0065439904363415735
leaf_count=228 122043 144114 1773 27175 1925 9125 10760 28476 11880 6367 107 45 4318 12 331 1751 498 786 1962 16502 3 22 249 2271 176 386
internal_value=0.00481388 0.00930493 0.012642 0.0192885 -0.00594876 0.00441073 -0.00233219 0.0231098 0.00866958 0.0246445 0.0267865 0.0123528 0.028531 -0.00474631 -0.0105956 -0.00834454 -0.000744211 -0.00996781 -0.0107875 -0.00415955 -0.00567833 0.000475592 -0.000530306 -0.000920574 -0.00320127 0.000193528
internal_weight=6.31384 4.55046 4.17212 2.69 1.76338 1.18599 1.48212 2.35419 0.614638 2.28429 2.05579 0.750345 1.9109 0.335812 0.867482 0.435643 0.228504 0.378342 0.37488 0.121204 0.143737 0.0657321 0.102433 0.0323564 0.069898 0.00849661
internal_count=393285 237253 92353 67606 156032 33989 24747 40419 13656 11767 4902 18472 4795 27187 11091 15517 6865 144900 13766 16547 11883 4641 477 4619 28652 2657
is_linear=0
shrinkage=0.05


Tree=228
num_leaves=38
num_cat=0
split_feature=18 13 11 16 16 25 47 1 45 16 40 25 13 0 41 37 41 47 13 13 44 50 16 13 16 48 50 19 16 41 18 45 45 40 25 50 18
split_gain=0.270035 0.177731 0.184085 0.119021 0.0959769 0.0723331 0.0647688 0.0634572 0.0711986 0.057488 0.0390539 0.026261 0.0252394 0.0251887 0.0240906 0.022641 0.0218843 0.0181301 0.0129263 0.0385718 0.0106052 0.00869569 0.00775417 0.00736887 0.00626928 0.00426743 0.00296193 0.00288005 0.000889897 0.000842083 0.000539875 0.000357952 0.00100383 0.000287659 0.000173227 0.000124022 4.72242e-05
threshold=84.273937225341811 62.500000000000007 -0.3647803515195846 85.215545654296889 20.761494636535648 2.5000000000000004 134.50000000000003 1.5000000000000002 0.60042747855186474 76.339714050292983 1.5000000000000002 2.5000000000000004 65.500000000000014 101.58581161499025 4.5000000000000009 4.5000000000000009 22.500000000000004 162.50000000000003 2.5000000000000004 58.500000000000007 2.5000000000000004 88.270568847656264 83.43881988525392 66.500000000000014 23.606810569763187 11.500000000000002 37.500450134277351 77.015758514404311 60.397012710571296 1.0000000180025095e-35 81.53021621704103 0.70489299297332775 0.3955622017383576 1.0000000180025095e-35 2.5000000000000004 37.940654754638679 81.872947692871108
decision_type=2 2 8 2 2 2 2 10 2 2 2 2 2 2 2 2 2 2 2 2 2 2 2 2 2 2 2 2 2 2 2 2 2 2 2 2 2
left_child=4 2 5 9 16 10 14 -5 18 11 -2 20 15 -3 26 21 -1 -11 -9 -20 -4 22 -8 -14 33 30 -6 29 -17 -28 -26 32 -13 -16 -31 -29 -32
right_child=1 13 3 7 6 -7 12 8 -10 17 -12 31 23 -15 24 28 -18 -19 19 -21 -22 -23 -24 -25 25 -27 27 35 -30 34 36 -33 -34 -35 -36 -37 -38
leaf_value=-0.0028881867257737333 -0.001417046396690497 -0.011348160464922577 0.0021256254671613399 0.013727479553752057 -0.00054531550290474724 -0.0026648476838953637 -0.020977241606896246 0.0086760719313445714 -0.0091175927933558228 -0.012821256570087217 0.026544520650672872 -0.0010463272717650639 0.0031232316923093949 0.0021506595110387934 0.0015352297253135028 -0.00068899622944577779 0.0084212806677771545 0.0012959121194916282 -0.0068687279763439777 0.0061008805338641711 -0.0057030673429303031 0.00039160255032001857 0.00036919855725927166 -0.0027613480783124141 -0.0063769823267321932 0.00077424775984025554 -0.00014094988057981452 0.00022403514017997175 0.0015774655010906361 0.0070072154189884869 0.00028104217777756173 0.0075548683574906883 0.0011690066922088115 -0.00023013833871284359 -1.6884656652114367e-05 -0.0006857197103620114 -0.00020895521004580172
leaf_weight=0.059906020679946326 0.02877642888267895 0.28910428728102022 0.051662115821273114 1.3701786698278513 0.010986466854248311 0.05609893027298074 0.69003664073994564 0.33373152731616063 0.32732185234854683 0.52815144172814144 1.3196083557719192 0.021299677850578291 0.079788068758773534 0.101111341050796 0.030779549655079563 0.013843054080595607 0.21948579387899514 0.068319976369195956 0.15680662753788965 0.1437760256320928 0.13011012015803658 0.01279794867757289 0.0086468821413063779 0.058070320203007952 0.15825887064008626 0.022448457708890146 0.0028267233632064395 0.0044837414166067893 0.034892574957950728 0.16926655984011063 0.0063836615132260022 0.22605732814139401 0.03123751168442368 0.0046195971416409512 0.0040107878291983914 0.013845211700726168 0.0041951448287846915
leaf_count=2877 1079 8412 108 1182 4768 4924 205974 255 325 2121 9335 912 765 37 14 3518 3264 305 518 100 2179 89 301 17125 95765 1072 3373 2 1349 7747 470 330 435 2346 4664 3005 1973
internal_value=0.00498053 0.0101983 0.0130017 0.00410604 -0.00929154 0.0238308 -0.0134991 0.00931576 -0.000763739 -0.00632933 0.0255985 0.00355387 -0.0175433 -0.00881938 0.00128708 -0.0191734 0.00563426 -0.0114054 0.00648823 -0.000744089 -0.00356215 -0.0202651 -0.0206512 0.000396119 -0.00421484 -0.00547439 0.00581832 0.0063334 0.000890571 0.00683188 -0.00625681 0.00735152 0.000130076 0.00130508 0.00696881 -0.000461711 7.22402e-05
internal_weight=6.79292 5.18335 4.79314 3.38865 1.60957 1.40448 1.33018 2.33181 0.961636 1.05684 1.34838 0.460367 0.898075 0.390216 0.432105 0.760217 0.279392 0.596471 0.634314 0.300583 0.181772 0.711481 0.698684 0.137858 0.226685 0.191286 0.205419 0.194433 0.0487356 0.176104 0.168838 0.278595 0.0525372 0.0353991 0.173277 0.018329 0.0105788
internal_count=393018 32557 24108 8770 360461 15338 354320 2380 1198 6390 10414 3964 229121 8449 125199 211231 6141 2426 873 618 2287 206364 206275 17890 101640 99280 23559 18791 4867 15784 98208 1677 1347 2360 12411 3007 2443
is_linear=0
shrinkage=0.05


Tree=229
num_leaves=32
num_cat=0
split_feature=38 23 23 29 37 13 40 43 16 13 13 47 38 47 44 0 37 50 37 1 47 23 16 50 13 49 17 37 17 37 23
split_gain=0.1524 0.135834 0.206266 0.103981 0.0883264 0.0793077 0.07453 0.0803852 0.100785 0.0603128 0.0446012 0.042706 0.039938 0.0326632 0.0283826 0.0225884 0.0214924 0.0176639 0.0174456 0.016739 0.0133359 0.012699 0.010777 0.00918531 0.00685767 0.00265941 0.00201121 0.00049042 0.000365879 0.000353215 0.000185775
threshold=1.5000000000000002 93.44086074829103 36.51515197753907 1.0000000180025095e-35 1.5000000000000002 1.5000000000000002 1.0000000180025095e-35 1.5000000000000002 54.641149520874031 62.500000000000007 1.5000000000000002 143.50000000000003 4.5000000000000009 133.50000000000003 2.5000000000000004 151.01722717285159 3.5000000000000004 95.099250793457045 3.5000000000000004 1.5000000000000002 204.50000000000003 81.557067871093764 95.101959228515639 86.67566299438478 72.500000000000014 3.5000000000000004 93.419914245605483 1.5000000000000002 65.545505523681655 1.5000000000000002 63.702239990234382
decision_type=2 2 2 2 2 2 2 2 2 2 2 2 2 2 2 2 2 2 2 8 2 2 2 2 2 2 2 2 2 2 2
left_child=1 2 11 5 9 -4 14 8 -8 17 -6 -1 -9 -7 -2 18 22 -3 -12 -13 25 30 29 -18 -11 26 -5 -14 -27 -10 -15
right_child=6 4 3 20 10 13 7 12 16 24 15 19 27 21 -16 -17 23 -19 -20 -21 -22 -23 -24 -25 -26 28 -28 -29 -30 -31 -32
leaf_value=-0.0029311242872528624 0.0083735522305158488 0.0019827141294377544 -0.0081458476359478667 -0.018830658622786826 0.0056912086675748701 -0.0028894594177345731 -0.010479687288638968 -0.019599506238512008 9.1895765441008767e-05 0.0017625288416545397 -0.011442122267324235 0.016327938980939049 -0.00028209734901114977 0.00019021567816135138 -0.0037361694635302959 0.0025065042210946076 0.002528015981890926 0.019656846950524245 0.0013779382483757908 -0.0010876458235480992 0.00075442155316808818 0.013056385236386449 -0.00068437711234116904 -0.0042339925636298292 -0.0043890005140394955 -0.00073375333362100904 -9.6183775656126185e-05 0.002119623670098597 0.00061304712188484708 0.01191173937767975 -0.0011962271372616352
leaf_weight=0.060930885088261166 0.20477659746509869 0.41364715781321626 0.19249684555541058 0.7829244838393663 0.259028572926013 0.061989059849096861 0.24520944407023393 0.8070620000959714 0.022078355593350807 0.071597300944517772 0.29036268860716064 0.34914096252430227 0.0056705341620784102 0.0059238149663372033 0.078960032519404422 0.065033237915486097 0.05454374459139899 1.1586205720422524 0.090279727821553024 0.022192756086258925 0.015478302010563993 0.36213657262747745 0.078627095187584928 0.090488149398424866 0.099743934835771597 0.014873035610698082 0.024834800856467609 0.059226534499600803 0.017590444784815418 0.36092215835573427 0.024436594295792702
leaf_count=12940 243 357 79 210172 42 1358 14630 121993 1755 238 1244 69 2613 623 593 4 875 512 273 8123 228 1003 57 85 1424 2270 134 5277 37 2629 1398
internal_value=0.000106152 0.00513025 -0.00383372 -0.0116111 0.011272 0.00240925 -0.00892181 -0.0120749 0.000305673 0.0154164 -0.00201046 0.0124329 -0.0178722 0.00940668 0.00471832 -0.00732712 0.0084744 0.0175855 -0.00960578 0.015253 -0.0177976 0.0120291 0.0106502 -0.00170407 -0.00250828 -0.0183636 -0.0186265 0.00184193 -0.000117036 0.0117895 -0.00100365
internal_weight=6.39083 4.38326 1.93495 1.50268 2.44831 0.646983 2.00756 1.72383 0.851869 1.74361 0.704704 0.432265 0.871959 0.454486 0.283737 0.445676 0.60666 1.57227 0.380642 0.371334 0.855701 0.392497 0.461628 0.145032 0.171341 0.840223 0.807759 0.0648971 0.0324635 0.383001 0.0303604
internal_count=393278 242528 238434 217302 4094 4461 150750 149914 20031 2531 1563 21132 129883 4382 836 1521 5401 869 1517 8192 212841 3024 4441 960 1662 212613 210306 7890 2307 4384 2021
is_linear=0
shrinkage=0.05


Tree=230
num_leaves=31
num_cat=0
split_feature=16 43 28 48 47 33 16 21 20 37 26 44 47 1 16 47 17 12 31 11 35 44 37 31 24 16 17 47 1 17
split_gain=0.408233 0.223115 0.177549 0.161241 0.149901 0.124303 0.0879375 0.0862004 0.0859913 0.0704995 0.0658145 0.0528944 0.0428947 0.0393002 0.0384759 0.0361528 0.0257722 0.0238951 0.0171775 0.014698 0.0203185 0.0102396 0.0074203 0.00606501 0.00549054 0.00516244 0.00445573 0.000756679 0.000699698 1.08344e-05
threshold=76.339714050292983 1.5000000000000002 1.5000000000000002 4.5000000000000009 151.50000000000003 0.81666666269302379 82.793453216552749 18.350168228149418 0.8995167911052705 1.0000000180025095e-35 1.5000000000000002 4.5000000000000009 144.50000000000003 11.500000000000002 19.560019493103031 103.50000000000001 95.040985107421889 2.5000000000000004 3.5000000000000004 -1.0000000180025095e-35 1.5000000000000002 2.5000000000000004 4.5000000000000009 1.0000000180025095e-35 99.704143524169936 83.910789489746108 99.367088317871108 129.50000000000003 1.5000000000000002 99.367088317871108
decision_type=2 2 2 2 2 2 2 2 2 2 2 2 2 10 2 2 2 2 2 8 2 2 2 2 2 2 2 2 8 2
left_child=2 6 4 5 7 9 -2 18 11 25 -11 15 21 24 -6 28 -12 23 -1 20 -7 -10 29 -17 -5 -3 -23 -21 -9 -16
right_child=1 3 -4 13 14 19 -8 8 12 10 16 -13 -14 -15 22 17 -18 -19 -20 27 -22 26 -24 -25 -26 -27 -28 -29 -30 -31
leaf_value=-0.0054103377106548035 -0.0058931153875938416 -0.0019664902703218855 -0.0078944941575283881 -0.0053094111433547283 0.004925029985369242 -0.0074785140340853824 0.013651723179748354 0.0006405229504735469 0.0016562630703475878 0.0022149660300561486 -0.028245478499328975 -0.001613915989448029 0.0080066731921196507 0.0095680005638639713 -0.0092401723129650025 0.00011933729427288064 0.00042355630736236539 -0.00069790724242088848 0.0036234226729818693 9.2201947673675096e-05 0.0029658727192116464 -0.0075747763087918602 0.000893965542252455 0.032305085556184519 0.0011241944274635754 0.0030225978864098172 0.00057706982901319537 0.0033621743048941923 -0.0013284157946076101 -7.7423407166094769e-06
leaf_weight=0.11632030679958028 0.19435425536150353 0.059682612218694753 0.18700875709832221 0.11693435561741683 0.11737332477824214 0.17153837081770007 0.6830825592734584 0.02067695645087031 0.048510746137537697 0.050313684356552701 1.2055064257907444 0.033300635971457271 0.20466932483195421 0.3157456676835011 0.2219974051043323 0.022224278755800131 0.050977105329138683 0.014154267077756688 0.075458174554142943 0.27138874006050162 0.088417481691976718 0.20302477930702878 0.021903022628976032 1.1443575887488888 0.059220444758068425 0.1231534343602334 0.041126428469624443 0.31479357968112254 0.027036564419177012 0.0019967732209806846
leaf_count=1371 521 730 263434 840 377 983 679 8 92 562 21481 41642 977 132 28176 429 251 10504 139 123 359 3685 807 12312 13 516 33 303 1265 37
internal_value=0.00240945 -0.00752808 0.0150761 -0.0134178 0.0187544 -0.0177496 0.00848951 0.0227178 0.0250735 -0.0233822 -0.0258038 0.0293178 0.00191685 0.00526145 -0.00358152 0.0305043 -0.0274101 0.0314976 -0.00179801 -0.000539217 -0.00439163 -0.0052413 -0.0083359 0.03203 -0.00402965 0.00110834 -0.00684148 0.00286082 -0.000678205 -0.00923144
internal_weight=6.20625 3.70511 2.50114 2.82767 2.31413 2.33577 0.877437 1.95086 1.75908 1.48963 1.3068 1.26175 0.497331 0.4919 0.363271 1.22845 1.25648 1.18074 0.191778 0.846138 0.259956 0.292662 0.245897 1.16658 0.176155 0.182836 0.244151 0.586182 0.0477135 0.223994
internal_count=392781 27493 365288 26293 101854 25308 1200 72457 70947 23540 22294 66160 4787 985 29397 24518 21732 23245 1510 1768 1342 3810 29020 12741 853 1246 3718 426 1273 28213
is_linear=0
shrinkage=0.05


Tree=231
num_leaves=31
num_cat=0
split_feature=17 7 19 50 44 5 41 13 32 49 47 47 47 24 37 47 13 34 17 16 50 47 49 34 47 50 19 49 47 16
split_gain=0.220704 0.208635 0.243147 0.10094 0.0905853 0.0846193 0.0825143 0.0810494 0.10125 0.0686069 0.0654779 0.0647146 0.0557144 0.049857 0.0485884 0.0467765 0.0354533 0.0353537 0.030193 0.0280714 0.0151799 0.0121102 0.0118412 0.00430879 0.00329487 0.00198738 0.00127002 0.000616478 0.00055715 0.000168285
threshold=82.807880401611342 1.0000000180025095e-35 37.590579986572273 96.169029235839858 4.5000000000000009 1.0000000180025095e-35 1.5000000000000002 47.500000000000007 0.77500000596046459 1.0000000180025095e-35 98.500000000000014 103.50000000000001 150.50000000000003 99.704143524169936 1.0000000180025095e-35 135.50000000000003 65.500000000000014 0.68301436305046093 85.86789703369142 58.885448455810554 96.169029235839858 121.50000000000001 2.5000000000000004 0.61721614003181469 105.50000000000001 99.655174255371108 67.006801605224624 16.500000000000004 104.50000000000001 58.204833984375007
decision_type=2 2 2 2 2 2 2 2 2 2 2 2 2 2 2 2 2 2 2 2 2 2 2 2 2 2 2 2 2 2
left_child=1 2 6 5 11 15 -1 8 18 14 -9 25 19 -8 -7 21 24 -12 -5 29 -21 -2 -18 -17 28 26 -3 -26 -4 -13
right_child=3 4 16 7 -6 9 13 10 -10 -11 17 12 -14 -15 -16 23 22 -19 -20 20 -22 -23 -24 -25 27 -27 -28 -29 -30 -31
leaf_value=-0.0049068129217996227 -0.0012823450392279664 0.00048993901149208886 -0.00085101400681359502 0.0032983767541254713 -0.0034712493420174387 0.0016939123766702676 -0.0026131564501679239 0.0056231194898821359 0.013384350068661375 0.0031198200168184825 -0.014116001387128929 -0.0010126275830729752 -0.0018716015897674275 0.019252643902204301 -0.020862049396147248 -0.0063333595392370406 -0.0031336429210797284 0.0026455949023116709 -0.0094388151986450793 0.029440871987517516 0.00044117531082361894 0.010022581778100335 0.0043404255794695689 0.00073315795824058217 -0.016709697908323679 0.00091759516773844282 -0.0030944953620859945 2.4820777372186529e-05 0.0008038545465291454 0.00020489885013532896
leaf_weight=0.096502334629402498 0.041728301385774214 0.013287315722266047 0.017293739839360001 0.12273323964981875 0.074297836768487113 0.11322297782385249 0.055043898882795261 0.14117966806998072 1.0784308470057622 0.13658307302193862 0.38961248588384478 0.023862170721301257 0.040894053769221617 0.54163787498333704 0.75080667713226035 0.14340114568827289 0.06655366974717225 0.055256461382668931 0.22217959377735497 1.0327150666360294 0.077629190966376771 0.23669714196532254 0.11728525378724441 0.035407095264133659 0.55336890007405692 0.020526380363662611 0.065256675266113007 0.0025496359376688807 0.018668524289168431 0.0046205195836535031
leaf_count=2719 476 626 11143 116 53846 92 30430 40 537 116 3638 4265 2628 1815 1767 3490 22751 24 528 3336 108 851 312 66 244959 15 531 324 1060 141
internal_value=0.00440133 0.012826 -0.00118585 -0.00379171 0.0220767 -0.0107888 0.0127235 0.00318294 0.00824717 -0.0155421 -0.00656159 0.024433 0.0263984 0.0168622 -0.0185832 0.0031406 -0.0137809 -0.011644 -0.00582397 0.027814 0.0285832 0.00865052 0.00127323 -0.00549916 -0.0163193 -0.00169557 -0.00259608 -0.0166663 -4.52429e-05 -0.000807933
internal_weight=6.28923 2.82199 1.4689 3.46724 1.35309 1.45785 0.693184 2.00939 1.42334 1.00061 0.586049 1.27879 1.17972 0.596682 0.86403 0.457234 0.77572 0.444869 0.344913 1.13883 1.11034 0.278425 0.183839 0.178808 0.591881 0.0990704 0.078544 0.555919 0.0359623 0.0284827
internal_count=392750 381009 315513 11741 65496 6858 34964 4883 1181 1975 3702 11650 10478 32245 1859 4883 280549 3662 644 7850 3444 1327 23063 3556 257486 1172 1157 245283 12203 4406
is_linear=0
shrinkage=0.05


Tree=232
num_leaves=38
num_cat=0
split_feature=26 17 20 25 13 44 46 39 1 20 47 49 47 12 38 50 19 17 18 23 37 50 24 34 47 44 13 2 34 17 13 17 38 2 2 2 2
split_gain=0.165886 0.185196 0.144606 0.116684 0.161752 0.0984222 0.0970256 0.087219 0.082729 0.081085 0.0761336 0.0703726 0.0491948 0.0455823 0.0369582 0.0365042 0.0329539 0.0293023 0.0184173 0.0167624 0.0153704 0.0149023 0.0127061 0.00926768 0.00728189 0.00710347 0.00620788 0.00518205 0.00394118 0.00365458 0.00285334 0.00264435 0.00205061 0.000679193 0.000406479 4.43315e-05 1.36625e-05
threshold=2.5000000000000004 85.215545654296889 0.53469792008399974 2.5000000000000004 47.500000000000007 4.5000000000000009 47.500000000000007 0.61250001192092907 33.500000000000007 0.95259785652160656 150.50000000000003 1.0000000180025095e-35 102.50000000000001 4.5000000000000009 2.5000000000000004 99.655174255371108 88.303691864013686 69.00656890869142 23.629112243652347 93.44086074829103 3.5000000000000004 23.531040191650394 99.704143524169936 0.92582416534423839 92.500000000000014 1.0000000180025095e-35 53.500000000000007 10.500000000000002 0.20942982286214831 79.431911468505874 50.500000000000007 62.316371917724616 4.5000000000000009 12.500000000000002 11.500000000000002 1.5000000000000002 20.500000000000004
decision_type=2 2 2 2 2 2 2 2 10 2 2 2 2 2 2 2 2 2 2 2 2 2 2 2 2 2 2 10 2 2 2 2 2 10 10 10 10
left_child=2 7 11 4 5 8 15 -2 12 16 -11 18 24 14 27 17 19 33 23 -3 25 -13 -5 -1 -4 -8 30 -14 -22 31 -19 -9 35 -6 -29 -16 -37
right_child=1 9 3 22 6 -7 20 29 -10 10 -12 21 13 -15 32 -17 -18 26 -20 -21 28 -23 -24 -25 -26 -27 -28 34 -30 -31 -32 -33 -34 -35 -36 36 -38
leaf_value=-0.0011760450271897783 -0.020326418291036246 -0.0051257026521754944 0.0028451524735612207 -0.0075996734286388999 -0.0026368274950627677 -0.0036768244651342215 0.00063985270692943665 -0.00061866545995622536 -0.0029093717774828177 -0.010290069955937755 0.0068053857053786129 0.0011718243394188083 0.030853105718471215 -0.0014746197307732014 -0.0013571934917899339 -0.0031632185885918152 0.014220448667366048 0.0018267912122992181 -0.0026439577730594968 0.0036494160198094505 -0.0016594041296083253 -0.013150265725107725 0.0018900281645661454 0.0089160146441408968 -0.0029760508569955744 -0.011855103314421869 0.013659514550536581 0.00084280749317866424 0.0028361136070243695 -0.0009624502649905215 -0.0018763560842701055 0.0050456029585168472 0.0018126531859273751 0.00031243057706551813 -0.00059395486923921657 -0.0001140231779861793 0.00014913100679397667
leaf_weight=0.023974958441958072 0.65678447597046874 0.11680143376656793 0.065873672442564479 0.17243531811711665 0.055238665014080146 0.078571621235564382 0.017520499012988466 0.01251968771645906 0.061085861419513665 0.55856676442454045 0.2398557719400003 0.034621786098512075 1.3051088120128538 0.03034217396655936 0.079932501286826496 0.13552275927838764 0.55722969250552978 0.041999666968024485 0.055400375508192212 0.11256039086470082 0.034113810278029177 0.32954234365127633 0.041937687816584912 0.21187940162656105 0.085050716171195972 0.30618698781033515 0.48096709744163491 0.018446636134171857 0.06030018798293213 0.023175166964591654 0.038989562013298951 0.12883158774066317 0.046623558287137712 0.0064635951017351081 0.011982270716231369 0.003967336571378155 0.0045556979279126608
leaf_count=6078 194270 705 716 38565 6519 35939 87 3509 4951 601 457 564 6581 6036 1728 374 746 204 41701 77 2712 7235 636 118 849 24057 1265 201 484 12 328 94 686 180 2846 658 405
internal_value=0.00421563 -0.0049061 0.00976594 0.0135577 0.0160388 0.0225951 0.000266639 -0.0162477 0.0247112 0.00498266 -0.00422596 -0.00571516 0.0264446 0.028119 0.0290793 0.00802837 0.0114633 0.0109107 0.0052743 -0.00135371 -0.00954982 -0.0119278 -0.00571557 0.00776863 -0.000170813 -0.0112063 0.0129218 0.0305613 0.00117974 0.00350741 -4.25523e-05 0.00444142 0.000411269 -0.0023246 0.000249685 -0.0013141 3.50362e-05
internal_weight=6.24496 2.40632 3.83864 3.18322 2.96884 1.79154 1.1773 0.821311 1.71297 1.58501 0.798423 0.655419 1.65188 1.50096 1.47062 0.759181 0.786592 0.623659 0.291255 0.229362 0.418121 0.364164 0.214373 0.235854 0.150924 0.323707 0.561956 1.33554 0.094414 0.164526 0.0809892 0.141351 0.135079 0.0617023 0.0304289 0.0884555 0.00852303
internal_count=393174 200471 192703 137007 97806 61596 36210 197885 25657 2586 1058 55696 20706 19141 13105 8870 1528 8496 47897 782 27340 7799 39201 6196 1565 24144 1797 9628 3196 3615 532 3603 3477 6699 3047 2791 1063
is_linear=0
shrinkage=0.05


Tree=233
num_leaves=29
num_cat=0
split_feature=11 35 41 47 47 46 23 7 39 47 46 20 16 21 37 20 12 34 38 2 34 16 34 12 37 47 41 37
split_gain=0.216305 0.224144 0.135534 0.133025 0.122367 0.161444 0.0936325 0.0926973 0.0869062 0.0862783 0.0759934 0.0655764 0.0544058 0.0507611 0.0439484 0.0363414 0.0318965 0.0192639 0.0143269 0.0119243 0.0106083 0.00870707 0.00778071 0.00595877 0.00557675 0.00470894 0.00400733 0.00348761
threshold=-0.3647803515195846 1.5000000000000002 10.500000000000002 146.50000000000003 132.50000000000003 143.50000000000003 91.06858062744142 1.0000000180025095e-35 0.77500000596046459 157.50000000000003 34.500000000000007 0.39724378287792211 95.101959228515639 46.065429687500007 1.0000000180025095e-35 0.86684024333953869 1.5000000000000002 0.7379862666130067 1.0000000180025095e-35 2.5000000000000004 0.92582416534423839 91.820003509521499 0.21807064861059192 1.5000000000000002 4.5000000000000009 204.50000000000003 3.5000000000000004 6.5000000000000009
decision_type=8 2 2 2 2 2 2 2 2 2 2 2 2 2 2 2 2 2 2 10 2 2 2 2 2 2 2 2
left_child=4 8 3 10 7 27 11 -1 9 12 16 20 14 -10 -2 -9 -3 22 23 -7 -4 -20 -8 -11 25 -5 -17 -6
right_child=1 2 6 24 5 19 17 15 13 18 -12 -13 -14 -15 -16 26 -18 -19 21 -21 -22 -23 -24 -25 -26 -27 -28 -29
leaf_value=-0.0035973240536833258 0.00036589855152930126 0.023094874303987666 -0.0020969183941088143 -0.0072760407901240071 -0.013268765797831011 0.012439366898565892 -0.0040910146707885797 -0.0013806143311985469 -0.0058629581950538487 0.0065060999836413294 -0.0033426774657047092 -0.015585567578195665 -3.4808210573537559e-05 0.0091395434186022223 -0.023096190651409328 0.0012470610373322658 -0.0013748496073322279 0.0093706687785844716 -0.0048404532335459913 -0.0010505381016580855 0.0058496276308769588 0.0019961961574256003 0.002179805250709163 -0.001060997228605254 0.00098307386711112585 0.00074706878736519565 0.026702756182103899 0.00027459381601874564
leaf_weight=0.077069780629869911 0.18656280467672637 0.87143307696168848 0.042256706833832203 0.18756104358417858 0.35633698558268634 0.32622714731459723 0.088049585946777142 0.028157715187347776 0.12812229650166518 0.15679240833478036 0.069859290549800335 0.47946878526637349 0.36118412668520239 0.26586208005008416 1.0946474347058623 0.11862677370606889 0.027663227645859934 0.23300331676728092 0.1033756340402654 0.021449365741403881 0.12338382629130251 0.088432951401443916 0.072139310634412368 0.021617916417682181 0.020085482281558598 0.015055199370806349 0.6211674287652329 0.0079810774932695949
leaf_count=42974 3628 5793 1897 12397 129954 478 380 15306 2017 351 12727 63504 374 271 70363 857 2865 22 11160 8653 48 124 95 3030 177 48 2559 402
internal_value=0.00270406 -0.00313009 0.00684814 0.0143051 0.0145071 -0.001341 -0.00452956 0.0213497 -0.0116721 -0.0148434 0.0194171 -0.0113503 -0.0181622 0.00355475 -0.021017 0.0244719 0.0220145 0.00677573 0.00238952 0.0114451 0.00376261 -0.00265824 -0.00182227 0.00546692 -0.00562656 -0.0065544 0.0256839 -0.0129883
internal_weight=6.19357 4.63656 2.22996 1.19166 1.55702 0.711995 1.0383 0.845022 2.4066 2.01261 0.968956 0.645109 1.64239 0.393984 1.28121 0.767952 0.899096 0.393192 0.370219 0.347677 0.165641 0.191809 0.160189 0.17841 0.222702 0.202616 0.739794 0.364318
internal_count=392454 191271 99953 34007 201183 139487 65946 61696 91318 89030 21385 65449 74365 2288 73991 18722 8658 497 14665 9131 1945 11284 475 3381 12622 12445 3416 130356
is_linear=0
shrinkage=0.05


Tree=234
num_leaves=34
num_cat=0
split_feature=41 16 16 37 47 24 13 48 27 13 38 11 44 20 1 1 12 48 34 38 43 38 46 30 48 47 24 13 18 47 38 48 48
split_gain=0.2879 0.191279 0.140515 0.125277 0.132369 0.0677089 0.0528123 0.0655896 0.0627353 0.0460379 0.0372166 0.0362111 0.0346107 0.0317093 0.0205349 0.0202044 0.0181276 0.01657 0.0163022 0.0153821 0.0391293 0.0138417 0.0104292 0.0103804 0.00631459 0.00461235 0.00437229 0.000580313 0.000344729 0.000135632 0.000121068 2.60329e-05 4.2315e-07
threshold=10.500000000000002 20.761494636535648 86.295150756835952 1.5000000000000002 128.50000000000003 83.922328948974624 6.5000000000000009 2.5000000000000004 2.5000000000000004 72.500000000000014 4.5000000000000009 -1.0000000180025095e-35 1.5000000000000002 0.53469792008399974 70.500000000000014 34.500000000000007 22.500000000000004 11.500000000000002 0.92582416534423839 1.0000000180025095e-35 1.5000000000000002 2.5000000000000004 87.500000000000014 1.5000000000000002 6.5000000000000009 167.50000000000003 91.316913604736342 1.5000000000000002 75.582656860351577 168.50000000000003 5.5000000000000009 12.500000000000002 16.500000000000004
decision_type=2 2 2 2 2 2 2 2 2 2 2 8 2 2 10 8 2 2 2 2 2 2 2 2 2 2 2 2 2 2 2 2 2
left_child=3 18 10 4 5 27 7 8 11 13 17 -5 26 -6 16 19 21 -3 -2 -4 -21 23 -13 -15 -9 -14 -8 -1 -26 -27 -12 -19 -33
right_child=1 2 15 6 9 -7 12 24 -10 -11 30 22 25 14 -16 -17 -18 31 -20 20 -22 -23 -24 -25 28 29 -28 -29 -30 -31 -32 32 -34
leaf_value=-0.00034149678947920916 -0.0016845243829070192 -0.02385058021297683 0.0071839367548990202 -0.0025198558858861076 -0.0015039451605429728 0.006715959976347813 -0.0012819590539270603 -0.0078327045503044489 -0.0042814684647087247 -0.002235993864282569 0.0013500089411513723 0.015567187768246888 -0.012596108731872994 0.022757968017804522 -0.00095681994940760139 -0.0044809996828398769 -0.00082448281163030048 0.0006146451182065005 0.010701383067733694 0.0055710065932302148 -0.0074340045733310052 -0.00060333985564411528 -0.00071599654197698065 -0.00045974438648373352 -0.00034750747617885074 0.00061552814255553449 0.0040403337657705903 -0.010338763603103072 0.0012206968597863093 -0.00027298626102880395 -0.00011034649707433047 8.6526403770083884e-06 -6.0892920062261566e-05
leaf_weight=0.086008907195186945 0.034763152740059033 1.2454458021433761 0.29000890071870333 0.052678497916545552 0.03078632460620756 0.2056121976639389 0.026244389747276275 0.17919871661604958 0.21595048537554362 0.04830772239264991 0.05854999450147591 0.55256470842938632 0.32517187794505276 1.4124586655235871 0.019371322069318242 0.097492125513852557 0.016736534192617003 0.022689391627775168 0.25497022738034048 0.17996204904318347 0.1666598538807591 0.014016270220338245 0.014508745130513034 0.009279459381822508 0.0069623333877864005 0.012612769844210447 0.087162946599050883 0.25265557768384994 0.02521973106979658 0.0054875017588358324 0.0022117685637326181 0.0010835566828859547 0.0012192441850800151
leaf_count=10428 4733 236385 25 22313 12196 1507 878 1761 140 3873 3673 7713 16265 18358 1144 2576 3189 1713 81 45 399 4145 4682 20297 1529 150 84 7804 49 1376 2401 273 549
internal_value=-0.00012173 -0.0112438 -0.0161191 0.00801849 0.0138581 -0.00338342 -0.0024032 0.00354127 0.00848941 0.0188631 -0.0221605 0.0128354 -0.00910722 0.0201638 0.0210421 0.00129754 0.021606 -0.0233342 0.00906143 0.00437971 -0.001559 0.0220986 0.0149595 0.0224792 -0.00688038 -0.0121667 0.0027635 -0.00995154 0.000873446 0.000342606 0.00124294 0.000562234 -5.2185e-05
internal_weight=5.95405 2.35506 2.06532 3.599 2.09523 0.544277 1.50376 1.04708 0.835702 1.55096 1.3312 0.619752 0.456679 1.50265 1.47186 0.734123 1.45249 1.27044 0.289733 0.636631 0.346622 1.43575 0.567073 1.42174 0.211381 0.343272 0.113407 0.338664 0.0321821 0.0181003 0.0607618 0.0249922 0.0023028
internal_count=392734 252853 248039 139881 82941 19739 56940 38187 34848 63202 244994 34708 18753 59329 47133 3045 45989 238920 4814 469 444 42800 12395 38655 3339 17791 962 18232 1578 1526 6074 2535 822
is_linear=0
shrinkage=0.05


Tree=235
num_leaves=26
num_cat=0
split_feature=8 20 47 24 20 19 24 1 20 26 17 13 41 13 16 49 50 1 38 50 13 50 33 38 38
split_gain=0.272409 0.251682 0.143151 0.118445 0.11236 0.0966242 0.122968 0.0741768 0.0632848 0.0520592 0.0499303 0.0320952 0.0288626 0.0280026 0.0241182 0.0201438 0.0183849 0.0112713 0.00979751 0.00098372 0.0003983 0.000322598 0.000137009 0.00020586 2.09167e-05
threshold=1.0000000180025095e-35 0.95259785652160656 146.50000000000003 61.733762741088874 0.8582085669040681 97.366596221923842 94.146202087402358 35.500000000000007 0.46713979542255407 4.5000000000000009 95.040985107421889 241.50000000000003 1.5000000000000002 66.500000000000014 74.388786315917983 6.5000000000000009 23.531040191650394 5.5000000000000009 4.5000000000000009 22.752144813537601 249.50000000000003 42.106098175048835 0.73214286565780651 1.5000000000000002 5.5000000000000009
decision_type=2 2 2 2 2 2 2 10 2 2 2 2 2 2 2 2 2 10 2 2 2 2 2 2 2
left_child=2 4 5 -4 -2 10 14 12 -5 13 11 15 -6 17 22 16 19 -10 -18 -1 -13 -17 23 -7 -20
right_child=1 -3 3 8 7 6 -8 -9 9 -11 -12 20 -14 -15 -16 21 18 -19 24 -21 -22 -23 -24 -25 -26
leaf_value=-0.00087681317748841453 -0.0043939959490352822 -0.0053599238651957266 -0.01005103071621795 -0.0048674017930009847 -0.00051299959890992164 0.00047675057016276277 0.011312375826134032 -0.0027232007820363574 0.01685360399633648 -0.0034705699590769829 0.0016467518852550157 0.0017401061705325386 0.02690277981114397 -0.001711568522652511 -0.012050968188620512 -0.00037897786253828186 -0.022367480297643696 -0.00070467779067180094 0.00023414774467579781 0.0013695030078763981 -0.00028043269949807101 0.0010406533444004631 0.0021032735417997311 -0.00053022580324658855 -0.00011049830447549733
leaf_weight=0.017829454635433062 0.095886396222511272 1.0672688954696239 0.24899328650980646 0.10226191925100625 0.062131727940709203 0.023842759447688766 0.35885343019481297 0.057030945159794899 0.90155244514765775 0.072168231607889766 0.14107722677294976 0.034810916426493921 0.97731428055152492 0.043774363380343573 0.3160173434801834 0.011691323232170592 1.4517420588014518 0.014290180037662026 0.035698523701014895 0.03157253640895874 0.0056302190974477631 0.035276863854775797 0.04194017638474179 0.010697745846812268 0.0022148243962760708
leaf_count=4872 43376 165 97137 5007 412 727 122 107 5160 558 247 79 3738 2754 2407 1560 196274 18594 3571 1150 2313 291 5 338 2287
internal_value=-0.000929432 0.0103926 -0.00826864 0.003318 0.020506 -0.0137655 0.000945717 0.0237407 0.00958769 0.0127109 -0.0181011 -0.0197888 0.025816 0.0150778 -0.00984962 -0.0206855 -0.0213415 0.0163548 -0.0219739 0.000495802 0.00145964 0.000662824 0.0019914 -4.61851e-05 0.00012695
internal_weight=6.16157 2.25963 3.90194 1.38304 1.19236 2.5189 0.751351 1.09648 1.13405 1.03179 1.76754 1.62647 1.03945 0.959617 0.392498 1.58603 1.53906 0.915843 1.48966 0.049402 0.0404411 0.0469682 0.0764807 0.0345405 0.0379133
internal_count=393251 47798 345453 129210 47633 216243 3599 4257 32073 27066 212644 212397 4150 26508 3477 210005 208154 23754 202132 6022 2392 1851 1070 1065 5858
is_linear=0
shrinkage=0.05


Tree=236
num_leaves=31
num_cat=0
split_feature=17 17 28 47 23 44 46 41 16 16 13 46 12 16 18 19 16 13 50 34 33 47 50 37 24 16 44 50 37 47
split_gain=0.196543 0.152541 0.149708 0.116585 0.104935 0.103498 0.0632809 0.0604874 0.0777052 0.0739984 0.060398 0.0444808 0.0440597 0.0437142 0.0387387 0.0385594 0.0372254 0.0321296 0.0229358 0.0142356 0.012204 0.0091773 0.00773189 0.00691779 0.00548617 0.00460891 0.00303003 0.00292416 0.0013122 0.000705527
threshold=76.339714050292983 92.40384674072267 1.5000000000000002 151.50000000000003 29.708431243896488 4.5000000000000009 77.500000000000014 5.5000000000000009 81.28433990478517 91.820003509521499 62.500000000000007 31.500000000000004 21.500000000000004 90.366767883300795 89.825496673583999 96.60919570922853 19.560019493103031 66.500000000000014 58.826786041259773 0.82480818033218395 0.77500000596046459 103.50000000000001 93.026050567626967 4.5000000000000009 84.384033203125014 79.431911468505874 1.5000000000000002 46.154085159301765 3.5000000000000004 99.500000000000014
decision_type=2 2 2 2 2 2 2 2 2 2 2 2 2 2 2 2 2 2 2 2 2 2 2 2 2 2 2 2 2 2
left_child=2 7 3 4 18 6 17 11 22 -10 15 13 -13 14 28 24 -5 20 -1 -12 21 29 26 -18 -3 -24 -9 -19 -2 -6
right_child=1 10 -4 16 5 -7 -8 8 9 -11 19 12 -14 -15 -16 -17 23 27 -20 -21 -22 -23 25 -25 -26 -27 -28 -29 -30 -31
leaf_value=-0.0065064216738557768 0.00039073408494261002 -0.0035469923478035265 -0.0073500145742197822 0.0050809384128360623 0.0011178400505746165 -0.0036200212033616324 -0.0021466631530679295 0.0012174094646845847 -0.021198952022459507 0.0032319924699511396 -0.0074346217691159192 -0.0108207551539936 0.0042643880994682097 -0.0044261471967235689 0.012957446485927379 0.011994198188380951 -0.0087829636704457627 0.0017260042974226863 0.0039673234809579939 0.0021725445914478237 0.0002908287843281959 0.02974072081435801 -0.00091246087273867032 0.00088388882632430043 0.0015793985112368414 0.0057882443278107036 -0.0029597506815947396 -0.0020391769638532851 -0.0032877550732205948 -0.00077045719893933582
leaf_weight=0.14360654775517012 0.067764621224299271 0.19283739467209637 0.17198432682758191 0.11123584171295409 0.035183189260265979 0.077568204064817681 0.044845783775229964 0.031606488882857553 0.75274762179998334 0.089582491309016632 0.17208381231694136 0.26438574491504596 0.11152292486639226 0.15416901997537025 0.35922203626239479 1.3159906881615484 0.20788997242405571 0.034980383821306194 0.081598233204076109 0.044758724834537134 0.057531209122146154 1.2817732665842099 0.025616605880742327 0.020815789102385907 0.1661038456204551 0.12260743943301122 0.062095286669219263 0.042193155856040221 0.075120704533873095 0.016412947500867858
leaf_count=1935 440 553 264806 389 932 46227 17674 92 6421 257 1406 6136 508 109 296 1282 28897 81 122 18 11 7079 833 824 46 334 4880 472 44 126
internal_value=0.00486178 -0.00211075 0.0138947 0.0173817 0.0209223 0.0239571 0.0262489 -0.00947109 -0.0143746 -0.0182567 0.00655134 0.000218661 -0.00649872 0.00566693 0.00964946 0.00949153 -0.00303032 0.0276347 -0.00257078 -0.00529585 0.0286684 0.0292434 0.00295866 -0.00789983 -0.00175816 0.00484408 -0.00172593 -0.00031456 -0.00272776 0.000355713
internal_weight=6.33583 4.00822 2.32762 2.15563 1.81569 1.59049 1.51292 2.11644 1.08426 0.84233 1.89177 1.03219 0.375909 0.656276 0.502107 1.67493 0.339942 1.46807 0.225205 0.216843 1.3909 1.33337 0.241926 0.228706 0.358941 0.148224 0.0937018 0.0771735 0.142885 0.0515961
internal_count=393230 23655 369575 104769 74659 72602 26375 20350 12817 6678 3305 7533 6644 889 780 1881 30110 8701 2057 1424 8148 8137 6139 29721 599 1167 4972 553 484 1058
is_linear=0
shrinkage=0.05


Tree=237
num_leaves=31
num_cat=0
split_feature=38 50 23 20 13 44 50 21 24 34 12 1 38 50 2 21 2 37 27 23 13 16 16 19 13 19 48 16 19 48
split_gain=0.153 0.135587 0.158347 0.152184 0.147362 0.112652 0.109286 0.100894 0.0998178 0.0801464 0.0784948 0.0573363 0.0538373 0.0411485 0.0406586 0.0388047 0.0344643 0.0264737 0.0262553 0.101385 0.0155168 0.01128 0.00132134 0.00122579 0.000675607 0.000650793 0.000432413 0.000369544 0.000279005 0.000100861
threshold=1.5000000000000002 88.270568847656264 93.44086074829103 0.46713979542255407 1.5000000000000002 4.5000000000000009 96.169029235839858 96.871944427490249 93.492378234863295 0.91287881135940563 1.5000000000000002 2.5000000000000004 4.5000000000000009 95.099250793457045 4.5000000000000009 13.484848499298097 13.500000000000002 2.5000000000000004 2.5000000000000004 86.72955703735353 60.500000000000007 99.367088317871108 65.485893249511733 74.133811950683608 71.500000000000014 99.333332061767592 6.5000000000000009 65.345367431640639 93.44086074829103 7.5000000000000009
decision_type=2 2 2 2 2 2 2 2 2 2 2 10 2 2 10 2 8 2 2 2 2 2 2 2 2 2 2 2 2 2
left_child=1 3 18 -1 -4 10 13 9 -8 16 11 14 -9 -6 20 -11 23 -17 22 -20 26 -7 27 -2 -22 -13 -5 -3 -25 -16
right_child=7 2 4 5 6 21 8 12 -10 15 -12 25 -14 -15 29 17 -18 -19 19 -21 24 -23 -24 28 -26 -27 -28 -29 -30 -31
leaf_value=-0.0065185033076322453 -0.00038359751751474764 -0.00071092025246791059 0.0176704035755085 0.030134413961252229 -0.0035410710760306278 -0.0056011754816491007 -0.016811018271202124 -0.015775123732235035 0.0058561403859858346 -0.0031878795483880474 -0.0027875726184608362 -0.0020166435319769571 0.0033341608816926057 0.011803338908603947 -0.001373774271501574 0.014618944499175369 -0.010335061998624955 -0.0016796304253796483 0.0094862643508539495 -0.01042269587889634 -0.00084091329635829846 0.0022930915348219759 -0.01403662702723401 0.0039144774980241423 0.00097849593112752493 0.00038001801276747353 0.00057823246102586552 0.00064100969995426133 -8.1759663530136314e-05 9.0399327255387922e-05
leaf_weight=0.14451579401921311 0.0077290639726610424 0.014414894567238434 0.68891063021453658 0.96586412183538051 0.11422889779151979 0.12462325947436514 0.4949811612727899 0.81897841658566506 0.12747570576175349 0.063880366641427599 0.059027531576347658 0.041948404744047596 0.085576925288819439 0.2761519143186888 0.028060803495165376 0.48885873121848533 0.24570175488824475 0.073640386577579875 0.31126566906803532 0.24896550992085054 0.017021316649845519 0.059240666310415691 0.41760422121002705 0.10028839773774223 0.038602188949752758 0.021871826078950107 0.040976387313868656 0.012909032337717008 0.0037058624296264489 0.0018787452730748546
leaf_count=19235 15367 1592 74 4305 639 134030 2384 6622 18 36 43794 14985 491 112 13304 1880 119180 122 746 459 361 19 5919 6118 308 6 647 27 472 9
internal_value=0.00378599 0.00848832 0.000507885 0.0167813 0.0083026 0.0209019 -0.00368247 -0.00607279 -0.0114206 0.00379812 0.0243838 0.0264205 -0.0131659 0.00799586 0.028045 0.0101887 -0.0066567 0.0127758 -0.010248 -0.000370826 0.0290929 -0.00326919 -0.0138209 0.00345268 0.000152556 -0.00161015 0.0298191 -6.99717e-05 0.003827 -0.00128333
internal_weight=6.1389 4.25054 2.70691 1.54363 1.70175 1.39912 1.01284 1.88836 0.622457 0.983805 1.21525 1.15622 0.904555 0.390381 1.0924 0.626379 0.357425 0.562499 1.00516 0.560231 1.06246 0.183864 0.444928 0.111723 0.0556235 0.0638202 1.00684 0.0273239 0.103994 0.0299395
internal_count=393261 242973 11970 231003 3227 211768 3153 150288 2402 143175 77719 33925 7113 751 18934 2038 141137 2002 8743 1205 5621 134049 7538 21957 669 14991 4952 1619 6590 13313
is_linear=0
shrinkage=0.05


Tree=238
num_leaves=36
num_cat=0
split_feature=26 47 21 17 44 17 19 34 37 1 13 18 19 47 28 47 13 5 2 1 2 1 1 47 13 34 43 44 47 47 1 1 34 2 44
split_gain=0.230129 0.137664 0.126815 0.118938 0.108626 0.0989614 0.0965785 0.0954262 0.0682426 0.0680004 0.0656609 0.0543103 0.0412551 0.0365036 0.0318869 0.0256714 0.0200035 0.0181252 0.0161991 0.0150713 0.0117151 0.0112426 0.0106322 0.00918095 0.00774004 0.00523346 0.00273126 0.00183092 0.00161149 0.000888439 0.00081678 0.000700475 0.000582156 0.00029858 0.000204356
threshold=2.5000000000000004 134.50000000000003 92.450141906738295 95.040985107421889 1.5000000000000002 76.63120269775392 37.394067764282234 0.20942982286214831 1.0000000180025095e-35 12.500000000000002 4.5000000000000009 17.712418556213382 88.303691864013686 139.50000000000003 1.5000000000000002 103.50000000000001 12.500000000000002 1.0000000180025095e-35 10.500000000000002 1.5000000000000002 3.5000000000000004 1.5000000000000002 39.500000000000007 131.50000000000003 1.5000000000000002 0.95619046688079845 2.5000000000000004 1.0000000180025095e-35 165.50000000000003 95.500000000000014 2.5000000000000004 5.5000000000000009 0.95619046688079845 1.5000000000000002 1.0000000180025095e-35
decision_type=2 2 2 2 2 2 2 2 2 8 2 2 2 2 2 2 2 2 10 10 10 8 10 2 2 2 2 2 2 2 10 10 2 8 2
left_child=1 5 12 10 6 11 -3 28 22 -7 -4 -1 21 -9 15 29 -12 -14 27 -15 -10 26 32 -11 -25 -22 -2 -17 -8 33 -21 -32 -6 -13 -20
right_child=2 4 3 -5 8 9 7 13 20 23 16 14 17 19 -16 18 -18 -19 34 30 25 -23 -24 24 -26 -27 -28 -29 -30 -31 31 -33 -34 -35 -36
leaf_value=-0.0024430015564594672 0.0029095126228802738 -0.008016009171961826 -0.023547593245822288 0.0041156901844191674 -0.0022652282276232859 0.0073924052784124575 -0.0061343245116820561 -0.0020678983213111811 -0.015877638198435722 -0.0092240626874943547 0.0052362198832467018 0.0011045447436513489 0.010777470074810606 0.017950188593561286 -0.0013783406617671606 0.0012436483561873467 -0.0042799933400948084 -0.0015171525247948572 0.00030266079833278677 -0.0010688449414967553 -0.0024145306509005052 -0.0065022153225604631 0.0060602494739936162 0.0033908474378266835 -0.0026857449568575831 0.002577673864658442 -0.0011233734270895521 0.025511077292767637 0.00025928887885356939 -0.0013848746932109367 0.0014715631982147081 -0.00058027345497192674 0.00031287692691234529 -0.00033288338279093737 -0.00083432601291405593
leaf_weight=0.050100387793832857 0.077978802889205778 0.17310901363345754 0.9529517959107634 0.25743542487498428 0.05895095337430678 0.52861226134560013 0.13735228162362012 0.064243958757245423 0.55493677998677171 0.2800336037649771 0.12600644476795253 0.026262780533556906 0.28116317534141899 0.7543247909795312 0.028331458592223413 0.11513054660622402 0.10498722647179193 0.10619795389914088 0.0061818963274617991 0.041659994242934317 0.0507368916709936 0.14908917614799044 0.1282476567708386 0.068131982378375255 0.056079581340540585 0.051258835941553116 0.022824469934164426 0.70966935712490908 0.022520076375826648 0.029238628893352825 0.054068816623185967 0.011706546648852623 0.0062675231683897428 0.0066978238051831332 0.016923123842133236
leaf_count=874 403 1397 1001 378 3663 340 2474 709 57202 3283 360 100 2835 303 33597 138 5752 220 9 78 53831 188727 870 81 575 1 781 14024 261 1803 216 2472 2 1668 12527
internal_value=5.47949e-05 0.00663711 -0.0107191 -0.0162389 -0.00216681 0.0137356 0.00576586 0.0107526 -0.0106801 0.000144099 -0.0205228 0.0200392 0.00405874 0.01513 0.0218806 0.0229472 0.000947754 0.0087428 0.0240588 0.0168342 -0.014796 -0.00438777 0.00398297 -0.00784877 0.000698723 0.000156776 0.00180539 0.0246615 -0.00578664 -0.000590215 -0.000134826 0.000904564 -0.00195634 0.000772963 -0.00053163
internal_weight=6.10941 4.03078 2.07863 1.44138 2.10938 1.92139 1.25899 1.08588 0.850399 0.932857 1.18395 0.988536 0.637254 0.926004 0.938436 0.910104 0.230994 0.387361 0.847905 0.86176 0.656933 0.249892 0.193466 0.404245 0.124212 0.101996 0.100803 0.8248 0.159872 0.0621992 0.107435 0.0657754 0.0652185 0.0329606 0.023105
internal_count=392955 192498 200457 7491 123479 69019 7910 6513 115569 4279 7113 64740 192966 3778 63866 30269 6112 3055 26698 3069 111034 189911 4535 3939 656 53832 1184 14162 2735 3571 2766 2688 3665 1768 12536
is_linear=0
shrinkage=0.05


Tree=239
num_leaves=22
num_cat=0
split_feature=0 24 0 20 13 38 34 37 50 38 20 45 26 34 25 25 26 45 26 34 34
split_gain=0.225096 0.272592 0.185481 0.149182 0.117548 0.074082 0.0514397 0.0501115 0.0466538 0.0347126 0.0162896 0.0072604 0.00553561 0.00554041 0.00232151 0.01206 0.0012022 0.0011519 0.000553346 0.000189725 9.94544e-05
threshold=20.089843750000004 95.940452575683608 151.01722717285159 0.86684024333953869 62.500000000000007 1.5000000000000002 0.23669467866420749 4.5000000000000009 84.213130950927749 4.5000000000000009 0.53469792008399974 0.10900357738137247 4.5000000000000009 0.81534090638160717 2.5000000000000004 4.5000000000000009 1.5000000000000002 0.10425408929586412 2.5000000000000004 0.046536797657608993 0.83771929144859325
decision_type=2 2 2 2 2 2 2 2 2 2 2 2 2 2 2 2 2 2 2 2 2
left_child=3 7 10 -1 5 6 8 9 -5 11 -3 17 13 -13 -10 -16 -9 -2 -11 -14 -15
right_child=1 2 -4 4 -6 -7 -8 16 14 18 -12 12 19 20 15 -17 -18 -19 -20 -21 -22
leaf_value=-0.0075397325879416948 -0.0011861215671110082 -0.0009004799037397441 -0.0034929999999522574 -0.0018583176704520526 -0.0053387431458952741 -0.0032151373467226027 -0.0021491994951891836 0.0030694935595860628 0.025124202205618729 -0.00033229331058174852 0.01876878535580892 -0.020802815909961872 7.7858389652630676e-05 0.00036969250439587589 -0.0029897975834214351 0.0046647309774553924 -0.00047263959167718485 0.0011853992423522938 0.0020329143523075232 -0.0014298520202149583 -0.00033163833226480067
leaf_weight=0.17672965903382443 0.023964501936788341 0.018320239613530132 1.9674239567112721 0.03825165680969167 0.11854046733670043 0.068500690156653721 0.044588928612782186 0.063223850347526311 1.350691554021523 0.0066852222231402738 0.6097810301623241 1.1387339487343497 0.13922742703955382 0.017442161158243041 0.063343196308238592 0.098269226454760883 0.0095349232805119755 0.024182299196141344 0.042457602552680385 0.028940937016763257 0.011063158011722862
leaf_count=188178 4841 4750 332 6995 8269 8028 857 117 2140 2595 4129 142830 903 4015 1084 115 3802 607 1490 3422 3475
internal_value=0.00229724 -0.00437784 0.00526528 0.0130283 0.0170448 0.0200452 0.0218981 -0.0164692 0.0231611 -0.0181071 0.0179944 -0.0192292 -0.0196254 -0.0205104 0.0242818 0.00167349 0.00259743 -4.59342e-07 0.00170111 -0.00118351 3.97017e-05
internal_weight=6.0599 4.10098 2.59553 1.95892 1.78219 1.66365 1.59514 1.50546 1.55056 1.4327 0.628101 1.38355 1.33541 1.16724 1.5123 0.161612 0.0727588 0.0481468 0.0491428 0.168168 0.0285053
internal_count=392974 177308 9211 215666 27488 19219 11191 168097 10334 164178 8879 160093 154645 150320 3339 1199 3919 5448 4085 4325 7490
is_linear=0
shrinkage=0.05


Tree=240
num_leaves=37
num_cat=0
split_feature=16 19 13 13 47 44 24 23 12 37 47 13 10 12 13 43 17 37 47 46 16 37 47 2 18 27 16 47 50 50 50 47 50 47 50 50
split_gain=0.154049 0.117009 0.123779 0.117475 0.101398 0.108492 0.0866679 0.0654806 0.0615838 0.0597901 0.0612228 0.0561111 0.0535185 0.0554795 0.0442002 0.0417558 0.035882 0.0256174 0.0266971 0.0246597 0.0233941 0.0227216 0.0212703 0.0139917 0.0133923 0.0100506 0.00109645 0.000567395 0.000427959 0.000784113 0.000344038 0.000313147 0.000225828 8.26456e-05 3.45688e-05 1.57902e-05
threshold=73.375530242919936 99.333332061767592 2.5000000000000004 4.5000000000000009 166.50000000000003 4.5000000000000009 87.821357727050795 13.484848499298097 21.500000000000004 1.0000000180025095e-35 98.500000000000014 54.500000000000007 1.0000000180025095e-35 2.5000000000000004 67.500000000000014 1.5000000000000002 95.040985107421889 1.0000000180025095e-35 103.50000000000001 76.500000000000014 75.809822082519545 1.0000000180025095e-35 130.50000000000003 13.500000000000002 86.526824951171889 1.0000000180025095e-35 75.490947723388686 95.500000000000014 89.385284423828139 86.375549316406264 67.748519897460952 91.500000000000014 99.655174255371108 90.500000000000014 78.580017089843764 78.798702239990249
decision_type=2 2 2 2 2 2 2 2 2 2 2 2 2 2 2 2 2 2 2 2 2 2 2 10 2 2 2 2 2 2 2 2 2 2 2 2
left_child=4 3 -3 8 5 7 9 -1 15 -4 -11 19 13 14 17 22 20 27 31 24 26 -22 -2 -20 30 -13 -17 -9 29 -26 -5 33 -33 -19 -25 -36
right_child=1 2 6 11 -6 -7 -8 12 -10 10 -12 25 -14 -15 -16 16 -18 18 23 -21 21 -23 -24 34 28 -27 -28 -29 -30 -31 -32 32 -34 -35 35 -37
leaf_value=-0.0028926714015067656 -0.0044812701187377469 0.015080979944826586 0.0041179885694768575 0.00031380752510247852 -0.0052886707729984349 -0.0049154919529383967 0.0078378151448779548 0.00056011091067916614 0.0036808649316206182 0.003018823439889704 -0.017040516715993114 0.0016921751365880173 -0.0022473394835449065 -0.0021947899772077604 -0.0016907605518111592 -0.00079673194898794537 0.0012909196678029967 -0.00018399042707429157 0.026901405400929945 -0.0021834098052706725 0.00023536480467255513 -0.021986062291680788 0.0052540345348238765 -0.00051155081605468026 -0.00079363028213352859 -0.006814276456948049 0.0016780274446672818 -0.0012384972775535568 0.01348265523050575 0.0011910642511971401 -0.0013470492611535241 -0.0012445409994033478 0.00022352332776238773 0.00055727620556910861 0.00018771089247790585 -0.00010483963354244717
leaf_weight=0.060125591208177176 0.11776607214164891 0.91395786955325808 0.16255201115200157 0.0065998111416830643 0.11421090771458242 0.10869535503974947 0.26773706548715381 0.014573635688549191 0.11763464006035906 0.15982685004382802 0.50666824178478009 0.034202232415594835 0.046979584685374109 0.045845070975801039 0.034791897354878532 0.016094558730529229 0.099524787507903056 0.0036917973909281762 1.5533783508197947 0.045518628652033044 0.10080257929629965 0.7139388531294486 0.14119967492813146 0.010301965409936886 0.036333008188449867 0.16713961760595453 0.034555859888627083 0.027881423601826327 0.36657222475554363 0.029500073641827385 0.02733622059577101 0.025264421590122765 0.0044811057659899225 0.011832670030997861 0.003859598700330479 0.0021010531754086514
leaf_count=1074 202 466 104 117 28535 201027 80 1276 898 66 3610 228 8084 36726 4185 2899 25 985 54833 5517 579 7756 408 7767 161 10188 331 8085 782 448 1381 2952 2 212 44 835
internal_value=0.00655847 0.000140693 0.00711284 -0.00677714 0.0150169 0.0175925 -0.00355279 0.0201801 -0.0128024 -0.00950534 -0.0133052 0.00541373 0.0217169 0.0229488 0.0241923 -0.0153295 -0.0178521 0.0251674 0.0258455 0.0102377 -0.0195654 -0.020622 0.00078389 0.0265625 0.0121123 -0.00516353 0.000881795 -0.000676053 0.0131449 0.000378798 -0.00103294 -0.000643143 -0.00102109 0.000373404 -0.000426509 8.28814e-05
internal_weight=6.13348 4.06546 2.01074 2.05472 2.06801 1.9538 1.09678 1.84511 1.34152 0.829047 0.666495 0.713202 1.78498 1.738 1.69216 1.22388 0.964917 1.65737 1.61491 0.51186 0.865392 0.814741 0.258966 1.56964 0.466341 0.201342 0.0506504 0.0424551 0.432405 0.0658331 0.033936 0.04527 0.0297455 0.0155245 0.0162626 0.00596065
internal_count=392868 36246 4326 31920 356622 328087 3860 127060 13098 3780 3676 18822 125986 117902 81176 12200 11590 76991 67630 8406 11565 8335 610 63479 2889 10416 3230 9361 1391 609 1498 4151 2954 1197 8646 879
is_linear=0
shrinkage=0.05


Tree=241
num_leaves=28
num_cat=0
split_feature=24 8 47 43 0 47 34 23 47 1 37 46 24 24 41 34 1 46 47 0 24 47 13 46 46 24 24
split_gain=0.155302 0.301037 0.156273 0.125975 0.184891 0.0747711 0.0526228 0.0470174 0.0331126 0.0328326 0.0192467 0.0190146 0.0186319 0.0169367 0.0117696 0.0101831 0.00630905 0.0026054 0.00220929 0.00218019 0.00045962 0.000391159 0.000322707 0.000101712 0.000157881 6.7509e-05 5.00691e-07
threshold=90.09454727172853 1.0000000180025095e-35 128.50000000000003 2.5000000000000004 151.01722717285159 150.50000000000003 0.65301004052162182 81.557067871093764 108.50000000000001 46.500000000000007 2.5000000000000004 129.50000000000003 95.940452575683608 88.669517517089858 4.5000000000000009 0.70710784196853649 5.5000000000000009 2.5000000000000004 153.50000000000003 151.01722717285159 99.704143524169936 204.50000000000003 5.5000000000000009 10.500000000000002 11.500000000000002 88.32251358032228 88.669517517089858
decision_type=2 2 2 2 2 2 2 2 2 8 2 2 2 2 2 2 8 2 2 2 2 2 2 2 2 2 2
left_child=1 6 8 4 11 7 25 -4 14 -7 12 18 -5 15 -3 19 -10 -14 -2 -8 -12 -20 -22 -19 -25 -1 -27
right_child=3 2 5 10 -6 9 13 -9 16 -11 20 -13 17 -15 -16 -17 -18 23 21 -21 22 -23 -24 24 -26 26 -28
leaf_value=-0.021844268757802002 0.015236927919722707 0.00504834669675331 -0.0025832093962483774 -0.00078900414070815134 -0.0089340186619569547 0.0046930580548986359 -0.00038640498078370048 0.018174862585785909 0.00057005809927920088 -0.0077117488291517534 0.00050153616269039893 -0.0013598362250419856 0.020027822578168958 -0.0042980124499727036 -0.0026807375957659564 -0.0018894123966452453 -0.012244600503651237 -0.00031283464319839467 -0.00067783186245148918 0.0065887932577591152 -0.00141056565372561 0.00071112670798237311 0.00026717310230341926 0.00068642393531564711 -0.00028471933259570197 1.0413887576489626e-05 -5.9473784563940546e-05
leaf_weight=0.83022231527766266 0.4075664204959254 0.12992667199824848 0.054303912753425609 0.03787587154845784 1.3409530775029594 0.096736166475920871 0.0077830333655128916 1.0875579292700193 0.011420425625146891 0.17945143090264537 0.012942990008809829 0.027173023657212525 0.79258295717120575 0.089621228365302841 0.05600395913779721 0.038721332068206493 0.31127779431858471 0.0062806794573333482 0.014465799538342594 0.138728067278862 0.028775412077962415 0.014218271997208376 0.026024465417009424 0.013926714919506367 0.0057266770383677104 0.0036564622816257488 0.0011906714566833898
leaf_count=308257 2902 433 23444 7231 292 4 6280 778 2 13691 1204 9 502 2322 1798 7310 7747 901 1026 2 705 2 314 90 4846 321 862
internal_value=0.00188907 -0.00517723 0.00637682 0.0090326 -0.000296079 0.0129315 -0.0187501 0.0164425 -0.00835601 -0.00309405 0.0179345 0.0137238 0.0189494 0.000366829 0.0024229 0.00434586 -0.011703 0.0197944 0.014956 0.00620442 -0.000626557 3.26635e-05 -0.00111588 9.2437e-05 0.000401738 -0.0218133 -4.88558e-05
internal_weight=5.76511 3.0366 1.92668 2.72851 1.80438 1.41805 1.10992 1.14186 0.508629 0.276188 0.924136 0.463424 0.856393 0.274854 0.185931 0.185232 0.322698 0.818517 0.43625 0.146511 0.0677429 0.0286841 0.0547999 0.0259341 0.0196534 0.835069 0.00484713
internal_count=393275 373251 47897 20024 4231 37917 325354 24222 9980 13695 15793 3939 13570 15914 2231 13592 7749 6339 3930 6282 2223 1028 1019 5837 4936 309440 1183
is_linear=0
shrinkage=0.05


Tree=242
num_leaves=25
num_cat=0
split_feature=44 38 20 25 34 13 11 2 28 13 50 16 11 1 38 16 46 50 49 50 2 46 16 50
split_gain=0.154277 0.123653 0.101688 0.0878216 0.0864724 0.0858258 0.0597168 0.0514569 0.0393636 0.036038 0.035314 0.0338521 0.0243676 0.0151041 0.0148001 0.0103372 0.010456 0.00701371 0.00692084 0.00458731 0.00362416 0.00225325 0.00302078 4.09984e-05
threshold=4.5000000000000009 1.5000000000000002 0.46713979542255407 2.5000000000000004 0.90238094329833995 1.5000000000000002 -1.0000000180025095e-35 6.5000000000000009 1.5000000000000002 62.500000000000007 38.891258239746101 99.367088317871108 inf 15.500000000000002 3.5000000000000004 91.820003509521499 135.50000000000003 76.923076629638686 6.5000000000000009 50.001260757446296 1.5000000000000002 70.500000000000014 68.783603668212905 44.443870544433601
decision_type=2 2 2 2 2 2 8 10 2 2 2 2 8 10 2 2 2 2 2 2 8 2 2 2
left_child=1 2 -1 7 14 6 -5 8 9 12 -7 -2 -4 15 18 16 -8 -11 -3 -13 -16 22 -15 -9
right_child=11 4 3 5 -6 10 13 23 -10 17 -12 19 -14 21 20 -17 -18 -19 -20 -21 -22 -23 -24 -25
leaf_value=-0.0064956803840197494 -0.012699694861651338 -0.011529134668175662 0.021587804888925768 -0.0050735261402612055 0.0060345789186569358 0.003280909340931515 0.014714664149217214 1.5984686628874043e-05 -0.0020042085758423859 0.0027135150609553117 -0.011471370464645331 0.0038306541228266718 6.8829093176210103e-05 0.0011555892463032788 0.0025264603233474325 -0.00047960869797585953 -0.00076500241004344785 -0.0029757447147441439 0.00061848581252297555 -0.0014167086110039298 -0.0016923491093122182 0.0013632520723551266 -0.0031213747655991805 -0.0026968011646075632
leaf_weight=0.14388065995940058 0.53573064487078337 0.73648095398562297 2.0515145482295636 0.10618072766999376 0.72043367973002148 0.070116174514005536 0.49532082984098458 0.0022400771202198957 0.041520040970134064 0.059033972959696146 0.36101023300319923 0.093159865406050812 0.14418262261409687 0.02566087169407183 0.10217914301554742 0.063393902786629042 0.015480408600268447 0.11963464639265453 0.02095388284678279 0.029156110414305658 0.034900740093213756 0.03045828838381226 0.065812873603476874 0.056666743926143681
leaf_count=6574 243813 46265 3854 9052 313 1722 9373 1974 15486 667 10468 8 2574 1543 131 26 2337 562 473 1438 12843 259 81 21079
internal_value=0.00430356 0.00733519 0.0114199 0.013347 -0.00304916 0.00101439 0.00797159 0.0174327 0.0185629 0.0194099 -0.00845607 -0.0101166 0.0206385 0.0117795 -0.00968875 0.0131599 0.0140497 -0.00038861 -0.0110324 0.00243203 0.000908642 -0.00065671 -0.00196208 -0.00267597
internal_weight=6.1251 5.46706 3.85211 3.70823 1.61495 1.23343 0.802308 2.47479 2.41589 2.37437 0.431126 0.658047 2.1957 0.696127 0.894515 0.574195 0.510801 0.178669 0.757435 0.122316 0.13708 0.121932 0.0914737 0.0589068
internal_count=392915 147656 87631 81057 60025 34861 22671 46196 23143 7657 12190 245259 6428 13619 59712 11736 11710 1229 46738 1446 12974 1883 1624 23053
is_linear=0
shrinkage=0.05


Tree=243
num_leaves=28
num_cat=0
split_feature=38 1 44 44 20 17 2 40 18 17 16 19 16 28 16 20 20 13 26 17 47 34 39 16 50 47 16
split_gain=0.209696 0.125288 0.0921946 0.084609 0.0930158 0.0675455 0.0610013 0.0624013 0.0820484 0.0584011 0.0595286 0.0577828 0.0526087 0.0451105 0.0454507 0.0409237 0.0274824 0.0273544 0.0247031 0.0228758 0.0160322 0.0153918 0.0061895 0.00553939 0.00255022 0.000648684 5.14727e-05
threshold=1.5000000000000002 15.500000000000002 1.5000000000000002 4.5000000000000009 0.48486252129077917 99.367088317871108 4.5000000000000009 1.5000000000000002 93.127067565917983 23.132664680480961 79.277816772460952 99.333332061767592 92.63776016235353 1.5000000000000002 91.820003509521499 0.99629628658294689 0.38908314704895025 60.500000000000007 1.5000000000000002 85.86789703369142 173.50000000000003 0.39208073914051061 0.77500000596046459 95.101959228515639 46.513025283813484 174.50000000000003 90.366767883300795
decision_type=2 10 2 2 2 2 10 2 2 2 2 2 2 2 2 2 2 2 2 2 2 2 2 2 2 2 2
left_child=1 3 9 4 -1 18 7 -6 13 -2 16 -5 19 14 17 -13 -11 -9 -3 -10 22 -18 -4 -8 -19 -22 -15
right_child=2 5 20 11 6 -7 23 8 12 10 -12 15 -14 26 -16 -17 21 24 -20 -21 25 -23 -24 -25 -26 -27 -28
leaf_value=-0.0050881115687560798 -0.0074562053039416813 0.0019601215504348435 -0.016008180066789782 -0.0093612864112632543 -0.0029424716587786882 0.0053388979399040734 -0.0042259739868980382 0.028415683861511134 0.0026729862453020114 -0.0021030681997369813 -0.0039167868088462515 -0.0044198687005731025 0.0094226170326364433 -0.0016703858846386262 -0.0012426872071010378 0.0099216517669474934 -0.0011042682709492637 0.0016664740316676262 -0.013329415949597466 -0.0075812084763550759 0.0014678111651967956 0.014915717334816317 0.0004112908482927038 0.0015313158282539473 -0.0018452686459785499 -0.00054136253338309159 3.7648795750303341e-05
leaf_weight=0.10914966078935684 0.15802046320631979 0.045783746047533103 0.83634369884618742 0.22734324572752118 0.080421305888706107 0.27415340540756006 0.093009433859179924 1.2405253571647565 0.28084257662669643 0.042503217393118575 0.33570920528006809 0.09345265606589237 0.69577216837205924 0.03434110371419774 0.057737112788799894 0.28030361747812549 0.022544127852263784 0.033481180080570883 0.35776494570390582 0.25972324288511572 0.030580344738780241 0.44075082645682073 0.0085363738442083559 0.038532110756932525 0.040103624090789936 0.010912975319921969 0.0010240223491564384
leaf_count=4357 583 2114 132376 97084 176 273 45655 5460 259 386 287 994 169 10478 17 1389 8323 44 73083 168 844 2344 6 100 789 5152 2
internal_value=0.00306979 0.00869651 -0.00821726 0.0120124 0.0147466 -0.00551098 0.0166278 0.0180285 0.0192989 0.00215155 0.00702497 -0.00226076 0.00440544 0.0251181 0.0262052 0.00572868 0.0120655 0.027427 -0.0114341 -0.00397682 -0.0148519 0.0139143 -0.0157093 -0.00267662 -0.000183498 0.000926964 -0.00163233
internal_weight=6.12937 4.24346 1.8859 3.56576 2.96466 0.677702 2.85551 2.72397 2.64355 0.999528 0.841507 0.6011 1.23634 1.40721 1.37185 0.373756 0.505798 1.31411 0.403549 0.540566 0.886373 0.463295 0.84488 0.131542 0.0735848 0.0414933 0.0353651
internal_count=392912 242611 150301 167141 67674 75470 63317 17562 17386 11923 11340 99467 596 16790 6310 2383 11053 6293 75197 427 138378 10667 132382 45755 833 5996 10480
is_linear=0
shrinkage=0.05


Tree=244
num_leaves=29
num_cat=0
split_feature=38 1 2 20 50 19 50 50 28 45 25 12 2 37 46 46 44 45 50 45 37 47 49 40 47 39 49 19
split_gain=0.187696 0.139997 0.087277 0.0892473 0.0934585 0.0787691 0.0703164 0.0633569 0.0597652 0.0482713 0.0446329 0.0384384 0.0369231 0.0325674 0.031878 0.0453665 0.0311682 0.0256881 0.0320286 0.0233914 0.00702407 0.00615065 0.00454787 0.00378427 0.00111872 0.000563242 0.000383607 6.38796e-05
threshold=1.5000000000000002 1.5000000000000002 4.5000000000000009 0.46713979542255407 88.270568847656264 92.907444000244155 23.531040191650394 95.099250793457045 1.5000000000000002 0.55364820361137401 4.5000000000000009 1.5000000000000002 9.5000000000000018 4.5000000000000009 92.500000000000014 166.50000000000003 4.5000000000000009 0.47561036050319677 96.169029235839858 0.70489299297332775 1.5000000000000002 105.50000000000001 1.0000000180025095e-35 1.5000000000000002 100.50000000000001 0.77500000596046459 7.5000000000000009 90.645832061767592
decision_type=2 10 10 2 2 2 2 2 2 2 2 2 10 2 2 2 2 2 2 2 2 2 2 2 2 2 2 2
left_child=1 2 3 -1 8 10 23 19 11 17 -6 16 13 21 -7 -16 -5 18 -9 -3 -21 24 -14 -2 -8 -15 -4 -10
right_child=6 7 26 4 5 14 12 9 27 -11 -12 -13 22 25 15 -17 -18 -19 -20 20 -22 -23 -24 -25 -26 -27 -28 -29
leaf_value=-0.0048895190750712653 0.0063244495529456435 -0.012730630858386478 -0.0053343406385036943 0.028191256085191119 -0.010760456170936055 0.012186334020838411 -0.0011569266721224189 0.005719052769310568 -0.0022671621111181911 -0.005513806861939247 0.0044160798956972532 -0.0014017020303900322 -0.001367287873003417 -0.00026598549929767482 -0.0070796228381288769 0.0066970913348783096 0.00064423149513669509 0.011376332572307763 -0.0058135995478916192 -0.0022289583355871475 0.0036495249467245572 -0.014400278945412667 0.0039374553077837215 -0.00069774082837819305 0.0011668192046857093 0.0025731678007723459 8.4313297283615413e-05 3.3963879246809847e-05
leaf_weight=0.10431083561533583 0.14331350893591832 0.33493297845099312 0.12000901747635584 0.95276455039916663 0.30211961271450594 0.7325578749781696 0.027663083805958055 0.12036816145712237 0.047178754984265825 0.22241089181454754 0.09270058108467083 0.028818243244586372 0.028077483385629765 0.0053472522046432705 0.28236871606466707 0.1312816431769761 0.15867200611479859 0.33244690697318902 0.31702462527283615 0.065814000342001577 0.083889047047605914 1.4144785613478221 0.089446819688049573 0.014134387709120122 0.044554529540242527 0.054422777415766177 0.0020612623802662702 0.0010976867392571412
leaf_count=4266 438 81010 108038 2112 995 370 4074 39 23221 422 17 4391 45429 4010 880 24 2525 189 1034 10933 2334 90568 437 3488 2026 17 4 52
internal_value=0.00275961 0.0078974 0.0129301 0.0148781 0.016742 0.00410274 -0.00811157 -0.00332898 0.0237671 0.00359845 -0.00658576 0.0253966 -0.0110396 -0.0126817 0.00913757 -0.00106277 0.0264262 0.00785899 -0.00086908 -0.0103827 0.00137429 -0.0139701 0.00258068 0.00563587 2.78632e-05 0.00230786 -0.00524925 -0.00223235
internal_weight=6.25427 4.43283 2.95594 2.83387 2.72956 1.54103 1.82144 1.47689 1.18853 0.992251 0.39482 1.14025 1.66399 1.54647 1.14621 0.41365 1.11144 0.76984 0.437393 0.484636 0.149703 1.4867 0.117524 0.157448 0.0722176 0.05977 0.12207 0.0482764
internal_count=393343 242856 146895 38853 34587 2286 150487 95961 32301 1684 1012 9028 146561 100695 1274 904 4637 1262 1073 94277 13267 96668 45866 3926 6100 4027 108042 23273
is_linear=0
shrinkage=0.05


Tree=245
num_leaves=22
num_cat=0
split_feature=13 28 16 17 46 24 48 46 37 44 16 47 25 44 41 13 47 0 43 48 47
split_gain=0.128111 0.115453 0.158934 0.190895 0.108123 0.143082 0.102199 0.0871009 0.0851096 0.0772397 0.0541119 0.0296046 0.0235486 0.0186589 0.0131023 0.0117909 0.0110021 0.00760175 0.00409718 0.000795617 0.000554067
threshold=5.5000000000000009 1.5000000000000002 80.735492706298842 85.215545654296889 143.50000000000003 93.492378234863295 7.5000000000000009 77.500000000000014 1.0000000180025095e-35 4.5000000000000009 82.793453216552749 103.50000000000001 2.5000000000000004 1.0000000180025095e-35 1.5000000000000002 60.500000000000007 129.50000000000003 19.587402343750004 2.5000000000000004 7.5000000000000009 111.50000000000001
decision_type=2 2 2 2 2 2 2 2 2 2 2 2 2 2 2 2 2 2 2 2 2
left_child=1 2 7 13 5 6 8 9 -2 11 12 19 14 -4 -7 -6 -5 -8 -18 -1 -16
right_child=4 -3 3 16 15 10 17 -9 -10 -11 -12 -13 -14 -15 20 -17 18 -19 -20 -21 -22
leaf_value=-0.0012047942419173736 0.0026357309507932612 -0.0071453609337441401 0.0013507467723183164 0.0012491423616178435 0.011158270816320513 0.0017080826516317029 0.006208617953773702 -0.0034228418926557495 -0.022302343537657216 -0.002829341327531308 0.011403855398126564 0.026604405062636213 0.0035697800525915807 -0.014653975217042252 -1.2750229488640535e-05 -0.0011693114930044555 0.0012480476790266712 -0.0014188518215038459 0.012630255144791463 0.00080082974228020797 -0.0087161009530164583
leaf_weight=0.056878296981637599 0.18462102009816328 0.1659746036119375 0.02961849434723296 0.62678752761985368 0.29944091766253667 0.036303444707044608 0.13141444695261839 0.073385605212294425 0.78911488635689508 0.059676449122761599 0.3334914892186589 1.3704928685359474 0.10514900447076059 0.38627148463595518 0.021535089044789402 0.023919393429935099 0.33557598262373722 0.029097873142511332 0.69056038015818899 0.016207105999910709 0.25106951285131629
leaf_count=1114 3911 201183 17 397 3026 213 153 41743 99870 19521 128 7111 597 2954 81 2673 238 4543 974 14 3015
internal_value=0.00653056 0.0111672 0.0133596 0.00199671 -0.00246721 -0.00736 -0.0146256 0.021708 -0.0186343 0.0238121 0.00572499 0.0256206 -0.00367895 -0.0133652 -0.00698856 0.0100519 0.00944285 0.00479476 0.0113611 -0.000428216 -0.00857884
internal_weight=6.01659 3.81143 3.64545 2.06881 2.20516 1.8818 1.13425 1.57664 0.973736 1.50325 0.747549 1.44358 0.414057 0.41589 0.308908 0.32336 1.65292 0.160512 1.02614 0.0730854 0.272605
internal_count=393476 275266 74083 4580 118210 112511 108477 69503 103781 27760 4034 8239 3906 2971 3309 5699 1609 4696 1212 1128 3096
is_linear=0
shrinkage=0.05


Tree=246
num_leaves=20
num_cat=0
split_feature=26 8 20 24 16 1 46 38 44 47 47 1 38 47 49 16 47 38 47
split_gain=0.146427 0.187691 0.10129 0.0885578 0.103344 0.0840291 0.075005 0.0311188 0.035276 0.0298799 0.0251829 0.0248686 0.0220486 0.0214929 0.00870357 0.00623751 0.00043126 0.000294669 7.06822e-05
threshold=1.5000000000000002 1.0000000180025095e-35 0.46713979542255407 91.844291687011733 83.43881988525392 70.500000000000014 134.50000000000003 1.0000000180025095e-35 1.0000000180025095e-35 124.50000000000001 150.50000000000003 29.500000000000004 4.5000000000000009 108.50000000000001 1.5000000000000002 99.367088317871108 153.50000000000003 5.5000000000000009 154.50000000000003
decision_type=2 2 2 2 2 8 2 2 2 2 2 8 2 2 2 2 2 2 2
left_child=2 3 9 12 7 -3 13 -5 -9 -1 -8 -4 -2 15 16 -7 -10 -14 -18
right_child=1 5 11 4 -6 6 10 8 14 -11 -12 -13 17 -15 -16 -17 18 -19 -20
leaf_value=0.0038073008641483458 -0.02105684942348655 0.011230879576723531 0.018292435881695844 0.002779020445208555 0.007530860298048574 -0.0021207868979530669 0.0091055502258535984 0.001588229839819139 -0.015047808136635461 -0.0085109945746249718 -0.0030425474915043152 -0.001406036362402029 0.00096540323309501875 -0.012932128785411232 0.0006142086562905217 0.0034786080261743017 0.00026983033081928292 -0.00037369461533495876 -0.00032543314009247904
leaf_weight=0.097590150403405462 0.7667442580815732 1.0653668898449946 0.56236379176304752 0.059174202532517484 0.68616020926188526 0.043752835999441797 0.23969484530823593 0.20799158025337761 0.54788915721476883 0.1951389536440189 0.064476443211589185 0.028878937214628309 0.059732199656991725 0.33779295782699137 0.014174880348519991 0.068831361830234528 0.0057178346790038859 0.0075236928791824189 0.0065445599320526071
leaf_count=824 311503 471 1450 361 294 1967 2923 193 10733 2635 6483 4704 5546 35698 135 1 205 3589 3152
internal_value=-0.000846056 -0.00507021 0.0112209 -0.0124108 -0.00204353 0.00547861 -0.00441519 -0.0097006 -0.0116741 -0.0046359 0.00617203 0.0170513 -0.0199321 -0.010891 -0.0144351 0.00135223 -0.0149656 0.000605818 -5.55091e-05
internal_weight=5.06554 4.18157 0.883972 2.36165 1.52765 1.81992 0.754548 0.841492 0.782318 0.292729 0.304171 0.591243 0.834 0.450377 0.574326 0.112584 0.560152 0.0672559 0.0122624
internal_count=392867 383254 9613 335711 15073 47543 47072 14779 14418 3459 9406 6154 320638 37666 14225 1968 14090 9135 3357
is_linear=0
shrinkage=0.05


Tree=247
num_leaves=26
num_cat=0
split_feature=8 24 13 17 41 16 46 16 1 17 38 7 16 24 44 13 32 38 24 34 49 24 34 34 25
split_gain=0.102486 0.339908 0.137828 0.119009 0.0887307 0.151048 0.087137 0.0772884 0.0751214 0.0556305 0.0448963 0.037777 0.0372457 0.0568337 0.0338353 0.0282755 0.0259762 0.0212014 0.0205449 0.0163088 0.0152262 0.00680196 0.00556784 0.00325957 0.00257628
threshold=1.0000000180025095e-35 82.554244995117202 1.5000000000000002 82.807880401611342 12.500000000000002 27.072835922241214 92.500000000000014 23.606810569763187 33.500000000000007 71.248622894287124 1.0000000180025095e-35 1.0000000180025095e-35 91.820003509521499 92.356376647949233 2.5000000000000004 2.5000000000000004 0.77500000596046459 4.5000000000000009 84.384033203125014 0.92582416534423839 6.5000000000000009 88.32251358032228 0.87228259444236766 0.68990385532379161 3.5000000000000004
decision_type=2 2 2 2 2 2 2 2 10 2 2 2 2 2 2 2 2 2 2 2 2 2 2 2 2
left_child=1 -1 6 9 5 -3 11 19 -5 -4 -9 -2 13 21 -7 18 -8 20 -16 -6 -15 -12 -17 -23 -20
right_child=2 4 3 8 7 14 16 10 -10 -11 12 -13 -14 17 15 22 -18 -19 24 -21 -22 23 -24 -25 -26
leaf_value=-0.020101257932411611 -0.0015114145738880859 -0.0080420039559002589 -0.0042990823366342744 -0.015409114249516902 -0.0018430982389066196 0.020580180814971719 -0.0065287585369109731 0.0043345849803429464 0.0038391525943777326 0.013398679399189695 -0.0017275428294848902 0.024570277807425458 0.0025133790202007005 -0.017775180604520078 0.0037641613511522434 -0.00075598767834815148 0.0044677111453606073 0.0012997854718293878 -0.0062762909999897103 0.0098419565007554534 0.00089360986040446736 -0.00072337124953908254 0.0084054328975397951 0.0053072332408679798 0.00031855810462328468
leaf_weight=0.66658769939328832 0.030965232041467394 0.1734264166142484 0.093328229630998072 0.43184432896697444 0.037229338924888 0.80535561135573608 0.14344239705067707 0.092964958052277669 0.28397724503338395 0.39199103618992126 0.035237854821374759 0.66134511966376408 0.15012375768606034 0.63933694477879044 0.07495415012986939 0.015302124703630682 0.08783070953228389 0.02662595893531261 0.39337619056577111 0.26426735971892867 0.018428326939670114 0.014496515449806679 0.22973909527986791 0.1193885303650859 0.062204190121548208
leaf_count=307681 4990 1723 22339 512 1893 1462 17173 608 35 2596 7140 317 24 7611 784 4153 7 135 5249 144 22 1678 721 3414 675
internal_value=0.00397212 -0.00122251 0.0107122 -0.00144631 0.00664887 0.0119542 0.0190563 -0.0022172 -0.00998593 0.00939228 -0.007559 0.0231999 -0.0102742 -0.0126659 0.0164138 0.00293334 -0.00211581 -0.0159672 -0.00284904 0.00809157 -0.0170286 0.00292406 0.00768564 0.00459217 -0.00577561
internal_weight=5.94377 3.81905 2.12472 1.20114 3.15246 1.75436 0.923583 1.3981 0.715822 0.485319 1.0966 0.69231 1.00364 0.853514 1.58093 0.775576 0.231273 0.684391 0.530535 0.301497 0.657765 0.169123 0.245041 0.133885 0.45558
internal_count=393086 345117 47969 25482 37436 14767 22487 22669 547 24935 20632 5307 20024 20000 13044 11582 17180 7768 6708 2037 7633 12232 4874 5092 5924
is_linear=0
shrinkage=0.05


Tree=248
num_leaves=32
num_cat=0
split_feature=20 20 50 16 44 23 48 17 47 12 39 12 38 37 33 32 38 41 50 37 48 38 47 12 50 41 45 33 7 47 18
split_gain=0.213407 0.160694 0.25039 0.131056 0.103741 0.0722833 0.0660519 0.0594547 0.0536015 0.0478311 0.0444684 0.0418032 0.0423713 0.0662115 0.0412962 0.0371218 0.0213045 0.0211853 0.0183008 0.0154043 0.0110045 0.00955419 0.00766564 0.00603829 0.00460617 0.00320378 0.00103567 0.000403379 0.000203204 9.2538e-05 5.70507e-05
threshold=0.82545602321624767 0.95259785652160656 94.673755645751967 20.761494636535648 4.5000000000000009 94.868419647216811 3.5000000000000004 18.301435470581058 103.50000000000001 22.500000000000004 0.77500000596046459 1.5000000000000002 1.5000000000000002 1.5000000000000002 0.47222222387790685 0.81666666269302379 3.5000000000000004 22.500000000000004 46.808748245239265 3.5000000000000004 11.500000000000002 2.5000000000000004 91.500000000000014 3.5000000000000004 60.465538024902351 4.5000000000000009 0.99985355138778698 0.095454547554254546 1.0000000180025095e-35 90.500000000000014 91.331184387207045
decision_type=2 2 2 2 2 2 2 2 2 2 2 2 2 2 2 2 2 2 2 2 2 2 2 2 2 2 2 2 2 2 2
left_child=3 4 10 17 6 -4 8 -5 30 14 18 12 13 -7 27 16 -16 -1 -3 -15 22 26 29 -13 -8 -18 -14 -10 -22 -9 -2
right_child=1 2 5 7 -6 11 24 20 9 -11 -12 23 21 19 15 -17 25 -19 -20 -21 28 -23 -24 -25 -26 -27 -28 -29 -30 -31 -32
leaf_value=-0.002584435545915989 -0.0021352819877549075 0.00047200522547537747 -0.0054870528937482222 0.0029272141004486893 -0.0049377425318139099 0.019054975706186666 0.0014087092348432347 -0.00021525098434132617 0.0002747550749372707 -0.0019665626403476597 0.0024922287754428289 -0.0041104172176152703 -0.0041234539750269637 -0.0050324677048775336 0.026496212512540432 -0.00055004246928311458 0.0020234026585703646 0.0090946422626202207 -0.01773409098329564 0.0033500747134759487 -0.00031621353327159857 0.0028100690123422267 -0.02001903491592669 0.0016031505417455133 -0.0037283475263662166 -0.0018953486367768052 0.00011486726100185939 -0.001794766069314396 0.00079441374798881737 0.00053328460379049815 8.0159772902154983e-06
leaf_weight=0.053395151371929961 0.044772653540889329 0.095144803375831422 0.14745886239197159 0.084821051676598813 0.10858127936813833 1.0975789959850599 0.062295744621849169 0.004323519319477497 0.0060248271664135036 0.040883253996781721 0.089497478460543789 0.088054054557943684 0.087611822132771411 0.17186197267804448 1.4994913174706566 0.099076442537238907 0.042320019061008796 0.23173823911348279 0.67243156718522812 0.1130789902585434 0.0063580470327728724 0.13741803967934629 0.66587338817061337 0.10412208627354858 0.079532684612814819 0.045785915828275847 0.10537826578229215 0.037074753008425887 0.01589563177944342 0.011553149054819301 0.024318524383488693
leaf_count=2827 562 51 258 1062 41499 1190 110 4158 251 3470 77 850 724 546 4474 140 127 3317 2963 121 3856 585 311694 163 414 415 32 6714 6 567 24
internal_value=0.00455555 0.00885141 0.000310521 -0.0100686 0.0167929 0.00905498 0.0192403 -0.0164139 0.0210916 0.0224198 -0.0142304 0.0116819 0.0135055 0.0158659 0.0235054 0.0244724 0.0256431 0.00659837 -0.0164871 -0.00168759 -0.0190945 -0.000873057 -0.0196378 -0.00226668 -0.00221435 0.000116629 -0.00365279 -0.00151941 0.000478176 0.000318212 -0.00207903
internal_weight=6.07375 4.99979 2.90964 1.07396 2.09016 2.05256 1.98158 0.788825 1.83975 1.77066 0.857074 1.9051 1.71293 1.38252 1.72977 1.68667 1.5876 0.285133 0.767576 0.284941 0.704004 0.330408 0.68175 0.192176 0.141828 0.0881059 0.19299 0.0430996 0.0222537 0.0158767 0.0690912
internal_count=393247 65760 7560 327487 58200 4469 16701 321343 16177 15591 3091 4211 3198 1857 12121 5156 5016 6144 3014 667 320281 1341 316419 1013 524 542 756 6965 3862 4725 586
is_linear=0
shrinkage=0.05


Tree=249
num_leaves=33
num_cat=0
split_feature=1 44 35 35 41 21 26 37 1 26 37 47 0 50 1 13 17 1 38 13 47 47 37 47 47 0 12 20 44 17 20 20
split_gain=0.126599 0.0876758 0.0460908 0.117513 0.0674146 0.0742212 0.0664093 0.0540449 0.0458775 0.0555738 0.0591034 0.0446946 0.0390465 0.0381811 0.0430949 0.0362058 0.0347933 0.0172783 0.0118942 0.00865884 0.00570707 0.00628277 0.0055971 0.00455604 0.00303504 0.00282454 0.00261308 0.00119728 0.000688994 0.000792526 0.00065015 0.000857648
threshold=34.500000000000007 4.5000000000000009 1.5000000000000002 1.0000000180025095e-35 1.0000000180025095e-35 13.484848499298097 3.5000000000000004 2.5000000000000004 69.500000000000014 4.5000000000000009 2.5000000000000004 108.50000000000001 38.766113281250007 99.655174255371108 12.500000000000002 59.500000000000007 99.367088317871108 70.500000000000014 3.5000000000000004 61.500000000000007 161.50000000000003 132.50000000000003 4.5000000000000009 107.50000000000001 143.50000000000003 112.80730438232423 21.500000000000004 0.83998626470565807 1.5000000000000002 95.040985107421889 0.73086443543434154 0.62038540840148937
decision_type=8 2 2 2 2 2 2 2 10 2 2 2 2 2 10 2 2 10 2 2 2 2 2 2 2 2 2 2 2 2 2 2
left_child=1 2 3 7 24 -6 12 13 9 10 11 23 22 14 27 -12 -3 -10 -5 -17 21 28 -7 -2 -4 -20 -11 30 -9 -30 31 -1
right_child=8 16 4 18 5 6 -8 20 17 26 15 -13 -14 -15 -16 19 -18 -19 25 -21 -22 -23 -24 -25 -26 -27 -28 -29 29 -31 -32 -33
leaf_value=-0.00059710518117727469 -0.0016371080235135509 -0.011341218629533072 0.00046286190309138722 -0.012443176436261603 -0.0044260210220973218 -0.0033128881764983402 -0.003497520387855977 0.0015443990099551798 0.0062612217321642814 -0.00071783834320643381 -0.0057395599378400938 -0.020277094725153044 0.019768415343157941 -0.0012814791215977448 -0.0027702827176373677 0.0079930595889317699 0.0031282238754005692 -0.0031448010222453146 0.0022241526651775824 -0.001235702018384648 0.0012599347220566938 -0.0064153598341646859 0.0020006817014591913 0.0033098204526731123 -0.0046335976916504189 -0.0015270081003785699 0.0043300097033078539 0.016382912371901984 -0.0012809795210558519 0.00075741274095164168 -0.00067920776988307128 0.001748987790478521
leaf_weight=0.012040542781917685 0.033671180709582194 0.28664585163887313 0.17327972768254096 0.33456960170539685 0.092116029893702378 0.069892673734130883 0.078922373497078868 0.032587486707313817 0.12102570130205936 0.014498979319892302 0.12889895726564049 0.75657429338393456 1.2755169263579089 0.35475274113224486 0.058203842859981592 0.18326679062955975 0.10321970814743509 0.066819693206440434 0.049635063355793818 0.025257357340045417 0.028369064724714121 0.18571075361454703 0.041632784500308162 0.068712136490226783 0.10538295178558599 0.030940495199374141 0.086120496502559263 0.58622502521785691 0.026080998063505945 0.015779699024278671 0.013658299413791042 0.05252831300441585
leaf_count=2225 13009 56315 385 9963 294 8667 1978 173 266 6900 38394 220901 5740 107 4954 1314 238 8221 1758 5005 356 2122 200 1160 190 19 512 216 969 2 149 466
internal_value=-0.000688021 0.00398504 0.00673409 0.000273305 0.0106942 0.0136491 0.0161192 0.00701882 -0.00982872 -0.0122277 -0.0145975 -0.0181678 0.018233 0.0105263 0.0137018 0.00127979 -0.00801589 0.00308462 -0.0111974 0.0067777 -0.00408325 -0.00520336 -0.00131392 0.00167366 -0.00358095 0.000703601 0.0036113 0.0159422 0.000976969 -0.000523126 0.000508316 0.00116156
internal_weight=5.49254 4.00769 3.61783 1.78108 1.83674 1.55808 1.46596 1.36594 1.48485 1.297 1.19638 0.858958 1.38704 1.07741 0.722656 0.337423 0.389866 0.187845 0.415145 0.208524 0.288528 0.260159 0.111525 0.102383 0.278663 0.0805756 0.100619 0.664452 0.0744482 0.0418607 0.0782272 0.0645689
internal_count=393168 97486 40933 23479 17454 16879 16585 11739 295682 287195 279783 235070 14607 8117 8010 44713 56553 8487 11740 6319 3622 3266 8867 14169 575 1777 7412 3056 1144 971 2840 2691
is_linear=0
shrinkage=0.05


Tree=250
num_leaves=23
num_cat=0
split_feature=7 8 50 46 17 24 19 35 16 20 17 47 25 23 50 47 46 18 47 47 47 17
split_gain=0.153915 0.143376 0.135619 0.144552 0.127008 0.117234 0.117266 0.0563515 0.046432 0.032859 0.0272397 0.0234592 0.0226902 0.0203218 0.0173306 0.0104188 0.0147877 0.0100428 0.00905961 0.00057043 0.000303853 4.09659e-05
threshold=1.0000000180025095e-35 1.0000000180025095e-35 23.531040191650394 134.50000000000003 18.301435470581058 83.922328948974624 97.366596221923842 1.5000000000000002 18.350168228149418 0.99629628658294689 85.215545654296889 129.50000000000003 1.5000000000000002 93.44086074829103 22.752144813537601 132.50000000000003 26.500000000000004 88.067794799804702 84.500000000000014 115.50000000000001 113.50000000000001 99.367088317871108
decision_type=2 2 2 2 2 2 2 2 2 2 2 2 2 2 2 2 2 2 2 2 2 2
left_child=2 5 14 4 -4 -2 9 -3 -6 10 17 -9 19 -5 -1 -13 -17 -7 21 20 -10 -14
right_child=1 7 3 13 8 6 -8 11 12 -11 -12 15 18 -15 -16 16 -18 -19 -20 -21 -22 -23
leaf_value=-0.0016455912515793919 -0.012282553621647818 0.020850099839846776 0.0059729412192041243 -0.0023123817677023766 0.0021868581402436629 0.0016465117433461084 0.014275254945721525 -0.0043551436815362889 -0.00023994209781494564 -0.0083774401024080264 0.0066830458288842489 0.0072663092501427124 -0.00010463845677987415 0.009731339176086375 0.011580612737596582 0.0035807236766893847 -0.0047532043734218902 -0.0057890725611150756 -0.021823657345209781 -0.00053092486739312228 0.0015549044559467875 0.00048647260386751654
leaf_weight=0.033926157865920792 0.32390733331700983 1.1751829376195817 0.13775727313205255 0.048359822557458076 0.04844753718055006 0.17697440603483705 0.74165818712799603 0.23003891940032861 0.0048187581425905837 0.48148622192047696 0.34708368234788622 0.16490694018912677 0.002097108697483808 0.22861420538369259 0.24476160046600626 0.070961374854050518 0.10350736695971818 0.18320010804404774 1.2047900396725753 0.01130228468856842 0.031410159046245667 0.010127942558028735
leaf_count=7173 68824 655 758 16598 726 385 183 310 2253 52 59 61 1355 969 1679 3 515 31 285955 4585 130 2
internal_value=0.00453387 0.00946836 -0.005179 -0.010369 -0.0154303 8.64953e-05 0.00564511 0.0171428 -0.0192873 -0.00380134 0.00239618 0.00108142 -0.0207125 0.00746441 0.00994276 0.00526678 -0.00120087 -0.0036111 -0.021529 0.000788254 0.001315 0.000381873
internal_weight=6.00532 3.99891 2.00641 1.72773 1.45075 2.25431 1.9304 1.7446 1.31299 1.18874 0.707258 0.569415 1.26455 0.276974 0.278688 0.339376 0.174469 0.360175 1.21702 0.0475312 0.0362289 0.0122251
internal_count=393261 71078 322183 313331 295764 69534 710 1544 295006 527 475 889 294280 17567 8852 579 518 416 287312 6968 2383 1357
is_linear=0
shrinkage=0.05


Tree=251
num_leaves=16
num_cat=0
split_feature=8 24 44 20 13 1 26 5 20 19 19 20 44 16 17
split_gain=0.132859 0.310949 0.214998 0.156192 0.13021 0.0960357 0.0735674 0.0771253 0.0724413 0.0597404 0.0577621 0.0202096 0.0123346 0.00628742 0.00176119
threshold=1.0000000180025095e-35 82.554244995117202 1.5000000000000002 0.46713979542255407 1.5000000000000002 70.500000000000014 2.5000000000000004 1.0000000180025095e-35 0.86684024333953869 87.585617065429702 36.237373352050788 0.33191312849521643 2.5000000000000004 87.939392089843764 23.132664680480961
decision_type=2 2 2 2 2 8 2 2 2 2 2 2 2 2 2
left_child=1 -1 3 14 8 -6 9 13 -2 11 -5 -4 -13 -8 -3
right_child=4 2 6 10 5 -7 7 -9 -10 -11 -12 12 -14 -15 -16
leaf_value=-0.020336157314074628 -0.0032101180744256346 -0.0062136066472218802 0.0027427154177847636 -0.0012090844683855251 0.0065043722075331673 -0.011382816047697407 -0.0012950926053412765 -0.016294662014279059 0.021954059033619935 0.0097738600618767213 0.02350460795789152 0.0014256683570975032 -0.0095154324185210085 0.0056634406165422743 -5.4057488271066029e-05
leaf_weight=0.67878688224760209 0.068135458600352083 0.13442289565949783 0.064573354690707907 0.16250515504734131 0.81523685402606783 0.29080009518175143 0.02646351519860346 0.60687017740892202 0.75567597682430687 0.3673881138940942 0.91412150175395368 0.035728144137792128 0.23126577457177433 0.11949049073803053 0.14900069511139691
leaf_count=307621 21598 61 363 133 193 25394 16064 120 752 316 1624 924 17469 16 370
internal_value=0.00302718 -0.00284894 0.00560009 0.0154548 0.0110004 -0.00137033 -0.00617003 -0.0120791 0.0192538 0.0035581 0.0209884 -0.00549698 -0.00808167 0.0043726 -0.00554063
internal_weight=5.42047 3.49062 2.81183 1.36005 1.92985 1.10604 1.45178 0.752824 0.823811 0.698955 1.07663 0.331567 0.266994 0.145954 0.283424
internal_count=393018 345081 37460 2188 47937 25587 35272 16200 22350 19072 1757 18756 18393 16080 431
is_linear=0
shrinkage=0.05


Tree=252
num_leaves=31
num_cat=0
split_feature=38 13 0 1 46 26 44 43 20 13 28 43 50 17 41 1 17 17 26 24 40 17 41 39 19 39 17 50 1 1
split_gain=0.107261 0.0922328 0.116064 0.085173 0.0817795 0.114718 0.0600954 0.0723521 0.0576508 0.0484235 0.0481677 0.0474798 0.0435091 0.0630994 0.0338109 0.0643073 0.0383583 0.0286724 0.0278404 0.0167119 0.0158706 0.00932947 0.00889688 0.00591061 0.00457863 0.00437218 0.00203659 0.000844757 0.000764087 0.00262273
threshold=1.5000000000000002 2.5000000000000004 20.089843750000004 1.5000000000000002 87.500000000000014 4.5000000000000009 1.5000000000000002 1.5000000000000002 0.93003022670745861 62.500000000000007 1.5000000000000002 1.0000000180025095e-35 42.106098175048835 76.63120269775392 2.5000000000000004 15.500000000000002 93.419914245605483 75.905715942382827 4.5000000000000009 88.32251358032228 1.0000000180025095e-35 84.028984069824233 23.500000000000004 0.77500000596046459 99.333332061767592 0.46428571641445165 81.28433990478517 69.566642761230483 28.500000000000004 29.500000000000004
decision_type=2 2 2 8 2 2 2 2 2 2 2 2 2 2 2 10 2 2 2 2 2 2 2 2 2 2 2 2 10 10
left_child=1 4 8 17 5 10 12 11 -3 -10 14 24 20 19 16 -16 21 22 -6 27 -2 26 -4 -9 -8 -13 -1 -14 -17 -30
right_child=6 2 3 -5 18 -7 7 23 9 -11 -12 25 13 -15 15 28 -18 -19 -20 -21 -22 -23 -24 -25 -26 -27 -28 -29 29 -31
leaf_value=-0.0009861347928123731 0.0023739972688275757 -0.0048386541919185518 -0.0056177050092586145 -0.015278631757035378 -0.0074418789364581019 -0.0052675831399106145 -0.006387837189294962 -0.015415362463990246 0.01411603146265758 -0.0034638579111297024 -0.0022280198852291508 -0.00053237039862028424 -0.0016896048110470133 -0.003998447660233705 0.026264274262324208 -0.0020372751633693201 0.0077887768034680775 0.0076303145934566337 0.0041666710430189645 0.014115068154751723 -0.007583831312532977 -0.0066223888827258272 0.0016898315922421092 0.00041303064685497062 0.00066145843952786004 0.0093279972474577724 0.0024781333503362622 0.00060332210230033421 0.0019880387261405471 -0.0015908622970261322
leaf_weight=0.024844880844270611 0.047822745403294675 0.1065653634192214 0.11789038036245347 0.44502993058787155 0.16821971369664357 0.11628274320143805 0.14108142279201275 0.47627105721976015 0.87206253841262082 0.074283459863551116 0.046535769069169564 0.010748983208173968 0.034733378988317298 0.31223170413269941 1.0358901919212256 0.041989080329599804 0.23883222604763432 0.28442886773132159 0.084307301052803041 0.39261130079395912 0.16298145099069195 0.15307406780431165 0.095483033058144429 0.0082668248486470475 0.07489994638490316 0.22424062966509695 0.052880718750486722 0.021266635645972087 0.040428095934487374 0.032669619896353197
leaf_count=2070 109 54397 209 37594 57938 2812 5832 124258 1764 2484 65763 7624 4283 295 7798 1937 43 109 1904 231 6097 106 244 3 21 577 42 908 158 5690
internal_value=0.00469102 0.00867344 0.000215092 -0.00859893 0.0141628 0.016948 -0.00381534 -0.00931911 0.00845172 0.0116654 0.0198916 0.002966 0.00352266 0.00754058 0.0211345 0.02407 0.00245737 0.00358645 -0.0033339 0.0127879 -0.00522985 -0.0049054 -0.00364999 -0.015049 -0.00540966 0.0088111 0.00148326 -0.0010721 -0.00152207 0.000396587
internal_weight=5.93885 4.0317 1.99574 0.942832 2.03595 1.78343 1.90716 0.935509 1.05291 0.946346 1.66714 0.450971 0.971647 0.760843 1.62061 1.15098 0.469632 0.497802 0.252527 0.448611 0.210804 0.2308 0.213373 0.484538 0.215981 0.23499 0.0777256 0.056 0.115087 0.0730977
internal_count=393300 243062 96801 38156 146261 86419 150238 138315 58645 4248 83607 14054 11923 5717 17844 15583 2261 562 59842 5422 6206 2218 453 124261 5853 8201 2112 5191 7785 5848
is_linear=0
shrinkage=0.05


end of trees

feature_importances:
n_cands=604
nm_tsort=369
nm_ratio=313
s1_name_freq=302
num_rel=298
ad_tset=275
grp_nm_tset_mean=274
co_jw=254
prk=241
sc=237
nm_partial=232
aw_jacc=232
sc_rank=196
n_num_s=192
bag_ratio=186
nm_tset=179
house_rel=168
len_diff=164
nw_jacc=162
n_num_r=159
xrk=154
num_jacc=146
grp_size=114
grp_house_eq=109
co_tset=97
n_core_r=81
sc_ratio=73
legal_rel=71
n_extra_r=66
n_claim=61
n_core_s=61
a7=55
rev_margin=48
a6=45
n_core_common=45
unit_rel=43
n_missing_sk=41
n_missing_r=21
sk_jacc=20
a8=13
n_extra_sk=11
a5=6
exp=5
noaddr_r=4
a4=3
a3=1

parameters:
[boosting: gbdt]
[objective: binary]
[metric: binary_logloss]
[tree_learner: serial]
[device_type: cpu]
[data_sample_strategy: bagging]
[data: ]
[valid: ]
[num_iterations: 4000]
[learning_rate: 0.05]
[num_leaves: 255]
[num_threads: 10]
[seed: 0]
[deterministic: 0]
[force_col_wise: 0]
[force_row_wise: 0]
[histogram_pool_size: -1]
[max_depth: -1]
[min_data_in_leaf: 200]
[min_sum_hessian_in_leaf: 0.001]
[bagging_fraction: 0.8]
[pos_bagging_fraction: 1]
[neg_bagging_fraction: 1]
[bagging_freq: 1]
[bagging_seed: 3]
[bagging_by_query: 0]
[feature_fraction: 0.8]
[feature_fraction_bynode: 1]
[feature_fraction_seed: 2]
[extra_trees: 0]
[extra_seed: 6]
[early_stopping_round: 0]
[early_stopping_min_delta: 0]
[first_metric_only: 0]
[max_delta_step: 0]
[lambda_l1: 0]
[lambda_l2: 1]
[linear_lambda: 0]
[min_gain_to_split: 0]
[drop_rate: 0.1]
[max_drop: 50]
[skip_drop: 0.5]
[xgboost_dart_mode: 0]
[uniform_drop: 0]
[drop_seed: 4]
[top_rate: 0.2]
[other_rate: 0.1]
[min_data_per_group: 100]
[max_cat_threshold: 32]
[cat_l2: 10]
[cat_smooth: 10]
[max_cat_to_onehot: 4]
[top_k: 20]
[monotone_constraints: ]
[monotone_constraints_method: basic]
[monotone_penalty: 0]
[feature_contri: ]
[forcedsplits_filename: ]
[refit_decay_rate: 0.9]
[cegb_tradeoff: 1]
[cegb_penalty_split: 0]
[cegb_penalty_feature_lazy: ]
[cegb_penalty_feature_coupled: ]
[path_smooth: 0]
[interaction_constraints: ]
[verbosity: -1]
[saved_feature_importance_type: 0]
[use_quantized_grad: 0]
[num_grad_quant_bins: 4]
[quant_train_renew_leaf: 0]
[stochastic_rounding: 1]
[linear_tree: 0]
[max_bin: 255]
[max_bin_by_feature: ]
[min_data_in_bin: 3]
[bin_construct_sample_cnt: 200000]
[data_random_seed: 1]
[is_enable_sparse: 1]
[enable_bundle: 1]
[use_missing: 1]
[zero_as_missing: 0]
[feature_pre_filter: 1]
[pre_partition: 0]
[two_round: 0]
[header: 0]
[label_column: ]
[weight_column: ]
[group_column: ]
[ignore_column: ]
[categorical_feature: ]
[forcedbins_filename: ]
[precise_float_parser: 0]
[parser_config_file: ]
[objective_seed: 5]
[num_class: 1]
[is_unbalance: 0]
[scale_pos_weight: 1]
[sigmoid: 1]
[boost_from_average: 1]
[reg_sqrt: 0]
[alpha: 0.9]
[fair_c: 1]
[poisson_max_delta_step: 0.7]
[tweedie_variance_power: 1.5]
[lambdarank_truncation_level: 30]
[lambdarank_norm: 1]
[label_gain: ]
[lambdarank_position_bias_regularization: 0]
[eval_at: ]
[multi_error_top_k: 1]
[auc_mu_weights: ]
[num_machines: 1]
[local_listen_port: 12400]
[time_out: 120]
[machine_list_filename: ]
[machines: ]
[gpu_platform_id: -1]
[gpu_device_id: -1]
[gpu_use_dp: 0]
[num_gpu: 1]

end of parameters

pandas_categorical:null
